model_name,audio_filename,reference_original,hypothesis_original,hypothesis_fixed,wer_before,wer_after
whisper-large-v3_beam5,test_00000.wav,не я делал карты потом я ушел делать яндекс поиск потом этот яндекс поиск стал яндекс браузером там я руководил группой,"Нет, я делал карты, потом я ушел делать Яндекс.Поиск, потом этот Яндекс.Поиск стал Яндекс.Браузером, там я руководил группой.","Нет, я делал карты, потом я ушел делать Яндекс.Поиск, потом этот Яндекс.Поиск стал Яндекс.Браузером, там я руководил группой.",0.0476,0.0476
whisper-large-v3_beam5,test_00001.wav,егор мне перед выпуском уже показывал в гости мы сегодня позвали даню пилина создателя онлайн школы по шахматам skyeng product owner а и сейчас развивает стартап по лидогенерации,"Егор мне перед выпуском уже показывал. В гости мы сегодня позвали Даню Пилина, создателя онлайн-школы по шахматам Skyeng, продакт-оунера и сейчас развивает стартап по лидогенерации.","Егор мне перед выпуском уже показывал. В гости мы сегодня позвали Даню Пилина, создателя онлайн-школы по шахматам Skyeng, продакт-оунера и сейчас развивает стартап по лидогенерации.",0.1071,0.1071
whisper-large-v3_beam5,test_00002.wav,это очень хороший вопрос вот ну вы правы потому что 500 часов на разборах падений вот я достаточно долгое время работал в aws aws очень хорошая практика именно того как мы смотрим на операции различные системы что мы делаем когда они падают что мы делаем когда они не падают что мы делаем чтобы они не падали вот идеально вообще очень хорошо когда они не падают и сейчас я занимаюсь как раз application performance мониторингом в компании datadog то есть,"Очень хороший вопрос. Вы правы по тому, что 500 часов на разборах падений. Я достаточно долгое время работал в AWS. В AWS очень хорошая практика именно того, как мы смотрим на операции различных систем. Что мы делаем, когда они падают, что мы делаем, когда они не падают, что мы делаем, чтобы они не падали. Идеально вообще. Очень хорошо, когда они не падают. И сейчас я занимаюсь как раз Application Performance Monitoring в компании Datadog.","Очень хороший вопрос. Вы правы по тому, что 500 часов на разборах падений. Я достаточно долгое время работал в AWS. В AWS очень хорошая практика именно того, как мы смотрим на операции различных систем: что мы делаем, когда они падают, что мы делаем, когда они не падают, что мы делаем, чтобы они не падали. Идеально вообще. Очень хорошо, когда они не падают. И сейчас я занимаюсь как раз Application Performance Monitoring в компании Datadog.",0.1646,0.1646
whisper-large-v3_beam5,test_00003.wav,мой любимый фокус observability мы понимаем когда системе станет плохо грубо говоря в два часа ночи ваша система упадет с отказом по памяти будьте готовы к этому пожалуйста вот это и есть observability это один ее аспект а второй аспект который для меня на самом деле самый важный обычно мы не знаем что нам нужно знать о системе в тот момент когда мы ее разрабатываем,"Мой любимый фокус обзирвабилити, мы понимаем, когда системе станет плохо. Грубо говоря, в 2 часа ночи ваша система упадет с отказом по памяти. Будьте готовы к этому, пожалуйста. Вот это и есть обзирвабилити, это один ее аспект. А второй аспект, который для меня на самом деле самый важный, обычно мы не знаем, что нам нужно знать о системе в тот момент, когда мы ее разрабатываем.","Мой любимый фокус observability, мы понимаем, когда системе станет плохо. Грубо говоря, в 2 часа ночи ваша система упадет с отказом по памяти. Будьте готовы к этому, пожалуйста. Вот это и есть observability, это один ее аспект. А второй аспект, который для меня на самом деле самый важный, обычно мы не знаем, что нам нужно знать о системе в тот момент, когда мы ее разрабатываем.",0.0462,0.0154
whisper-large-v3_beam5,test_00004.wav,потому что по айдишнику клиента уже можно было как то вот эту пачку транзакций связать из разных микросервисов,Потому что по ID-шнику клиента уже можно было как-то вот эту пачку транзакций связать из разных микросервисов.,Потому что по ID-шнику клиента уже можно было как-то вот эту пачку транзакций связать из разных микросервисов.,0.1111,0.1111
whisper-large-v3_beam5,test_00005.wav,ну и еще вопрос такой важный лицензирования openstt недоступен для построения коммерческих моделей только академических а у голоса sberdevices golos там нету никаких ограничений фактически это лицензия близкая к creative commons share alike лицензии как это формулируется и это хорошо,"Ну и еще вопрос такой важный – лицензирование. OpenSTT недоступен для построения коммерческих моделей, только академических, а у голоса, с BearDevices голос, там нет никаких ограничений, фактически это лицензия близкая к Creative Commons ShareAlike лицензии, в другом немножко формулируется, и это хорошо.","Ну и еще вопрос такой важный – лицензирование. OpenSTT недоступен для построения коммерческих моделей, только академических, а у голоса, с BearDevices, голос там нет никаких ограничений, фактически это лицензия близкая к Creative Commons ShareAlike лицензии, в другом немножко формулируется, и это хорошо.",0.25,0.25
whisper-large-v3_beam5,test_00006.wav,мой любимый фокус observability мы понимаем когда системе станет плохо грубо говоря в два часа ночи ваша система упадет с отказом по памяти будьте готовы к этому пожалуйста вот это и есть observability это один ее аспект а второй аспект который для меня на самом деле самый важный обычно мы не знаем что нам нужно знать о системе в тот момент когда мы ее разрабатываем,"Мой любимый фокус обзирвабилити, мы понимаем, когда системе станет плохо. Грубо говоря, в 2 часа ночи ваша система упадет с отказом по памяти. Будьте готовы к этому, пожалуйста. Вот это и есть обзирвабилити, это один ее аспект. А второй аспект, который для меня на самом деле самый важный, обычно мы не знаем, что нам нужно знать о системе в тот момент, когда мы ее разрабатываем.","Мой любимый фокус observability, мы понимаем, когда системе станет плохо. Грубо говоря, в 2 часа ночи ваша система упадет с отказом по памяти. Будьте готовы к этому, пожалуйста. Вот это и есть observability, это один ее аспект. А второй аспект, который для меня на самом деле самый важный, обычно мы не знаем, что нам нужно знать о системе в тот момент, когда мы ее разрабатываем.",0.0462,0.0154
whisper-large-v3_beam5,test_00007.wav,вот это первый сигнал его некомпетентности самый правильный способ если у вас там что либо заболело вообще что либо это провести диагностику и попробовать вылечить через упражнения,"Вот это первый сигнал его некомпетентности. Самый правильный способ, если у вас там что-либо заболело, вообще что-либо, это провести диагностику и попробовать вылечить через упражнения.","Вот это первый сигнал его некомпетентности. Самый правильный способ, если у вас там что-либо заболело, вообще что-либо, это провести диагностику и попробовать вылечить через упражнения.",0.0,0.0
whisper-large-v3_beam5,test_00008.wav,и вот изначально наша система координат была такова что вот эти клеточки они одинакового размера но потом выяснилось что на самом деле мы расстояние воспринимаем так что чем дальше они от нас эти горы тем расстояние на одну клеточку меньше для нас важно чем вблизи,"И вот изначально наша система координат была такова, что эти клеточки, они одинакового размера. Но потом выяснилось, что на самом деле мы расстояние воспринимаем так, что чем дальше они от нас, эти горы, тем расстояние на одну клеточку меньше для нас важно, чем вблизи.","И вот изначально наша система координат была такова, что эти клеточки, они одинакового размера. Но потом выяснилось, что на самом деле мы расстояние воспринимаем так, что чем дальше они от нас, эти горы, тем расстояние на одну клеточку меньше для нас важно, чем вблизи.",0.0222,0.0222
whisper-large-v3_beam5,test_00009.wav,они просто про разработку и про то как он решает задачи в основном там ruby python чуть чуть shell а однако те подходы которые он использует можно перевести и на свою повседневную жизнь и также на destroyallsoft com есть раздел с выступлениями гарри там есть очень полезный доклад который я всем рекомендую он называется boundaries,"Они просто про разработку и про то, как он решает задачи. В основном там Ruby, Python, чуть-чуть Shell, однако те подходы, которые он использует, можно перевести и на свою повседневную жизнь. И также на destroyallsoftware.com есть раздел с выступлениями Гарри. Там есть очень полезный доклад, который я всем рекомендую, называется Boundaries.","Они просто про разработку и про то, как он решает задачи. В основном там Ruby, Python, чуть-чуть Shell, однако те подходы, которые он использует, можно перевести и на свою повседневную жизнь. И также на destroyallsoftware.com есть раздел с выступлениями Гарри. Там есть очень полезный доклад, который я всем рекомендую, называется Boundaries.",0.0545,0.0545
whisper-large-v3_beam5,test_00010.wav,и ты такой а тебе приходится делать какие то телодвижения руками потом если у тебя этой связки нет чтобы вытащить информацию,"И ты такой, а? Тебе приходится делать какие-то телодвижения руками, потом, если у тебя этой связки нет, чтобы вытащить информацию.","И ты такой, а? Тебе приходится делать какие-то телодвижения руками, потом, если у тебя этой связки нет, чтобы вытащить информацию.",0.0,0.0
whisper-large-v3_beam5,test_00011.wav,и мне кажется абсолютно все замечали что детские крики раздражают там и ты на них обращаешь внимание намного сильнее чем какие то низкие частоты здесь кажется то что ну наверное из этого следует что высокие частоты мы слышим там и распознаем лучше чем например низкие,"И мне кажется, абсолютно все замечали, что детские крики раздражают, и ты на них обращаешь внимание намного сильнее, чем какие-то низкие частоты. Здесь кажется то, что, наверное, из-за этого следует, что высокие частоты мы слышим и распознаем лучше, чем, например, низкие.","И мне кажется, абсолютно все замечали, что детские крики раздражают, и ты на них обращаешь внимание намного сильнее, чем какие-то низкие частоты. Здесь кажется, что, наверное, из-за этого следует, что высокие частоты мы слышим и распознаем лучше, чем, например, низкие.",0.0889,0.1111
whisper-large-v3_beam5,test_00012.wav,хардкорный доклад самый человек занимается криптографией на swift е поэтому там можно ожидать многих интересных фичей технических деталей но по прежнему из за того что два дня и три треда всегда можно будет найти что посмотреть на том же русском языке если у нас будут такие гости,"хардкорный заклад. Сам человек занимается криптографией на свифте, поэтому там можно ожидать многих интересных технических деталей. Но по-прежнему из-за того, что два дня и три треда, всегда можно будет найти, что посмотреть на том же русском языке, если у нас будут такие гости.","хардкорный заклад. Сам человек занимается криптографией на Swift, поэтому там можно ожидать многих интересных технических деталей. Но по-прежнему из-за того, что два дня и три треда, всегда можно будет найти, что посмотреть на том же русском языке, если у нас будут такие гости.",0.1064,0.0851
whisper-large-v3_beam5,test_00013.wav,ну или даже больше у меня могло быть три часа нагрузки три часа бега в сутках это уже много я там действительно мог бургер съесть так что тут тоже если вы захотите потом уже профессионально еще сильнее упарываться то возможно там уже можно будет и забить на питание мне кажется,"Ну, или даже больше. У меня могло быть 3 часа нагрузки, 3 часа бега в сутках. Это уже много. Я там действительно мог бургер съесть. Так что тут тоже, если вы захотите потом уже профессионально еще сильнее упарываться, то, возможно, там уже можно будет и забить на питание, мне кажется.","Ну, или даже больше. У меня могло быть 3 часа нагрузки, 3 часа бега в сутках. Это уже много. Я там действительно мог бургер съесть. Так что тут тоже, если вы захотите потом уже профессионально еще сильнее усердствовать, то, возможно, там уже можно будет и забить на питание, мне кажется.",0.04,0.06
whisper-large-v3_beam5,test_00014.wav,что то происходит не так в очень редком количестве случаев и это вот самое неприятное то есть у тебя там в 99 случаев все работает нормально но вот при таких входных данных система там встает в ступор выполняет это в 10 раз дольше и так далее и тому подобное и ты такой хм как поймать,"что-то происходит не так в очень редком количестве случаев, и это вот самое неприятное. То есть у тебя там в 99% случаев все работает нормально, но вот при таких входных данных система там встает в ступор, выполняет это в 10 раз дольше и так далее и тому подобное. И ты такой, как поймать?","Что-то происходит не так в очень редком количестве случаев, и это вот самое неприятное. То есть у тебя там в 99% случаев все работает нормально, но вот при таких входных данных система там встает в ступор, выполняет это в 10 раз дольше и так далее и тому подобное. И ты такой, как поймать?",0.0182,0.0182
whisper-large-v3_beam5,test_00015.wav,а это подробности получается именно того как работают форматы музыкальные для соответственно звука или как ты имеешь в виду про перекодировку и почему возникают расхождения или что да да да ну то есть вот ты сказал что даже если мы возьмем там не знаю битрейт поменяем у нас уже изменится и у нас побитового сравнения не получится,"А это подробности, получается, именно того, как работают форматы музыкально для, соответственно, звука или как? Ты имеешь в виду про перекодировку и почему возникают расхождения или что? Да-да-да. То есть вот ты сказал то, что даже если мы возьмем, там, не знаю, битрейт поменяем, у нас уже изменится и у нас побитого сравнения не получится.","А это подробности, получается, именно того, как работают форматы музыкальные, для соответственно, звука или как? Ты имеешь в виду про перекодировку и почему возникают расхождения или что? Да-да-да. То есть вот ты сказал то, что даже если мы возьмем, там, не знаю, битрейт поменяем, у нас уже изменится и у нас побитового сравнения не получится.",0.0702,0.0351
whisper-large-v3_beam5,test_00016.wav,то в силу того что люди не способны особенно непрофессионалы в точности напевать мелодии соблюдая высоты тайминги между нотами а именно на это я думаю будет обращать внимание алгоритм пытаясь вот построить это преобразование то здесь мы неизбежно будем сталкиваться с тем что какой то диапазон различимых мелодий будет не очень большой,"то в силу того, что люди не способны, особенно не профессионалы, в точности напевать мелодии, соблюдая высоты, тайминги между нотами, а именно на это, я думаю, будет обращать внимание алгоритм, пытаясь построить это преобразование, то здесь мы неизбежно будем сталкиваться с тем, что какой-то диапазон различимых мелодий будет не очень большой.","то в силу того, что люди не способны, особенно не профессионалы, в точности напевать мелодии, соблюдая высоты, тайминги между нотами, а именно на это, я думаю, будет обращать внимание алгоритм, пытаясь построить это преобразование, то здесь мы неизбежно будем сталкиваться с тем, что какой-то диапазон различимых мелодий будет не очень большой.",0.0577,0.0577
whisper-large-v3_beam5,test_00017.wav,и между ними может быть какое то количество дискретных столбиков где каждый столбик это своя частота это если совсем упрощать ну ты что то типа эквалайзера рассказал да да да по сути обычный эквалайзер,"И между ними может быть какое-то количество дискретных столбиков, где каждый столбик — это своя частота. Это если совсем упрощать. Ну, ты что-то типа эквалайзера рассказал? Да-да-да, по сути, обычный эквалайзер.","И между ними может быть какое-то количество дискретных столбиков, где каждый столбик — это своя частота. Это если совсем упрощать. Ну, ты что-то типа эквалайзера рассказал? Да-да-да, по сути, обычный эквалайзер.",0.0,0.0
whisper-large-v3_beam5,test_00018.wav,вот пришел запрос мы для него нашли пул кандидатов треков кандидатов и на самом деле из этого пула кандидатов правильный ответ если он даже есть там один или там несколько если там есть дубликаты этого трека в базе а все остальное это вообще говоря другие треки но мы можем посчитать какая похожесть,"Вот пришел запрос. Мы для него нашли пул кандидатов, треков кандидатов. И на самом деле из этого пула кандидатов правильный ответ, если он даже есть один или несколько, если там есть дубликаты этого трека в базе. А все остальное это вообще говорят другие треки. Но мы можем посчитать, какая похожесть...","Вот пришел запрос. Мы для него нашли пул кандидатов, треков кандидатов. И на самом деле из этого пула кандидатов правильный ответ, если он есть один или несколько, если там есть дубликаты этого трека в базе. А все остальное это вообще другие треки. Но мы можем посчитать, какая похожесть...",0.0577,0.0769
whisper-large-v3_beam5,test_00019.wav,выводы о том какой следующий шаг надо сделать alphazero как раз вот если говорить о stockfish движке это появилось года четыре пять лет назад и по моему там история такая что за сутки она обучилась через сутки смогла обыгрывать уже гроссмейстеров,"выводы о том, какой следующий шаг надо сделать. AlphaZero как раз, вот если говорить про стокфиш в движке, это появилось куда 4-5 лет назад. И, по-моему, там история такая, что за сутки она обучилась, через сутки смогла обыгрывать уже гроссмейстеров.","Выводы о том, какой следующий шаг надо сделать. AlphaZero как раз, вот если говорить про Stockfish в движке, это появилось куда 4-5 лет назад. И, по-моему, там история такая, что за сутки она обучилась, через сутки смогла обыгрывать уже гроссмейстеров.",0.1463,0.122
whisper-large-v3_beam5,test_00020.wav,то есть мы в каждый момент времени знаем про звук еще какое то такое распределение частот и связано это с тем что наше ухо на самом деле примерно так же и воспринимает звук то есть мы не просто амплитуду понимаем что вот где то там громче где то тише а наше ухо еще понимает что вот этот звук выше этот ниже этот голос более высокий этот голос низкий,"То есть мы в каждый момент времени знаем про звук еще и какое-то такое распределение частот. И связано это с тем, что наше ухо на самом деле примерно так же и воспринимает звук. То есть мы не просто амплитуду понимаем, что вот где-то там громче, где-то тише, а наше ухо еще понимает, что вот этот звук выше, этот ниже, этот голос более высокий, этот голос низкий.","То есть мы в каждый момент времени знаем про звук еще и какое-то такое распределение частот. И связано это с тем, что наше ухо на самом деле примерно так же и воспринимает звук. То есть мы не просто амплитуду понимаем, что вот где-то там громче, где-то тише, а наше ухо еще понимает, что вот этот звук выше, этот ниже, этот голос более высокий, этот голос низкий.",0.0147,0.0147
whisper-large-v3_beam5,test_00021.wav,я точно знаю у нас сейчас есть клиенты которые даже там на warning statement ы в наших логах реагируют такие о вы начали тут warning писать а у нас наши системы реагируют на то что warning и которые мы не знаем появляются в логах нам это мешает можете убрать,"Я точно знаю, у нас есть клиенты, которые даже на warning-стейтменты в наших логах реагируют такие, оу, вы начали этот warning писать, а у нас наша система реагирует на то, что warning, которые мы не знаем, появляются в логах. Нам это мешает, можете убрать.","Я точно знаю, у нас есть клиенты, которые даже на warning-statements в наших логах реагируют такие: оу, вы начали этот warning писать, а у нас наша система реагирует на то, что warning, которые мы не знаем, появляются в логах. Нам это мешает, можете убрать.",0.2041,0.2041
whisper-large-v3_beam5,test_00022.wav,когда у тебя система либо становится распределенной либо асинхронной внутри что по большому счету для целей нашего разговора практически одно и то же у тебя вот эта последовательность выполнения она теряется то есть грубо говоря тебе пришел какой то запрос ты можешь его положить в очередь для клиента и потом что то сделать,"Когда у тебя система либо становится распределенной, либо асинхронной внутри, что по большому счету для целей нашего разговора практически одно и то же, у тебя вот эта последовательность выполнения, она теряется. То есть, грубо говоря, тебе пришел какой-то запрос, ты можешь его положить в очередь для клиента и потом что-то сделать.","Когда у тебя система либо становится распределенной, либо асинхронной внутри, что по большому счету для целей нашего разговора практически одно и то же, у тебя вот эта последовательность выполнения она теряется. То есть, грубо говоря, тебе пришел какой-то запрос, ты можешь его положить в очередь для клиента и потом что-то сделать.",0.0,0.0
whisper-large-v3_beam5,test_00023.wav,то в силу того что люди не способны особенно непрофессионалы в точности напевать мелодии соблюдая высоты тайминги между нотами а именно на это я думаю будет обращать внимание алгоритм пытаясь вот построить это преобразование то здесь мы неизбежно будем сталкиваться с тем что какой то диапазон различимых мелодий будет не очень большой,"то в силу того, что люди не способны, особенно не профессионалы, в точности напевать мелодии, соблюдая высоты, тайминги между нотами, а именно на это, я думаю, будет обращать внимание алгоритм, пытаясь построить это преобразование, то здесь мы неизбежно будем сталкиваться с тем, что какой-то диапазон различимых мелодий будет не очень большой.","то в силу того, что люди не способны, особенно не профессионалы, в точности напевать мелодии, соблюдая высоты, тайминги между нотами, а именно на это, я думаю, будет обращать внимание алгоритм, пытаясь построить это преобразование, то здесь мы неизбежно будем сталкиваться с тем, что какой-то диапазон различимых мелодий будет не очень большой.",0.0577,0.0577
whisper-large-v3_beam5,test_00024.wav,то как бы но зачем здесь смотреть в логи прошлой версии системы там все равно же все не так работает это уже все старье надо новое смотреть вот я бы как раз тут не согласился мне скорее всего понадобятся логи предыдущего состояния системы если что то вдруг выкатили и оно стало работать не так как мы ожидали,"то зачем мне смотреть влоги прошлой версии системы? Там все равно уже все не так работает. Это уже все старье, надо новое смотреть. Вот я как раз тут не согласился. Мне скорее всего понадобятся влоги предыдущего состояния системы, если что-то вдруг выкатили, и оно стало работать не так, как мы ожидали.","то зачем мне смотреть влоги прошлой версии системы? Там все равно уже все не так работает. Это уже все старье, надо новое смотреть. Вот я как раз тут не согласился. Мне скорее всего понадобятся влоги предыдущего состояния системы, если что-то вдруг выкатили, и оно стало работать не так, как мы ожидали.",0.1579,0.1579
whisper-large-v3_beam5,test_00025.wav,и поэтому использовать их в повседневности не получается мы вынуждены поступать зачастую интуитивно,И поэтому использовать их в повседневности не получается. Мы вынуждены поступать зачастую интуитивно.,И поэтому использовать их в повседневности не получается. Мы вынуждены поступать зачастую интуитивно.,0.0,0.0
whisper-large-v3_beam5,test_00026.wav,что если зуб в результате развития кариеса разрушен до 40 то его возможно восстановить пломбой то есть композитным материалом реставрацией ну это пластмасса по существу,"что если зуб в результате развития кариеса разрушен до 40%, то его возможно восстановить пломбой, то есть композитным материалом реставрации. Это пластмасса по существу.","что если зуб в результате развития кариеса разрушен до 40%, то его возможно восстановить пломбой, то есть композитным материалом реставрации. Это пластмасса по существу.",0.08,0.08
whisper-large-v3_beam5,test_00027.wav,на примере может быть для тех кто ни разу с этим не сталкивался а я там не знаю как мобильный разработчик например последние сколько то лет сижу и думаю ну у меня логи там ну куда нибудь в centric могут отправиться обычно я вижу что у меня в какой нибудь google play прилетели краши и я просто по названию exception а захожу туда где мне нужно найти логи ctrl c ctrl v найти нахожу конкретные логи все типа конец больше мне делать ничего не нужно,"На примере, может быть, для тех, кто с этим ни разу не сталкивался, а я там, не знаю, как мобильный разработчик, например, последние сколько-то лет, сижу и думаю, ну, у меня логи там, ну, куда-нибудь в центре могут отправиться. Обычно я вижу, что мне в какой-нибудь Google Play прилетели кроши, я просто по названию эксепшена захожу туда, где мне нужно найти логи, Ctrl-C, Ctrl-V, найти, нахожу конкретные логи, все, типа, конец, больше мне делать ничего не нужно.","На примере, может быть, для тех, кто с этим ни разу не сталкивался, а я там, не знаю, как мобильный разработчик, например, последние сколько-то лет, сижу и думаю, ну, у меня логи там, ну, куда-нибудь в центр могут отправиться. Обычно я вижу, что мне в какой-нибудь Google Play прилетели краши, я просто по названию эксепшена захожу туда, где мне нужно найти логи, Ctrl+C, Ctrl+V, найти, нахожу конкретные логи, все, типа, конец, больше мне делать ничего не нужно.",0.1294,0.1176
whisper-large-v3_beam5,test_00028.wav,максимально ухудшить идеальную систему вводя туда какие то элементы или условия чтобы итоговая результат должен быть такой мы должны в 22 раза замедлить нашу разработку,"максимально ухудшить идеальную систему, вводя туда какие-то элементы или условия, чтобы итоговый результат должен быть такой. Мы должны в 22 раза замедлить нашу разработку.","Максимально ухудшить идеальную систему, вводя туда какие-то элементы или условия, чтобы итоговый результат должен быть такой. Мы должны в 22 раза замедлить нашу разработку.",0.04,0.04
whisper-large-v3_beam5,test_00029.wav,и вот такая архитектура долгое время доминировала ее пытались модифицировать в двухтысячных годах произошел определенный прорыв в области обучения глубоких нейронных сетей с легкой руки джеффри хинтона и его ученика рустама салахутдинова и стали активно использовать вместо скрытых марковских моделей на акустико фонетическом уровне многослойные нейронные сети либо многослойные персептроны либо сверточные нейронные сети,"И вот такая архитектура долгое время доминировала. Ее пытались модифицировать. В 2000-х годах произошел определенный прорыв в области обучения глубоких нейронных сетей с легкой руки Джеффри Хинтона и его ученика Рустама Салахуддинова. И стали активно использовать вместо скрытых марковских моделей на акустико-фантастическом уровне многослойные нейронные сети, либо многослойные персептроны, либо сверточные нейронные сети.","И вот такая архитектура долгое время доминировала. Ее пытались модифицировать. В 2000-х годах произошел определенный прорыв в области обучения глубоких нейронных сетей с легкой руки Джеффри Хинтона и его ученика Рустама Салахуддинова. И стали активно использовать вместо скрытых марковских моделей на акустическом уровне многослойные нейронные сети, либо многослойные персептроны, либо сверточные нейронные сети.",0.0741,0.0926
whisper-large-v3_beam5,test_00030.wav,убрали весь формализм всю регулярность а это essence мы до этого обсуждали что такое one on one и эти три признака выбыли как характеризующие мы убираем регулярность мы убираем формализм ну вы можете в произвольной форме пообщаться все и это больше не one on one вы просто пообщались,"Убрали весь формализм, всю регулярность. А это essence. Мы до этого обсуждали, что такое one-on-one. Эти три признака выбрали как характеризующие. Мы убираем регулярность, мы убираем формализм. Ну, вы можете в произвольной форме пообщаться. Все. И это больше не one-on-one. Вы просто пообщались.","Убрали весь формализм, всю регулярность. А это essence. Мы до этого обсуждали, что такое one-on-one. Эти три признака выбрали как характеризующие. Мы убираем регулярность, мы убираем формализм. Ну, вы можете в произвольной форме пообщаться. Всё. И это больше не one-on-one. Вы просто пообщались.",0.0417,0.0625
whisper-large-v3_beam5,test_00031.wav,но не все индустрии в одинаковом состоянии они прошли немножко разный путь у меня такой вопрос перед тем как мы начнем набрасывать и в общем закапывать одну индустрию за другой выявлять дисфункции и так далее у меня есть предложение как то договориться на тему того а что мы называем качественным менеджментом как понять что один менеджмент качественный а другой нет,"Но не все индустрии в одинаковом состоянии. Они прошли немножко разный путь. У меня такой вопрос. Перед тем, как мы начнем набрасывать и, в общем, закапывать одну индустрию за другой, выявлять дисфункции и так далее, у меня есть предложение как-то договориться на тему того, а что мы называем качественным менеджментом? Как понять, что один менеджмент качественный, а другой нет?","Но не все индустрии в одинаковом состоянии. Они прошли немножко разный путь. У меня такой вопрос. Перед тем, как мы начнем набрасывать и, в общем, закапывать одну индустрию за другой, выявлять дисфункции и так далее, у меня есть предложение как-то договориться на тему того, а что мы называем качественным менеджментом? Как понять, что один менеджмент качественный, а другой нет?",0.0,0.0
whisper-large-v3_beam5,test_00032.wav,и получаем очень много вот таких широты знаний и мне кажется что все остальные причины которые тут можно привести они уже вытекают отсюда ну во первых когда мы смотрим на языки программирования мы всегда видим что они очень тесно между собой связаны,"и получаем очень много вот таких широты знаний. И мне кажется, что все остальные причины, которые тут можно привести, они уже вытекают отсюда. Во-первых, когда мы смотрим на языки программирования, мы всегда видим, что они очень тесно между собой связаны.","и получаем очень много вот таких широты знаний. И мне кажется, что все остальные причины, которые тут можно привести, они уже вытекают отсюда. Во-первых, когда мы смотрим на языки программирования, мы всегда видим, что они очень тесно между собой связаны.",0.0238,0.0238
whisper-large-v3_beam5,test_00033.wav,он как раз говорил примерно следующее к сожалению мы не все можем измерить но проблема в том что мы вынуждены управлять тем чего измерить не можем,"Он как раз говорил примерно следующее. К сожалению, мы не все можем измерить, но проблема в том, что мы вынуждены управлять тем, чего измерить не можем.","Он как раз говорил примерно следующее. К сожалению, мы не все можем измерить, но проблема в том, что мы вынуждены управлять тем, чего измерить не можем.",0.0,0.0
whisper-large-v3_beam5,test_00034.wav,а можно задать тебе вопрос да конечно что тебе нравится больше чем спать спокойно по ночам зная что твой сон охраняет observability нашего биллинга podlodka crew построенное на телеграме,"Можно задать тебе вопрос? Да, конечно. Что тебе нравится больше, чем спать спокойно по ночам, зная, что твой сон охраняет observability нашего биллинга под лодкой Crew, построенная на Телеграме?","Можно задать тебе вопрос? Да, конечно. Что тебе нравится больше, чем спать спокойно по ночам, зная, что твой сон охраняет observability нашего биллинга под лодкой Crew, построенной на Телеграме?",0.1379,0.1379
whisper-large-v3_beam5,test_00035.wav,максимально ухудшить идеальную систему вводя туда какие то элементы или условия чтобы итоговая результат должен быть такой мы должны в 22 раза замедлить нашу разработку,"максимально ухудшить идеальную систему, вводя туда какие-то элементы или условия, чтобы итоговый результат должен быть такой. Мы должны в 22 раза замедлить нашу разработку.","Максимально ухудшить идеальную систему, вводя туда какие-то элементы или условия, чтобы итоговый результат должен быть такой. Мы должны в 22 раза замедлить нашу разработку.",0.04,0.04
whisper-large-v3_beam5,test_00036.wav,большой объем знаний который дается в интересной форме и из за этого метода преподношения он воспринимается лучше,"Большой объем знаний, который дается в интересной форме, и из-за этого метода преподношения он воспринимается лучше.","Большой объем знаний, который дается в интересной форме, и из-за этого метода преподношения он воспринимается лучше.",0.0,0.0
whisper-large-v3_beam5,test_00037.wav,ты не можешь сразу как это на большом чане ну просто дорого будет делать сразу на большом чане культивацию большого количества клеток,"Ты не можешь сразу как-то на большом чане, просто дорого будет делать сразу на большом чане культивацию большого количества клеток.","Ты не можешь сразу как-то на большом чане, просто дорого будет делать сразу на большом чане культивацию большого количества клеток.",0.0909,0.0909
whisper-large-v3_beam5,test_00038.wav,а если эти зубы в зоне улыбки то сразу ставят коронку в один день сразу это занимает ну обычно час спланированная манипуляция занимает обычно час,"А если эти зубы в зоне улыбки, то сразу ставят коронку. В один день. Сразу. Это занимает, ну, обычно час. Спланированная манипуляция занимает обычный час.","А если эти зубы в зоне улыбки, то сразу ставят коронку. В один день. Сразу. Это занимает, ну, обычно час. Спланированная манипуляция занимает обычный час.",0.04,0.04
whisper-large-v3_beam5,test_00039.wav,всем привет друзья с вами подкаст подлодка меня зовут женя кателла со мной сегодня стас цыганов стас привет,"Всем привет, друзья! С вами подкаст «Подлодка». Меня зовут Женя Котелло. Со мной сегодня Стас Цыганов. Стас, привет!","Всем привет, друзья! С вами подкаст «Подлодка». Меня зовут Женя Котелло. Со мной сегодня Стас Цыганов. Стас, привет!",0.0556,0.0556
whisper-large-v3_beam5,test_00040.wav,то есть вот нужно доверять учителю с опытом и тут вот это самое главное не мешать ему работать то есть да вот рекомендация вы решите что кого вы будете рекомендовать и потом уже на этот вопрос отвечайте,"Нужно доверять учителю с опытом. И тут вот это самое главное. Не мешать ему работать. Рекомендация. Вы решите, кого вы будете рекомендовать. И потом уже на этот вопрос отвечайте.","Нужно доверять учителю с опытом. И тут вот это самое главное. Не мешать ему работать. Рекомендация. Вы решите, кого вы будете рекомендовать, и потом уже на этот вопрос отвечайте.",0.2162,0.2162
whisper-large-v3_beam5,test_00041.wav,это волчанка да но давайте вот про это я не буду сегодня я готов больше про раковые клетки просто потому что про них лучше изучал да я не думаю что есть принципиальное отличие в производстве,"Это волчанка, да, но давайте вот про это я не буду. Сегодня готов больше про раковые клетки, просто потому что про них лучше изучал. Да. Я не думаю, что есть принципиальное отличие в производстве.","Это волчанка, да, но давайте вот про это я не буду. Сегодня готов больше про раковые клетки, просто потому что про них лучше изучал. Да. Я не думаю, что есть принципиальное отличие в производстве.",0.0286,0.0286
whisper-large-v3_beam5,test_00042.wav,и поэтому использовать их в повседневности не получается мы вынуждены поступать зачастую интуитивно,И поэтому использовать их в повседневности не получается. Мы вынуждены поступать зачастую интуитивно.,И поэтому использовать их в повседневности не получается. Мы вынуждены поступать зачастую интуитивно.,0.0,0.0
whisper-large-v3_beam5,test_00043.wav,ну просто чтобы какое то разумное его количество чтобы можно было его не искать и для скорости да просто это нужно делать там за какие то не знаю сотни миллисекунд ну там за секунды то есть сам поиск работает достаточно быстро и если мы будет вальяжно с каждым треком сравнивать это это просто неподъемно даже на каком то кластере поисковом это невозможно так,"Ну, просто чтобы какое-то разумное её было количество, что можно было в ней искать. И для скорости, да. Просто это нужно делать за какие-то сотни миллисекунд, до секунды. То есть сам поиск работает достаточно быстро, и если мы будем вальяжно с каждым треком сравнивать, это просто неподъёмно даже на каком-то кластере поисковом. Это невозможно так.","Ну, просто чтобы какое-то разумное её было количество, что можно было в ней искать. И для скорости, да. Просто это нужно делать за какие-то сотни миллисекунд, до секунды. То есть сам поиск работает достаточно быстро, и если мы будем вальяжно с каждым треком сравнивать, это просто неподъемно даже на каком-то кластере поисковом. Это невозможно так.",0.2222,0.2063
whisper-large-v3_beam5,test_00044.wav,и мне кажется абсолютно все замечали что детские крики раздражают там и ты на них обращаешь внимание намного сильнее чем какие то низкие частоты здесь кажется то что ну наверное из этого следует что высокие частоты мы слышим там и распознаем лучше чем например низкие,"И мне кажется, абсолютно все замечали, что детские крики раздражают, и ты на них обращаешь внимание намного сильнее, чем какие-то низкие частоты. Здесь кажется то, что, наверное, из-за этого следует, что высокие частоты мы слышим и распознаем лучше, чем, например, низкие.","И мне кажется, абсолютно все замечали, что детские крики раздражают, и ты на них обращаешь внимание намного сильнее, чем какие-то низкие частоты. Здесь кажется, что, наверное, из-за этого следует, что высокие частоты мы слышим и распознаем лучше, чем, например, низкие.",0.0889,0.1111
whisper-large-v3_beam5,test_00045.wav,и вводить его нужно на сайте podlodka io gocrew вот и позвали поговорить про observability мы михаила дружинина михаил engineering manager в компании datadog управляет разработкой всех клиентских библиотек на восьми языках разработки для application performance мониторинга и distributed трейсинга,"И вводить его нужно на сайте podlodka.io.ru. И позвали поговорить про Observability мы, Михаила Дружинина. Михаил инженеринг-менеджер в компании Datadog. Управляет разработкой всех клиентских библиотек на 8 языках разработки для Application Performance Monitoring и Distributed Tracing.","И вводить его нужно на сайте podlodka.io.ru. И позвали поговорить про Observability мы, Михаил Дружинин. Михаил — инженеринг-менеджер в компании Datadog. Управляет разработкой всех клиентских библиотек на 8 языках разработки для Application Performance Monitoring и Distributed Tracing.",0.175,0.225
whisper-large-v3_beam5,test_00046.wav,где важны будут классы насколько я вообще java понимаю там ты без классов никуда не двинешься и там ну как бы хочешь не хочешь у тебя будут классы это первое а второе я считаю что если этого требует архитектура то пусть это будет класс например это фабрика или какой то билдер,"где должны быть классы. Насколько я вообще Java понимаю, там ты без классов никуда не двинешься. И там, ну, как бы хочешь не хочешь, у тебя будут классы. Это первое. Второе, я считаю, что если этого требует архитектура, то пусть это будет класс. Например, это фабрика или какой-то билдер.","Где должны быть классы? Насколько я вообще Java понимаю, там ты без классов никуда не двинешься. И там, ну, как бы хочешь не хочешь, у тебя будут классы. Это первое. Второе, я считаю, что если этого требует архитектура, то пусть это будет класс. Например, это фабрика или какой-то билдер.",0.0588,0.0588
whisper-large-v3_beam5,test_00047.wav,установка куплена для врача а врач поймет врач поймет что он ездит на мерседесе и приезжает на работу как бы все хорошо вот это все мелочи но они формируют поэтому питать иллюзию о том что будет очень крутой врач в очень дешевом месте ну как бы очень маловероятно и я когда был молодым специалистом меня сильно возмущала цена имплантации в америке прям сильно возмущала блин то же самое в четыре раза дороже не может быть,"Установка куплена для врача. А врач поймет. Врач поймет, что он ездит на Мерседесе и приезжает на работу. Как бы все хорошо. Это все мелочи, но они формируют. Поэтому питать иллюзию о том, что будет очень крутой врач в очень дешевом месте, ну, как бы очень маловероятно. И я когда был молодым специалистом, меня сильно возмущала цена имплантации в Америке. Прям сильно возмущала. Я думаю, блин, то же самое в 4 раза дороже не может быть.","Установка куплена для врача. А врач поймет. Врач поймет, что он ездит на Мерседесе и приезжает на работу. Как бы все хорошо. Это все мелочи, но они формируют. Поэтому питать иллюзию о том, что будет очень крутой врач в очень дешевом месте, ну, как бы очень маловероятно. И я когда был молодым специалистом, меня сильно возмущала цена имплантации в Америке. Прям сильно возмущала. Я думаю, блин, то же самое в 4 раза дороже не может быть.",0.0533,0.0533
whisper-large-v3_beam5,test_00048.wav,и он еще мелкий был то есть я быстрее смогу и он талантливый на самом деле я тебе так скажу там ключевое будет играть это талант там не то что ты возьмешь выучишь подготовишься там уже играет составляющая таланта именно что ты действительно обыгрываешь уже да я бы все таки тут предложил бы немножко эту идею закопать почему потому что у меня опять же нет статы но насколько помню там есть какая то корреляция да достаточно сильная между условно возрастом и рейтингом,"И он еще мелкий был, то есть я быстрее смогу. И он талантливый. На самом деле, я тебе так скажу, там ключевой будет играть этот талант. Там не то, что ты возьмешь, выучишь, подготовишься, там уже играет составляющая таланта именно, что ты действительно обыгрываешь уже, да. Я бы все-таки тут предложил бы немножко эту идею закопать. Почему? Потому что у меня, опять же, нет статы, но, насколько помню, там есть какая-то корреляция достаточно сильная между, условно, возрастом и рейтингом.","И он еще мелкий был, то есть я быстрее смогу. И он талантливый. На самом деле, я тебе так скажу, там ключевой будет играть этот талант. Там не то, что ты возьмешь, выучишь, подготовишься, там уже играет составляющая таланта, именно что ты действительно обыгрываешь, да. Я бы все-таки тут предложил бы немножко эту идею закопать. Почему? Потому что у меня, опять же, нет статистики, но насколько помню, там есть какая-то корреляция достаточно сильная между, условно, возрастом и рейтингом.",0.0366,0.061
whisper-large-v3_beam5,test_00049.wav,практически не знаю насколько булшитно это прозвучит скорее бизнесово ориентированный пайплайн который сырые технические данные превращает в информацию для принятия решений каких то там оперативных здесь и сейчас возможно или там в будушем да технический бизнесовый инструмент который позволяет тебе управлять своей системой и позволяет тебе понимать а что же происходит внутри нее,"практически, не знаю, насколько это булшитно прозвучит, скорее бизнесово ориентированный pipeline, который сырые технические данные превращает в информацию для принятия решений каких-то там оперативных здесь сейчас, возможно, или там в будущем. Да, технический бизнесовый инструмент, который позволяет тебе управлять своей системой и позволяет тебе понимать, а что же происходит внутри нее.","практически, не знаю, насколько это bullshit прозвучит, скорее бизнесово ориентированный pipeline, который сырые технические данные превращает в информацию для принятия решений каких-то там оперативных здесь сейчас, возможно, или там в будущем. Да, технический бизнесовый инструмент, который позволяет тебе управлять своей системой и позволяет тебе понимать, а что же происходит внутри нее.",0.0943,0.0943
whisper-large-v3_beam5,test_00050.wav,построить запросы как раз вот между многими хостами одновременно и по большому счету на этом все и останавливается то есть люди такие окей у нас логи в централизованном хранилище у нас данные где то в центральном месте,"построить запросы как раз между многими хостами одновременно. И, по большому счету, на этом все и останавливается. То есть вы такие, окей, у нас логи в централизованном хранилище, у нас данные где-то в центральном месте.","построить запросы как раз между многими хостами одновременно. И, по большому счету, на этом все и останавливается. То есть вы такие: окей, у нас логи в централизованном хранилище, у нас данные где-то в центральном месте.",0.0541,0.0541
whisper-large-v3_beam5,test_00051.wav,да это отсутствие долго живущих бранчей другими словами отсутствие какого то кода но код сам по себе даже если он не проинтегрирован это ведь не такая уж и проблема казалось бы ну да ну фича неможко пылится на полке ну чуть позже ее там юзер получит ну все так,"Да, это отсутствие долгоживущей бранчи. Другими словами, отсутствие какого-то кода. Но код сам по себе, даже если он не проинтегрирован, это ведь не такая уж и проблема, казалось бы. Ну да, но фича немножко пылится на полке, но чуть позже ее там юзер получит. Вот все так.","Да, это отсутствие долгоживущей бранчи. Другими словами, отсутствие какого-то кода. Но код сам по себе, даже если он не проинтегрирован, это ведь не такая уж и проблема, казалось бы. Ну да, но фича немножко пылится на полке, но чуть позже ее там юзер получит. Вот все так.",0.1429,0.1429
whisper-large-v3_beam5,test_00052.wav,то есть мы в каждый момент времени знаем про звук еще какое то такое распределение частот и связано это с тем что наше ухо на самом деле примерно так же и воспринимает звук то есть мы не просто амплитуду понимаем что вот где то там громче где то тише а наше ухо еще понимает что вот этот звук выше этот ниже этот голос более высокий этот голос низкий,"То есть мы в каждый момент времени знаем про звук еще и какое-то такое распределение частот. И связано это с тем, что наше ухо на самом деле примерно так же и воспринимает звук. То есть мы не просто амплитуду понимаем, что вот где-то там громче, где-то тише, а наше ухо еще понимает, что вот этот звук выше, этот ниже, этот голос более высокий, этот голос низкий.","То есть мы в каждый момент времени знаем про звук еще и какое-то такое распределение частот. И связано это с тем, что наше ухо на самом деле примерно так же и воспринимает звук. То есть мы не просто амплитуду понимаем, что вот где-то там громче, где-то тише, а наше ухо еще понимает, что вот этот звук выше, этот ниже, этот голос более высокий, этот голос низкий.",0.0147,0.0147
whisper-large-v3_beam5,test_00053.wav,краеугольным камнем любых алгоритмов машинного обучения является прежде всего обобщающая способность когда мы обучаем некоторую модель у нас есть обучающая выборка у нас есть функция ошибки и наша задача сводится в общем то к оптимизационной задаче мы минимизируем функцию ошибки по параметрам нашей модели на обучающей выборке но на самом деле хотим то мы не этого мы не обучающую ошибку хотим минимизировать,"Краеугольным камнем любых алгоритмов машинного обучения является, прежде всего, обобщающая способность. Когда мы обучаем некоторую модель, у нас есть обучающая выборка, у нас есть функция ошибки, и наша задача сводится к оптимизационной задаче. Мы минимизируем функцию ошибки по параметрам нашей модели на обучающей выборке. Но на самом деле хотим-то мы не этого. Мы не обучающую ошибку хотим минимизировать.","Краеугольным камнем любых алгоритмов машинного обучения является, прежде всего, обобщающая способность. Когда мы обучаем некоторую модель, у нас есть обучающая выборка, у нас есть функция ошибки, и наша задача сводится к оптимизационной задаче. Мы минимизируем функцию ошибки по параметрам нашей модели на обучающей выборке. Но на самом деле хотим-то мы не этого. Мы не обучающую ошибку хотим минимизировать.",0.0484,0.0484
whisper-large-v3_beam5,test_00054.wav,ничего страшного не произойдет я так понимаю мы наверное скорее всего один только совет дадим ставим opcode и в общем смотрим что opcode указал серым удаляем это все,"ничего страшного не произойдет. Я так понимаю, мы, наверное, скорее всего, один только совет дадим, ставим обкод и, в общем, смотрим, что обкод указал серым, удаляем это все.","Ничего страшного не произойдет. Я так понимаю, мы, наверное, скорее всего, один только совет дадим, ставим обкод и, в общем, смотрим, что обкод указал серым, удаляем это все.",0.0714,0.0714
whisper-large-v3_beam5,test_00055.wav,если твоя ситуация зашла в проблемную область или в тупик это автоматически означает что твоих интеллектуальных усилий недостаточно для того чтобы она туда не зашла сейчас попытаюсь другую аналогию привести есть такая фраза в программировании отладка программы требует в два раза или в три раза больше интеллектуальных усилий чем написание кода поэтому если код ты написал на максимуме своих интеллектуальных возможностей отладить эту программу ты уже не сможешь,"Если твоя ситуация зашла в проблемную область или в тупик, это автоматически означает, что твоих интеллектуальных усилий недостаточно для того, чтобы она туда не зашла. Сейчас попытаюсь другую аналогию привести. Есть такая фраза в программировании. Отладка программы требует в два раза или в три раза больше интеллектуальных усилий, чем написание кода. Поэтому если код ты написал на максимуме своих интеллектуальных возможностей, отладить эту программу ты уже не сможешь.","Если твоя ситуация зашла в проблемную область или в тупик, это автоматически означает, что твоих интеллектуальных усилий недостаточно для того, чтобы она туда не зашла. Сейчас попытаюсь другую аналогию привести. Есть такая фраза в программировании: отладка программы требует в два раза или в три раза больше интеллектуальных усилий, чем написание кода. Поэтому если код ты написал на максимуме своих интеллектуальных возможностей, отладить эту программу ты уже не сможешь.",0.0,0.0
whisper-large-v3_beam5,test_00056.wav,но этому было посвящено первые 10 минут поэтому я сразу подумал а что будет еще 50 и идея всего доклада что человек или спикер рассказывает про разные кейсы какой паттерн можно было бы юзать для каждого и почему нет то есть там будет целая табличка с тем какие профиты и какие минусы для каждого кейса я помню был прекрасный доклад на медиуме для ну не то что новичков а даже для средних разработчиков где человек быстро прошелся по всем архитектурам,"Но этому было посвящено первых 10 минут, поэтому я сразу подумал, а что будет еще 50? И идея всего доклада, что человек или спикер рассказывает про разные кейсы, какой паттерн можно было бы юзать для каждого и почему нет. То есть там будут целые таблички с тем, что какие профиты, какие минусы для каждого кейса. Я помню, был прекрасный доклад на Medium для, ну не то что новичков, даже для средних разработчиков, где человек просто быстро прошелся по всем архитектурам.","Но этому было посвящено первых 10 минут, поэтому я сразу подумал, а что будет еще 50? И идея всего доклада, что человек или спикер рассказывает про разные кейсы, какой паттерн можно было бы юзать для каждого и почему нет. То есть там будут целые таблички с тем, что какие профиты, какие минусы для каждого кейса. Я помню, был прекрасный доклад на Medium для, ну не то что новичков, даже для средних разработчиков, где человек просто быстро прошелся по всем архитектурам.",0.1125,0.1125
whisper-large-v3_beam5,test_00057.wav,смотри во первых мы когда отбирали датасет для обучения мы валидировали что вот здесь скорее всего плохое совпадение это надо выкинуть и брали то где мы были уверены что совпадение есть,"Смотри, во-первых, мы когда отбирали датасет для обучения, мы валидировали, что вот здесь, скорее всего, плохое совпадение, это надо выкинуть, и брали то, где мы были уверены, что совпадение есть.","Смотри, во-первых, мы когда отбирали датасет для обучения, мы валидировали, что вот здесь, скорее всего, плохое совпадение, это надо выкинуть, и брали то, где мы были уверены, что совпадение есть.",0.0,0.0
whisper-large-v3_beam5,test_00058.wav,но егор конечно прав что при обучении студентов нехватка проблем в их жизни которые бы нужно было решать с помощью языков программирования она безусловно сказывается это всегда так это вот когда например какие нибудь haskell евские монады начинают объяснять javascript ерам а там на хабре миллион статей на эту тему мы на самом деле сталкиваемся ровно с тем же,"Но Егор, конечно, прав, что при обучении студентов нехватка проблем в их жизни, которые бы нужно было решать с помощью языков программирования, она, безусловно, сказывается. Это всегда так. Это вот когда, например, какие-нибудь хаскелевские монады начинают объяснять джаваскриптерам, а там на хабре миллион статей на эту тему, мы на самом деле сталкиваемся ровно с тем же.","Но Егор, конечно, прав, что при обучении студентов нехватка проблем в их жизни, которые бы нужно было решать с помощью языков программирования, она, безусловно, сказывается. Это всегда так. Это вот когда, например, какие-нибудь Haskell-овские монады начинают объяснять JavaScript-разработчикам, а там на Хабре миллион статей на эту тему, мы на самом деле сталкиваемся ровно с тем же.",0.0678,0.0339
whisper-large-v3_beam5,test_00059.wav,они были очень продвинутые в плане управленческих компетенций там были лучшие из лучших мировые менеджеры у них были все возможные метрики и все возможные ресурсы вычислительные и прочие для того чтобы строить свою стратегию на этих метриках и все эти компании просрали все полимеры,"Они были очень продвинутые в плане управленческих компетенций, там были лучшие из лучших мировые менеджеры, у них были все возможные метрики и все возможные ресурсы вычислительные и прочее для того, чтобы строить свою стратегию на этих метриках. И все эти компании просрали все полимеры.","Они были очень продвинутые в плане управленческих компетенций, там были лучшие из лучших мировые менеджеры, у них были все возможные метрики и все возможные ресурсы, вычислительные и прочее, для того, чтобы строить свою стратегию на этих метриках. И все эти компании просрали все полимеры.",0.0227,0.0227
whisper-large-v3_beam5,test_00060.wav,человек недавно ставший тимлидом и который сказал знаешь заходит в чатик и говорит ребята меня вчера сделали тимлидом с чего мне начать и ему там дают ссылку что в первые девяносто дней ты должен и дальше там по порядку one on one performance review там пятое десятое очень легко натащить этого всего,"Человек, недавно ставший тимлидом, и который сказал, знаешь, заходит в чат и говорит, ребята, меня вчера сделали тимлидом, с чего мне начать? Ему там дают ссылку, что в первые 90 дней ты должен. И дальше, там по порядку. One on one, 360, performance review, там 5-10. Очень легко натащить этого всего.","Человек, недавно ставший тимлидом, и который сказал, знаешь, заходит в чат и говорит, ребята, меня вчера сделали тимлидом, с чего мне начать? Ему там дают ссылку, что в первые 90 дней ты должен. И дальше, там по порядку. One on one, 360, performance review, там 5-10. Очень легко натащить всего этого.",0.1154,0.1538
whisper-large-v3_beam5,test_00061.wav,и бывает такое что вот здесь могут путаться просто потому что картины вот этих вот пиков найденных особенно если вот говорить про старые алгоритмы они могут быть очень похожи такое может быть,"И бывает такое, что здесь могут путаться просто потому, что картины вот этих вот пиков, найденных, если говорить про старый алгоритм, они могут быть очень похожи. Такое может быть.","И бывает такое, что здесь могут путаться просто потому, что картины вот этих вот пиков, найденных, если говорить про старый алгоритм, они могут быть очень похожи. Такое может быть.",0.1562,0.1562
whisper-large-v3_beam5,test_00062.wav,да это отсутствие долго живущих бранчей другими словами отсутствие какого то кода но код сам по себе даже если он не проинтегрирован это ведь не такая уж и проблема казалось бы ну да ну фича неможко пылится на полке ну чуть позже ее там юзер получит ну все так,"Да, это отсутствие долгоживущей бранчи. Другими словами, отсутствие какого-то кода. Но код сам по себе, даже если он не проинтегрирован, это ведь не такая уж и проблема, казалось бы. Ну да, но фича немножко пылится на полке, но чуть позже ее там юзер получит. Вот все так.","Да, это отсутствие долгоживущей бранчи. Другими словами, отсутствие какого-то кода. Но код сам по себе, даже если он не проинтегрирован, это ведь не такая уж и проблема, казалось бы. Ну да, но фича немножко пылится на полке, но чуть позже ее там юзер получит. Вот все так.",0.1429,0.1429
whisper-large-v3_beam5,test_00063.wav,каждый должен подстраивать под себя кстати вот про разминку мне кажется это хороший поинт ну то есть мы там до этого обсуждали историю про травмы и так далее мне кажется то что в принципе история про сделать какую то разминку разогреть мышцы это фактор который позволит те же самые мышцы травмировать в конечном счете,"каждый должен подстраивать под себя. Кстати, вот про разминку, мне кажется, это хороший пойнт. Мы там до этого обсуждали историю про травмы и так далее. Мне кажется, то, что в принципе история про сделать какую-то разминку, разогреть мышцы, это фактор, который позволит меньше те же самые мышцы травмировать в конечном счете.","каждый должен подстраивать под себя. Кстати, вот про разминку, мне кажется, это хороший пойнт. Мы там до этого обсуждали историю про травмы и так далее. Мне кажется, то, что в принципе история про сделать какую-то разминку, разогреть мышцы, это фактор, который позволит меньше те же самые мышцы травмировать в конечном счете.",0.0926,0.0926
whisper-large-v3_beam5,test_00064.wav,про то как сейчас принято делать как раз таки в распределенных больших системах ну то есть мне нужно там логи посмотреть собрать их в кучу как это сейчас работает мы собираем логи с разных сервисов или мы с разных сервисов логи все сваливаем в одну кучу и смотрим там о это все по разному работает минутка рекламы у нас даже есть отдельный продукт для логов под названием вектор который помогает тебе настроить целый пайплайн обработки своих логов,"про то, как сейчас принято делать как раз-таки в распределенных каких-то больших системах. Ну, то есть мне нужно там логи посмотреть, собрать их в кучу. Как это сейчас работает? Мы собираем логи с разных сервисов или мы с разных сервисов логи все сваливаем в одну кучу и смотрим там? О, это все по-разному работает. Минутка рекламы. У нас даже есть отдельный продукт для логов под названием Vector, который помогает тебе настроить целый пайплайн обработки своих логов.","про то, как сейчас принято делать как раз-таки в распределенных каких-то больших системах. Ну, то есть мне нужно там логи посмотреть, собрать их в кучу. Как это сейчас работает? Мы собираем логи с разных сервисов или мы с разных сервисов логи все сваливаем в одну кучу и смотрим там? О, это все по-разному работает. Минутка рекламы. У нас даже есть отдельный продукт для логов под названием Vector, который помогает тебе настроить целый пайплайн обработки своих логов.",0.039,0.039
whisper-medium-int8_beam5,test_00000.wav,не я делал карты потом я ушел делать яндекс поиск потом этот яндекс поиск стал яндекс браузером там я руководил группой,"Нет, я делал карты, потом я ушел делать яндекс. поиск, потом этот яндекс. поиск стал яндекс. браузером, там я руководил группой.","Нет, я делал карты, потом я ушел делать Яндекс. Поиск, потом этот Яндекс. Поиск стал Яндекс. Браузером, там я руководил группой.",0.0476,0.0476
whisper-medium-int8_beam5,test_00001.wav,егор мне перед выпуском уже показывал в гости мы сегодня позвали даню пилина создателя онлайн школы по шахматам skyeng product owner а и сейчас развивает стартап по лидогенерации,"Егор мне перед выпуском уже показывал. В гости мы сегодня позвали Даню Пилина, создателя онлайн школы по шахматам Skyeng, продукт-аунера, и сейчас развивает стартап по лиды генерации.","Егор мне перед выпуском уже показывал. В гости мы сегодня позвали Даню Пилина, создателя онлайн-школы по шахматам Skyeng, продукт-оунера, и сейчас развивает стартап по лид-генерации.",0.1786,0.1786
whisper-medium-int8_beam5,test_00002.wav,это очень хороший вопрос вот ну вы правы потому что 500 часов на разборах падений вот я достаточно долгое время работал в aws aws очень хорошая практика именно того как мы смотрим на операции различные системы что мы делаем когда они падают что мы делаем когда они не падают что мы делаем чтобы они не падали вот идеально вообще очень хорошо когда они не падают и сейчас я занимаюсь как раз application performance мониторингом в компании datadog то есть,"Это очень хороший вопрос. Вы правы, потому что 500 часов на разборах падений. Я достаточно долгое время работал в AWS. AWS — очень хорошая практика именно того, как мы смотрим на операции различных систем, что мы делаем, когда они падают, что мы делаем, когда они не падают, что мы делаем, чтобы они не падали. Идеально вообще. Очень хорошо, когда они не падают. И сейчас я занимаюсь как раз application performance monitoring в компании Datadog.","Это очень хороший вопрос. Вы правы, потому что 500 часов на разборах падений. Я достаточно долгое время работал в AWS. AWS — это очень хорошая практика именно того, как мы смотрим на операции различных систем, что мы делаем, когда они падают, что мы делаем, когда они не падают, что мы делаем, чтобы они не падали. Идеально вообще. Очень хорошо, когда они не падают. И сейчас я занимаюсь как раз application performance monitoring в компании Datadog.",0.1139,0.1266
whisper-medium-int8_beam5,test_00003.wav,мой любимый фокус observability мы понимаем когда системе станет плохо грубо говоря в два часа ночи ваша система упадет с отказом по памяти будьте готовы к этому пожалуйста вот это и есть observability это один ее аспект а второй аспект который для меня на самом деле самый важный обычно мы не знаем что нам нужно знать о системе в тот момент когда мы ее разрабатываем,"Мой любимый фокус Observability — мы понимаем, когда системе станет плохо. Грубо говоря, в два часа ночи ваша система упадет с отказом по памяти. Будьте готовы к этому, пожалуйста. Вот это и есть Observability — это один ее аспект. А второй аспект, который для меня на самом деле самый важный. Обычно мы не знаем, что нам нужно знать о системе в тот момент, когда мы ее разрабатываем.","Мой любимый фокус Observability — мы понимаем, когда системе станет плохо. Грубо говоря, в два часа ночи ваша система упадет с отказом по памяти. Будьте готовы к этому, пожалуйста. Вот это и есть Observability — это один ее аспект. А второй аспект, который для меня на самом деле самый важный: обычно мы не знаем, что нам нужно знать о системе в тот момент, когда мы ее разрабатываем.",0.0,0.0
whisper-medium-int8_beam5,test_00004.wav,потому что по айдишнику клиента уже можно было как то вот эту пачку транзакций связать из разных микросервисов,потому что по одишнику клиента уже можно было как-то вот эту пачку транзакций связать из разных микросервисов.,потому что по идентификатору клиента уже можно было как-то вот эту пачку транзакций связать из разных микросервисов.,0.0556,0.0556
whisper-medium-int8_beam5,test_00005.wav,ну и еще вопрос такой важный лицензирования openstt недоступен для построения коммерческих моделей только академических а у голоса sberdevices golos там нету никаких ограничений фактически это лицензия близкая к creative commons share alike лицензии как это формулируется и это хорошо,"Ну и еще вопрос такой важный – лицензирование. OpenSTT недоступен для построения коммерческих моделей, только академических. А у Голоса, с Бердевайсом Голос, там нет никаких ограничений. Фактически это лицензия близкая к Creative Commons. Share a like – лицензии в любом немшем формулируются. Это хорошо.","Ну и еще вопрос такой важный – лицензирование. OpenSTT недоступен для построения коммерческих моделей, только академических. А у Голоса, с Бердевайсом Голос, там нет никаких ограничений. Фактически это лицензия, близкая к Creative Commons. Share alike – лицензии в любом немецком формулируются. Это хорошо.",0.275,0.225
whisper-medium-int8_beam5,test_00006.wav,мой любимый фокус observability мы понимаем когда системе станет плохо грубо говоря в два часа ночи ваша система упадет с отказом по памяти будьте готовы к этому пожалуйста вот это и есть observability это один ее аспект а второй аспект который для меня на самом деле самый важный обычно мы не знаем что нам нужно знать о системе в тот момент когда мы ее разрабатываем,"Мой любимый фокус Observability — мы понимаем, когда системе станет плохо. Грубо говоря, в два часа ночи ваша система упадет с отказом по памяти. Будьте готовы к этому, пожалуйста. Вот это и есть Observability — это один ее аспект. А второй аспект, который для меня на самом деле самый важный. Обычно мы не знаем, что нам нужно знать о системе в тот момент, когда мы ее разрабатываем.","Мой любимый фокус Observability — мы понимаем, когда системе станет плохо. Грубо говоря, в два часа ночи ваша система упадет с отказом по памяти. Будьте готовы к этому, пожалуйста. Вот это и есть Observability — это один ее аспект. А второй аспект, который для меня на самом деле самый важный: обычно мы не знаем, что нам нужно знать о системе в тот момент, когда мы ее разрабатываем.",0.0,0.0
whisper-medium-int8_beam5,test_00007.wav,вот это первый сигнал его некомпетентности самый правильный способ если у вас там что либо заболело вообще что либо это провести диагностику и попробовать вылечить через упражнения,"Вот это первый сигнал его некомпетентности. Самый правильный способ, если у вас там что-либо заболело, вообще что-либо, это провести диагностику и попробовать вылечить через упражнения.","Вот это первый сигнал его некомпетентности. Самый правильный способ, если у вас там что-либо заболело, вообще что-либо, это провести диагностику и попробовать вылечить через упражнения.",0.0,0.0
whisper-medium-int8_beam5,test_00008.wav,и вот изначально наша система координат была такова что вот эти клеточки они одинакового размера но потом выяснилось что на самом деле мы расстояние воспринимаем так что чем дальше они от нас эти горы тем расстояние на одну клеточку меньше для нас важно чем вблизи,"И вот изначально наша система координат была такова, что эти клеточки, они одинакового размера. Но потом выяснилось, что на самом деле мы расстояние воспринимаем так, что чем дальше они от нас, эти горы, тем расстояние на одну клеточку меньше для нас важно, чем вблизи.","И вот изначально наша система координат была такова, что эти клеточки, они одинакового размера. Но потом выяснилось, что на самом деле мы расстояние воспринимаем так, что чем дальше они от нас, эти горы, тем расстояние на одну клеточку меньше для нас важно, чем вблизи.",0.0222,0.0222
whisper-medium-int8_beam5,test_00009.wav,они просто про разработку и про то как он решает задачи в основном там ruby python чуть чуть shell а однако те подходы которые он использует можно перевести и на свою повседневную жизнь и также на destroyallsoft com есть раздел с выступлениями гарри там есть очень полезный доклад который я всем рекомендую он называется boundaries,"они просто про разработку и про то, как он решает задачи. В основном там Ruby, Python, чуть-чуть Shell, однако те подходы, которые он использует, можно перенести и на свою повседневную жизнь. И также на destroy-allsoftware.com есть раздел с выступлениями Гарри, там есть очень полезный доклад, который я всем рекомендую, называется Boundaries.","они просто про разработку и про то, как он решает задачи. В основном там Ruby, Python, чуть-чуть Shell, однако те подходы, которые он использует, можно перенести и на свою повседневную жизнь. И также на destroy-allsoftware.com есть раздел с выступлениями Гарри, там есть очень полезный доклад, который я всем рекомендую, называется Boundaries.",0.0909,0.0909
whisper-medium-int8_beam5,test_00010.wav,и ты такой а тебе приходится делать какие то телодвижения руками потом если у тебя этой связки нет чтобы вытащить информацию,"И ты такой, а, тебе приходится делать какие-то телодвижения руками, потом, если у тебя этой связки нет, чтобы вытащить информацию.","И ты такой, а тебе приходится делать какие-то телодвижения руками, потом, если у тебя этой связки нет, чтобы вытащить информацию.",0.0,0.0
whisper-medium-int8_beam5,test_00011.wav,и мне кажется абсолютно все замечали что детские крики раздражают там и ты на них обращаешь внимание намного сильнее чем какие то низкие частоты здесь кажется то что ну наверное из этого следует что высокие частоты мы слышим там и распознаем лучше чем например низкие,"И, мне кажется, абсолютно все замечали, что детские крики раздражают, и ты на них обращаешь внимание намного сильнее, чем какие-то низкие частоты. Здесь кажется, что, наверное, из этого следует, что высокие частоты мы слышим и распознаём лучше, чем, например, низкие.","И, мне кажется, абсолютно все замечали, что детские крики раздражают, и ты на них обращаешь внимание намного сильнее, чем какие-то низкие частоты. Здесь кажется, что, наверное, из этого следует, что высокие частоты мы слышим и распознаём лучше, чем, например, низкие.",0.1111,0.1111
whisper-medium-int8_beam5,test_00012.wav,хардкорный доклад самый человек занимается криптографией на swift е поэтому там можно ожидать многих интересных фичей технических деталей но по прежнему из за того что два дня и три треда всегда можно будет найти что посмотреть на том же русском языке если у нас будут такие гости,"Харкорный заклад. Сам человек занимается криптографией на сверте, поэтому там можно ожидать многих интересных технических деталей. Но по-прежнему из-за того, что два дня и три треда, всегда можно будет найти что посмотреть на том же русском языке, если у нас будут такие гости.","Харкорный заклaд. Сам человек занимается криптографией на C++, поэтому там можно ожидать многих интересных технических деталей. Но по-прежнему из-за того, что два дня и три треда, всегда можно будет найти что посмотреть на том же русском языке, если у нас будут такие гости.",0.1277,0.1277
whisper-medium-int8_beam5,test_00013.wav,ну или даже больше у меня могло быть три часа нагрузки три часа бега в сутках это уже много я там действительно мог бургер съесть так что тут тоже если вы захотите потом уже профессионально еще сильнее упарываться то возможно там уже можно будет и забить на питание мне кажется,"Ну или даже больше. У меня могло быть 3 часа нагрузки, 3 часа бега в сутках. Это уже много. Я там действительно мог бургер съесть. Так что тут тоже, если вы захотите потом уже профессионально еще сильнее упарываться, то, возможно, там уже можно будет и забить на питание, мне кажется.","Ну или даже больше. У меня могло быть 3 часа нагрузки, 3 часа бега в сутках. Это уже много. Я там действительно мог бургер съесть. Так что тут тоже, если вы захотите потом уже профессионально еще сильнее усердствовать, то, возможно, там уже можно будет и забить на питание, мне кажется.",0.04,0.06
whisper-medium-int8_beam5,test_00014.wav,что то происходит не так в очень редком количестве случаев и это вот самое неприятное то есть у тебя там в 99 случаев все работает нормально но вот при таких входных данных система там встает в ступор выполняет это в 10 раз дольше и так далее и тому подобное и ты такой хм как поймать,"что-то происходит не так в очень редком количестве случаев, и это вот самое неприятное. То есть у тебя там в 99% случаев всё работает нормально, но при таких входных данных система встаёт в ступор, выполняет это в 10 раз дольше и так далее и тому подобное. И ты такой, как поймать?","Что-то происходит не так в очень редком количестве случаев, и это вот самое неприятное. То есть у тебя там в 99% случаев всё работает нормально, но при таких входных данных система встаёт в ступор, выполняет это в 10 раз дольше и так далее и тому подобное. И ты такой, как поймать?",0.0909,0.0909
whisper-medium-int8_beam5,test_00015.wav,а это подробности получается именно того как работают форматы музыкальные для соответственно звука или как ты имеешь в виду про перекодировку и почему возникают расхождения или что да да да ну то есть вот ты сказал что даже если мы возьмем там не знаю битрейт поменяем у нас уже изменится и у нас побитового сравнения не получится,а это подробности получается именно того как работают форматы музыкально для соответственно звука или как ты имеешь ввиду про перекодировку и почему возникает расхождение или что да да да то есть вот ты сказал то что даже если мы возьмем там не знаю битрейт поменяем у нас уже изменится и у нас побитого сравнения не получится,"а это подробности получается именно того как работают форматы музыкальные, для соответственно звука, или как ты имеешь ввиду про перекодировку и почему возникает расхождение? Или что? Да, да, да. То есть вот ты сказал, то что даже если мы возьмем там не знаю битрейт поменяем, у нас уже изменится, и у нас побитового сравнения не получится.",0.1404,0.1053
whisper-medium-int8_beam5,test_00016.wav,то в силу того что люди не способны особенно непрофессионалы в точности напевать мелодии соблюдая высоты тайминги между нотами а именно на это я думаю будет обращать внимание алгоритм пытаясь вот построить это преобразование то здесь мы неизбежно будем сталкиваться с тем что какой то диапазон различимых мелодий будет не очень большой,"то в силу того, что люди не способны, особенно не профессионалы, в точности напевать мелодии, соблюдая высоты и тайминги между нотами, а именно на это, я думаю, будет обращать внимание алгоритм, пытаясь построить это приобразование, то здесь мы неизбежно будем сталкиваться с тем, что какой-то диапазон различимых мелодий, он будет не очень большой.","то в силу того, что люди не способны, особенно не профессионалы, в точности напевать мелодии, соблюдая высоты и тайминги между нотами, а именно на это, я думаю, будет обращать внимание алгоритм, пытаясь построить это преобразование, то здесь мы неизбежно будем сталкиваться с тем, что какой-то диапазон различимых мелодий он будет не очень большой.",0.1154,0.0962
whisper-medium-int8_beam5,test_00017.wav,и между ними может быть какое то количество дискретных столбиков где каждый столбик это своя частота это если совсем упрощать ну ты что то типа эквалайзера рассказал да да да по сути обычный эквалайзер,"И между ними может быть какое-то количество дискретных столбиков, где каждый столбик — это своя чистота. Это если совсем упрощать. Ну ты что-то типа эквалайзера рассказал? Да-да-да, по сути обычный эквалайзер.","И между ними может быть какое-то количество дискретных столбиков, где каждый столбик — это своя чистота. Это если совсем упрощать. Ну ты что-то типа эквалайзера рассказал? Да-да-да, по сути обычный эквалайзер.",0.0294,0.0294
whisper-medium-int8_beam5,test_00018.wav,вот пришел запрос мы для него нашли пул кандидатов треков кандидатов и на самом деле из этого пула кандидатов правильный ответ если он даже есть там один или там несколько если там есть дубликаты этого трека в базе а все остальное это вообще говоря другие треки но мы можем посчитать какая похожесть,вот пришел запрос мы для него нашли пул кандидатов треков кандидатов и на самом деле из этого пула кандидатов правильный ответ если он даже есть там один или там несколько если там есть дубликаты этого трека в базе а все остальное это вообще говорят другие треки но мы можем посчитать какая похожесть,"Вот пришел запрос мы для него нашли пул кандидатов, треков кандидатов и на самом деле из этого пула кандидатов правильный ответ, если он даже есть там один или там несколько, если там есть дубликаты этого трека в базе, а все остальное это вообще говорят другие треки, но мы можем посчитать какая похожесть.",0.0192,0.0192
whisper-medium-int8_beam5,test_00019.wav,выводы о том какой следующий шаг надо сделать alphazero как раз вот если говорить о stockfish движке это появилось года четыре пять лет назад и по моему там история такая что за сутки она обучилась через сутки смогла обыгрывать уже гроссмейстеров,"выводы о том, какой следующий шаг надо сделать. Альфа-Зира, как раз, если говорить про сток-веждвижке, это появилось около 4-5 лет назад. И, по-моему, там история такая, что за сутки она обучилась, через сутки смогла обыграть уже Гроссмейстера.","Выводы о том, какой следующий шаг надо сделать. Альфа-Зира, как раз, если говорить про сток-веждвижке, это появилось около 4-5 лет назад. И, по-моему, там история такая, что за сутки она обучилась, через сутки смогла обыграть уже гроссмейстера.",0.2683,0.2683
whisper-medium-int8_beam5,test_00020.wav,то есть мы в каждый момент времени знаем про звук еще какое то такое распределение частот и связано это с тем что наше ухо на самом деле примерно так же и воспринимает звук то есть мы не просто амплитуду понимаем что вот где то там громче где то тише а наше ухо еще понимает что вот этот звук выше этот ниже этот голос более высокий этот голос низкий,"То есть мы в каждый момент времени знаем про звук ещё и какое-то такое распределение частот. И связано это с тем, что наше ухо на самом деле примерно также и воспринимает звук. То есть мы не просто амплитуду понимаем, что вот где-то там громче, где-то тише, а наше ухо ещё понимает, что вот этот звук выше, этот ниже, этот голос более высокий, этот голос низкий.","То есть мы в каждый момент времени знаем про звук ещё и какое-то такое распределение частот. И связано это с тем, что наше ухо на самом деле примерно также и воспринимает звук. То есть мы не просто амплитуду понимаем, что вот где-то там громче, где-то тише, а наше ухо ещё понимает, что вот этот звук выше, этот ниже, этот голос более высокий, этот голос низкий.",0.0735,0.0735
whisper-medium-int8_beam5,test_00021.wav,я точно знаю у нас сейчас есть клиенты которые даже там на warning statement ы в наших логах реагируют такие о вы начали тут warning писать а у нас наши системы реагируют на то что warning и которые мы не знаем появляются в логах нам это мешает можете убрать,"Я точно знаю, у нас сейчас есть клиенты, которые даже там на warning statement в наших логах реагируют такие, о, вы начали этот warning писать, а у нас наша система реагирует на то, что warnings, которые мы не знаем, появляются в логах. Нам это мешает, можете убрать.","Я точно знаю, у нас сейчас есть клиенты, которые даже там на warning statement в наших логах реагируют такие: о, вы начали этот warning писать, а у нас наша система реагирует на то, что warnings, которые мы не знаем, появляются в логах. Нам это мешает, можете убрать.",0.1429,0.1429
whisper-medium-int8_beam5,test_00022.wav,когда у тебя система либо становится распределенной либо асинхронной внутри что по большому счету для целей нашего разговора практически одно и то же у тебя вот эта последовательность выполнения она теряется то есть грубо говоря тебе пришел какой то запрос ты можешь его положить в очередь для клиента и потом что то сделать,"Когда у тебя система либо становится распределенной, либо асинхронной внутри, что по большому счету для целей нашего разговора практически одно и то же, у тебя вот эта последовательность выполнения, она теряется. То есть, грубо говоря, у тебя пришел какой-то запрос, ты можешь его положить в очередь для клиента и потом что-то сделать.","Когда у тебя система либо становится распределенной, либо асинхронной внутри, что по большому счету для целей нашего разговора практически одно и то же, у тебя вот эта последовательность выполнения она теряется. То есть, грубо говоря, у тебя пришел какой-то запрос, ты можешь его положить в очередь для клиента и потом что-то сделать.",0.0377,0.0377
whisper-medium-int8_beam5,test_00023.wav,то в силу того что люди не способны особенно непрофессионалы в точности напевать мелодии соблюдая высоты тайминги между нотами а именно на это я думаю будет обращать внимание алгоритм пытаясь вот построить это преобразование то здесь мы неизбежно будем сталкиваться с тем что какой то диапазон различимых мелодий будет не очень большой,"то в силу того, что люди не способны, особенно не профессионалы, в точности напевать мелодии, соблюдая высоты и тайминги между нотами, а именно на это, я думаю, будет обращать внимание алгоритм, пытаясь построить это приобразование, то здесь мы неизбежно будем сталкиваться с тем, что какой-то диапазон различимых мелодий, он будет не очень большой.","то в силу того, что люди не способны, особенно не профессионалы, в точности напевать мелодии, соблюдая высоты и тайминги между нотами, а именно на это, я думаю, будет обращать внимание алгоритм, пытаясь построить это преобразование, то здесь мы неизбежно будем сталкиваться с тем, что какой-то диапазон различимых мелодий он будет не очень большой.",0.1154,0.0962
whisper-medium-int8_beam5,test_00024.wav,то как бы но зачем здесь смотреть в логи прошлой версии системы там все равно же все не так работает это уже все старье надо новое смотреть вот я бы как раз тут не согласился мне скорее всего понадобятся логи предыдущего состояния системы если что то вдруг выкатили и оно стало работать не так как мы ожидали,"то как бы, ну зачем мне смотреть в логи прошлой версии системы, там все равно уже все не так работает, это уже все старье, надо новое смотреть. Вот я бы как раз тут не соглаштился, мне скорее всего понадобится логи предыдущего состояния системы, если что-то вдруг выкатили, и оно стало работать не так, как мы ожидали.","то как бы, ну зачем мне смотреть в логи прошлой версии системы, там все равно уже все не так работает, это уже все старье, надо новое смотреть. Вот я бы как раз тут не согласился, мне скорее всего понадобится логи предыдущего состояния системы, если что-то вдруг выкатили, и оно стало работать не так, как мы ожидали.",0.0877,0.0702
whisper-medium-int8_beam5,test_00025.wav,и поэтому использовать их в повседневности не получается мы вынуждены поступать зачастую интуитивно,И поэтому использовать их в повседневности не получается. Мы вынуждены поступать зачастую интуитивно.,И поэтому использовать их в повседневности не получается. Мы вынуждены поступать зачастую интуитивно.,0.0,0.0
whisper-medium-int8_beam5,test_00026.wav,что если зуб в результате развития кариеса разрушен до 40 то его возможно восстановить пломбой то есть композитным материалом реставрацией ну это пластмасса по существу,"что если зуб в результате развития кариеса разрушен до 40%, то его возможно восстановить пломбой, то есть композитным материалом реставрации. Это пластмасса по существу.","что если зуб в результате развития кариеса разрушен до 40%, то его возможно восстановить пломбой, то есть композитным материалом реставрации. Это пластмасса по существу.",0.08,0.08
whisper-medium-int8_beam5,test_00027.wav,на примере может быть для тех кто ни разу с этим не сталкивался а я там не знаю как мобильный разработчик например последние сколько то лет сижу и думаю ну у меня логи там ну куда нибудь в centric могут отправиться обычно я вижу что у меня в какой нибудь google play прилетели краши и я просто по названию exception а захожу туда где мне нужно найти логи ctrl c ctrl v найти нахожу конкретные логи все типа конец больше мне делать ничего не нужно,"На примере, может быть, для тех, кто с этим ни разу не сталкивался, а я там, не знаю, как мобильный разработчик, например, последние сколько-то лет, сижу и думаю, ну, у меня логи там, ну, куда-нибудь в центре могут отправиться. Обычно я вижу, что мне в какой-нибудь Google Play прилетели кроши, я просто по названию exception захожу туда, где мне нужно найти логи, Ctrl-C, Ctrl-V, найти, нахожу конкретные логи, всё, типа, конец, больше мне делать ничего не нужно.","На примере, может быть, для тех, кто с этим ни разу не сталкивался, а я там, не знаю, как мобильный разработчик, например, последние сколько-то лет, сижу и думаю, ну, у меня логи там, ну, куда-нибудь в центр могут отправиться. Обычно я вижу, что мне в какой-нибудь Google Play прилетели краши, я просто по названию exception захожу туда, где мне нужно найти логи, Ctrl+C, Ctrl+V, найти, нахожу конкретные логи, всё, типа, конец, больше мне делать ничего не нужно.",0.1294,0.1176
whisper-medium-int8_beam5,test_00028.wav,максимально ухудшить идеальную систему вводя туда какие то элементы или условия чтобы итоговая результат должен быть такой мы должны в 22 раза замедлить нашу разработку,"максимально ухудшить идеальную систему, вводя туда какие-то элементы или условия, чтобы итоговое результат должен быть такой. Мы должны в 22 раза замедлить нашу разработку.","Максимально ухудшить идеальную систему, вводя туда какие-то элементы или условия, чтобы итоговый результат должен был такой. Мы должны в 22 раза замедлить нашу разработку.",0.04,0.08
whisper-medium-int8_beam5,test_00029.wav,и вот такая архитектура долгое время доминировала ее пытались модифицировать в двухтысячных годах произошел определенный прорыв в области обучения глубоких нейронных сетей с легкой руки джеффри хинтона и его ученика рустама салахутдинова и стали активно использовать вместо скрытых марковских моделей на акустико фонетическом уровне многослойные нейронные сети либо многослойные персептроны либо сверточные нейронные сети,"И вот такая архитектура долгое время доминировала. Её пытались модифицировать. В 2000-е годах произошёл определённый прорыв в области обучения глубоких нейронных сетей с лёгкой руки Джеффри Хинтона и его ученика Рустама Салахудинова. И стали активно использовать вместо скрытых марковских моделей на акустикофоническом уровне многослойные нейронные сети, либо многослойные персептроны, либо свёрточные нейронные сети.","И вот такая архитектура долгое время доминировала. Её пытались модифицировать. В 2000-е годах произошёл определённый прорыв в области обучения глубоких нейронных сетей с лёгкой руки Джеффри Хинтона и его ученика Рустама Салахудинова. И стали активно использовать вместо скрытых марковских моделей на акустико-фонетическом уровне многослойные нейронные сети, либо многослойные персептроны, либо свёрточные нейронные сети.",0.1852,0.1481
whisper-medium-int8_beam5,test_00030.wav,убрали весь формализм всю регулярность а это essence мы до этого обсуждали что такое one on one и эти три признака выбыли как характеризующие мы убираем регулярность мы убираем формализм ну вы можете в произвольной форме пообщаться все и это больше не one on one вы просто пообщались,"убрали весь формализм, всю регулярность, а это essence. Мы до этого обсуждали, что такое one-on-one, эти три признака выбрали как характеризующие. Мы убираем регулярность, мы убираем формализм, вы можете в произвольной форме пообщаться. Все, и это больше не one-on-one. Вы просто пообщались.","убрали весь формализм, всю регулярность, а это essence. Мы до этого обсуждали, что такое one-on-one, эти три признака выбрали как характеризующие. Мы убираем регулярность, мы убираем формализм, вы можете в произвольной форме пообщаться. Всё, и это больше не one-on-one. Вы просто пообщались.",0.0625,0.0833
whisper-medium-int8_beam5,test_00031.wav,но не все индустрии в одинаковом состоянии они прошли немножко разный путь у меня такой вопрос перед тем как мы начнем набрасывать и в общем закапывать одну индустрию за другой выявлять дисфункции и так далее у меня есть предложение как то договориться на тему того а что мы называем качественным менеджментом как понять что один менеджмент качественный а другой нет,"Но не все индустрии в одинаковом состоянии. Они прошли немножко разный путь. У меня такой вопрос. Перед тем, как мы начнем набрасывать и в общем закапывать одну индустрию за другой, выявлять дисфункции и так далее, у меня есть предложение как-то договориться на тему того, а что мы называем качественным менеджментом? Как понять, что один менеджмент качественный, а другой нет?","Но не все индустрии в одинаковом состоянии. Они прошли немножко разный путь. У меня такой вопрос. Перед тем, как мы начнем набрасывать и в общем разбирать одну индустрию за другой, выявлять дисфункции и так далее, у меня есть предложение как-то договориться на тему того, а что мы называем качественным менеджментом? Как понять, что один менеджмент качественный, а другой нет?",0.0,0.0167
whisper-medium-int8_beam5,test_00032.wav,и получаем очень много вот таких широты знаний и мне кажется что все остальные причины которые тут можно привести они уже вытекают отсюда ну во первых когда мы смотрим на языки программирования мы всегда видим что они очень тесно между собой связаны,"и получаем очень много вот таких широты знаний. И мне кажется, что все остальные причины, которые тут можно привести, они уже вытекают отсюда. Ну, во-первых, когда мы смотрим на языки программирования, мы всегда видим, что они очень тесно между собой связаны.","и получаем очень много вот таких широты знаний. И мне кажется, что все остальные причины, которые тут можно привести, они уже вытекают отсюда. Ну, во-первых, когда мы смотрим на языки программирования, мы всегда видим, что они очень тесно между собой связаны.",0.0,0.0
whisper-medium-int8_beam5,test_00033.wav,он как раз говорил примерно следующее к сожалению мы не все можем измерить но проблема в том что мы вынуждены управлять тем чего измерить не можем,"Он как раз говорил примерно следующее. К сожалению, мы не все можем измерить, но проблема в том, что мы вынуждены управлять тем, чего измерить не можем.","Он как раз говорил примерно следующее. К сожалению, мы не все можем измерить, но проблема в том, что мы вынуждены управлять тем, чего измерить не можем.",0.0,0.0
whisper-medium-int8_beam5,test_00034.wav,а можно задать тебе вопрос да конечно что тебе нравится больше чем спать спокойно по ночам зная что твой сон охраняет observability нашего биллинга podlodka crew построенное на телеграме,"Можно задать тебе вопрос? Да, конечно. Что тебе нравится больше, чем спать спокойно по ночам, зная, что твой сон охраняет observability нашего биллинга под лодкой Crew, построенной на Telegram?","Можно задать тебе вопрос? Да, конечно. Что тебе нравится больше, чем спать спокойно по ночам, зная, что твой сон охраняет observability нашего биллинга под лодкой Crew, построенной на Telegram?",0.1724,0.1724
whisper-medium-int8_beam5,test_00035.wav,максимально ухудшить идеальную систему вводя туда какие то элементы или условия чтобы итоговая результат должен быть такой мы должны в 22 раза замедлить нашу разработку,"максимально ухудшить идеальную систему, вводя туда какие-то элементы или условия, чтобы итоговое результат должен быть такой. Мы должны в 22 раза замедлить нашу разработку.","Максимально ухудшить идеальную систему, вводя туда какие-то элементы или условия, чтобы итоговый результат должен был такой. Мы должны в 22 раза замедлить нашу разработку.",0.04,0.08
whisper-medium-int8_beam5,test_00036.wav,большой объем знаний который дается в интересной форме и из за этого метода преподношения он воспринимается лучше,"Большой объем знаний, который дается в интересной форме, и из-за этого метода преподношения он воспринимается лучше.","Большой объем знаний, который дается в интересной форме, и из-за этого метода преподношения он воспринимается лучше.",0.0,0.0
whisper-medium-int8_beam5,test_00037.wav,ты не можешь сразу как это на большом чане ну просто дорого будет делать сразу на большом чане культивацию большого количества клеток,"Ты не можешь сразу как-то на большом чане, просто дорого будет делать сразу на большом чане культивацию большого количества клеток.","Ты не можешь сразу как-то на большом чане, просто дорого будет делать сразу на большом чане культивацию большого количества клеток.",0.0909,0.0909
whisper-medium-int8_beam5,test_00038.wav,а если эти зубы в зоне улыбки то сразу ставят коронку в один день сразу это занимает ну обычно час спланированная манипуляция занимает обычно час,"А если эти зубы в зоне улыбки, то сразу ставят коронку. В один день. Сразу. Это занимает ну, обычный час. Спланированная манипуляция занимает обычный час.","А если эти зубы в зоне улыбки, то сразу ставят коронку. В один день. Сразу. Это занимает ну, обычный час. Спланированная манипуляция занимает обычный час.",0.08,0.08
whisper-medium-int8_beam5,test_00039.wav,всем привет друзья с вами подкаст подлодка меня зовут женя кателла со мной сегодня стас цыганов стас привет,"Всем привет, друзья! С вами подкаст Подлодка. Меня зовут Женя Котелло. Со мной сегодня Стас Цыганов. Стас, привет!","Всем привет, друзья! С вами подкаст Подлодка. Меня зовут Женя Котелло. Со мной сегодня Стас Цыганов. Стас, привет!",0.0556,0.0556
whisper-medium-int8_beam5,test_00040.wav,то есть вот нужно доверять учителю с опытом и тут вот это самое главное не мешать ему работать то есть да вот рекомендация вы решите что кого вы будете рекомендовать и потом уже на этот вопрос отвечайте,"То есть вот нужно доверять учителю с опытом. И тут вот это самое главное — не мешать ему работать. То есть да, вот рекомендация. Вы решите, что, кого вы будете рекомендовать. И потом уже на этот вопрос отвечайте.","То есть вот нужно доверять учителю с опытом. И тут вот это самое главное — не мешать ему работать. То есть да, вот рекомендация. Вы решите, кого вы будете рекомендовать. И потом уже на этот вопрос отвечайте.",0.0,0.027
whisper-medium-int8_beam5,test_00041.wav,это волчанка да но давайте вот про это я не буду сегодня я готов больше про раковые клетки просто потому что про них лучше изучал да я не думаю что есть принципиальное отличие в производстве,"Это Волчанка, да, но давайте вот про это я не буду. Сегодня я готов больше про раковые клетки, просто потому что про них лучше изучал. Да. Я не думаю, что есть принципиальное отличие в производстве.","Это Волчанка, да, но давайте вот про это я не буду. Сегодня я готов больше про раковые клетки, просто потому что про них лучше изучал. Да. Я не думаю, что есть принципиальное отличие в производстве.",0.0,0.0
whisper-medium-int8_beam5,test_00042.wav,и поэтому использовать их в повседневности не получается мы вынуждены поступать зачастую интуитивно,И поэтому использовать их в повседневности не получается. Мы вынуждены поступать зачастую интуитивно.,И поэтому использовать их в повседневности не получается. Мы вынуждены поступать зачастую интуитивно.,0.0,0.0
whisper-medium-int8_beam5,test_00043.wav,ну просто чтобы какое то разумное его количество чтобы можно было его не искать и для скорости да просто это нужно делать там за какие то не знаю сотни миллисекунд ну там за секунды то есть сам поиск работает достаточно быстро и если мы будет вальяжно с каждым треком сравнивать это это просто неподъемно даже на каком то кластере поисковом это невозможно так,"Ну просто чтобы какое-то разумное было количество, что можно было в ней искать. И для скорости, да, просто это нужно делать там за какие-то, не знаю, сотни миллисекунд, до секунды. То есть сам поиск работает достаточно быстро, и если мы будем польяжина с каждым треком сравнивать, это просто неподъемно даже на каком-то кластере поисковом. Это невозможно так.","Ну просто чтобы какое-то разумное было количество, что можно было в ней искать. И для скорости, да, просто это нужно делать там за какие-то, не знаю, сотни миллисекунд, до секунды. То есть сам поиск работает достаточно быстро, и если мы будем по каждой записи сравнивать, это просто неподъемно даже на каком-то поисковом кластере. Это невозможно так.",0.1587,0.2381
whisper-medium-int8_beam5,test_00044.wav,и мне кажется абсолютно все замечали что детские крики раздражают там и ты на них обращаешь внимание намного сильнее чем какие то низкие частоты здесь кажется то что ну наверное из этого следует что высокие частоты мы слышим там и распознаем лучше чем например низкие,"И, мне кажется, абсолютно все замечали, что детские крики раздражают, и ты на них обращаешь внимание намного сильнее, чем какие-то низкие частоты. Здесь кажется, что, наверное, из этого следует, что высокие частоты мы слышим и распознаём лучше, чем, например, низкие.","И, мне кажется, абсолютно все замечали, что детские крики раздражают, и ты на них обращаешь внимание намного сильнее, чем какие-то низкие частоты. Здесь кажется, что, наверное, из этого следует, что высокие частоты мы слышим и распознаём лучше, чем, например, низкие.",0.1111,0.1111
whisper-medium-int8_beam5,test_00045.wav,и вводить его нужно на сайте podlodka io gocrew вот и позвали поговорить про observability мы михаила дружинина михаил engineering manager в компании datadog управляет разработкой всех клиентских библиотек на восьми языках разработки для application performance мониторинга и distributed трейсинга,"и вводить его нужно на сайте подлодка.io slash go crew. Вот. И позвали поговорить про observability. Мы, Михаила Дружинина, Михаил, инженер-менеджер в компании Datadoc, управляем разработкой всех клиентских библиотек на восьми языках разработки для application, performance-мониторинга и distributed tracing.","и вводить его нужно на сайте подлодка.io/go/crew. Вот. И позвали поговорить про observability. Мы, Михаил Дружинин, Михаил, инженер-менеджер в компании Datadoc, управляю разработкой всех клиентских библиотек на восьми языках разработки для application performance мониторинга и distributed tracing.",0.225,0.25
whisper-medium-int8_beam5,test_00046.wav,где важны будут классы насколько я вообще java понимаю там ты без классов никуда не двинешься и там ну как бы хочешь не хочешь у тебя будут классы это первое а второе я считаю что если этого требует архитектура то пусть это будет класс например это фабрика или какой то билдер,"где должны быть классы. Насколько я вообще Джао понимаю, там ты без классов никуда не движешься. И там, ну, как бы, хочешь не хочешь, у тебя будут классы. Это первое. Второе, я считаю, что если этого требует архитектура, то пусть это будет класс. Например, это фабрика или какой-то билдер.","Где должны быть классы? Насколько я вообще Java понимаю, там ты без классов никуда не движешься. И там, ну, как бы, хочешь не хочешь, у тебя будут классы. Это первое. Второе, я считаю, что если этого требует архитектура, то пусть это будет класс. Например, это фабрика или какой-то билдер.",0.098,0.0784
whisper-medium-int8_beam5,test_00047.wav,установка куплена для врача а врач поймет врач поймет что он ездит на мерседесе и приезжает на работу как бы все хорошо вот это все мелочи но они формируют поэтому питать иллюзию о том что будет очень крутой врач в очень дешевом месте ну как бы очень маловероятно и я когда был молодым специалистом меня сильно возмущала цена имплантации в америке прям сильно возмущала блин то же самое в четыре раза дороже не может быть,"Установка куплена для врача, а врач поймет. Врач поймет, что он ездит на Мерседесе и приезжает на работу. Как бы все хорошо. Это все мелочи, но они формируют. Поэтому питать иллюзию о том, что будет очень крутой врач в очень дешевом месте, ну, как бы очень маловероятно. И я когда был молодым специалистом, меня сильно возмущала цена имплантации в Америке, прям сильно возмущала. Я думал, блин, то же самое в 4 раза дороже не может быть.","Установка куплена для врача, а врач поймет. Врач поймет, что он ездит на Мерседесе и приезжает на работу. Как бы все хорошо. Это все мелочи, но они формируют. Поэтому питать иллюзию о том, что будет очень крутой врач в очень дешевом месте, ну, как бы очень маловероятно. И я когда был молодым специалистом, меня сильно возмущала цена имплантации в Америке, прям сильно возмущала. Я думал, блин, то же самое в 4 раза дороже не может быть.",0.0533,0.0533
whisper-medium-int8_beam5,test_00048.wav,и он еще мелкий был то есть я быстрее смогу и он талантливый на самом деле я тебе так скажу там ключевое будет играть это талант там не то что ты возьмешь выучишь подготовишься там уже играет составляющая таланта именно что ты действительно обыгрываешь уже да я бы все таки тут предложил бы немножко эту идею закопать почему потому что у меня опять же нет статы но насколько помню там есть какая то корреляция да достаточно сильная между условно возрастом и рейтингом,"И он еще мелкий был, то есть я быстрее смогу. И он талантливый. На самом деле, я тебе так скажу, там ключевой будет играть этот талант. Там не то, что ты возьмешь, выучишь, подготовишься, там уже играет составляющий талант именно, что ты действительно обыгрываешь уже, да. Я бы все-таки тут предложил бы немножко эту идею закопать. Почему? Потому что у меня, опять же, нет статы, но, насколько помню, там есть какая-то корреляция достаточно сильная между условным возрастом и рейтингом.","И он еще мелкий был, то есть я быстрее смогу. И он талантливый. На самом деле, я тебе так скажу, там ключевой будет играть этот талант. Там не то, что ты возьмешь, выучишь, подготовишься, там уже играет составляющий талант именно то, что ты действительно обыгрываешь уже, да. Я бы все-таки тут предложил бы немножко эту идею закопать. Почему? Потому что у меня, опять же, нет статы, но насколько помню, там есть какая-то корреляция достаточно сильная между условным возрастом и рейтингом.",0.0732,0.0854
whisper-medium-int8_beam5,test_00049.wav,практически не знаю насколько булшитно это прозвучит скорее бизнесово ориентированный пайплайн который сырые технические данные превращает в информацию для принятия решений каких то там оперативных здесь и сейчас возможно или там в будушем да технический бизнесовый инструмент который позволяет тебе управлять своей системой и позволяет тебе понимать а что же происходит внутри нее,"Практически, не знаю насколько это булшитно прозвучит, скорее бизнесовый ориентированный пайплайн, который сырые технические данные превращает в информацию для принятия решений каких-то там оперативных здесь и сейчас, возможно, или там в будущем. Да, технический бизнесовый инструмент, который позволяет тебе управлять своей системой и позволяет тебе понимать, а что же происходит внутри нее.","Практически, не знаю насколько это bullshit прозвучит, скорее бизнесориентированный пайплайн, который сырые технические данные превращает в информацию для принятия решений каких-то там оперативных здесь и сейчас, возможно, или там в будущем. Да, технический бизнесовый инструмент, который позволяет тебе управлять своей системой и позволяет тебе понимать, а что же происходит внутри нее.",0.0755,0.0943
whisper-medium-int8_beam5,test_00050.wav,построить запросы как раз вот между многими хостами одновременно и по большому счету на этом все и останавливается то есть люди такие окей у нас логи в централизованном хранилище у нас данные где то в центральном месте,построить запросы как раз вот между многими хастами одновременно и по большому счету на этом все и останавливается то есть вы такие окей у нас логи централизованного хранилища у нас данные где-то в центральном месте,"построить запросы как раз вот между многими хостами одновременно и по большому счету на этом все и останавливается то есть вы такие: окей, у нас логи, централизованное хранилище, у нас данные где-то в центральном месте.",0.1351,0.0811
whisper-medium-int8_beam5,test_00051.wav,да это отсутствие долго живущих бранчей другими словами отсутствие какого то кода но код сам по себе даже если он не проинтегрирован это ведь не такая уж и проблема казалось бы ну да ну фича неможко пылится на полке ну чуть позже ее там юзер получит ну все так,"Да, это отсутствие долгоживущей бранчей. Другими словами отсутствие какого-то кода. Но код сам по себе, даже если он не проинтегрирован, это ведь не такая уж и проблема, казалось бы. Ну да, фича немножко пылится на полке, но чуть позже ее там юзер получит. Вот все так.","Да, это отсутствие долгоживущей бранчей. Другими словами отсутствие какого-то кода. Но код сам по себе, даже если он не проинтегрирован, это ведь не такая уж и проблема, казалось бы. Ну да, фича немножко пылится на полке, но чуть позже ее там юзер получит. Вот все так.",0.1224,0.1224
whisper-medium-int8_beam5,test_00052.wav,то есть мы в каждый момент времени знаем про звук еще какое то такое распределение частот и связано это с тем что наше ухо на самом деле примерно так же и воспринимает звук то есть мы не просто амплитуду понимаем что вот где то там громче где то тише а наше ухо еще понимает что вот этот звук выше этот ниже этот голос более высокий этот голос низкий,"То есть мы в каждый момент времени знаем про звук ещё и какое-то такое распределение частот. И связано это с тем, что наше ухо на самом деле примерно также и воспринимает звук. То есть мы не просто амплитуду понимаем, что вот где-то там громче, где-то тише, а наше ухо ещё понимает, что вот этот звук выше, этот ниже, этот голос более высокий, этот голос низкий.","То есть мы в каждый момент времени знаем про звук ещё и какое-то такое распределение частот. И связано это с тем, что наше ухо на самом деле примерно также и воспринимает звук. То есть мы не просто амплитуду понимаем, что вот где-то там громче, где-то тише, а наше ухо ещё понимает, что вот этот звук выше, этот ниже, этот голос более высокий, этот голос низкий.",0.0735,0.0735
whisper-medium-int8_beam5,test_00053.wav,краеугольным камнем любых алгоритмов машинного обучения является прежде всего обобщающая способность когда мы обучаем некоторую модель у нас есть обучающая выборка у нас есть функция ошибки и наша задача сводится в общем то к оптимизационной задаче мы минимизируем функцию ошибки по параметрам нашей модели на обучающей выборке но на самом деле хотим то мы не этого мы не обучающую ошибку хотим минимизировать,"Краеугольным камнем у любых алгоритмов машинного обучения является, прежде всего, обобщающая способность. Когда мы обучаем некоторую модель, у нас есть обучающая выборка, у нас есть функция ошибки, и наша задача сводится в общем-то к оптимизационной задаче. Мы минимизируем функцию ошибки по параметрам нашей модели на обучающей выборке. Но на самом деле хотим-то мы не этого. Мы не обучающую ошибку хотим минимизировать.","Краеугольным камнем у любых алгоритмов машинного обучения является, прежде всего, обобщающая способность. Когда мы обучаем некоторую модель, у нас есть обучающая выборка, у нас есть функция ошибки, и наша задача сводится в общем-то к оптимизационной задаче. Мы минимизируем функцию ошибки по параметрам нашей модели на обучающей выборке. Но на самом деле хотим-то мы не этого. Мы не обучающую ошибку хотим минимизировать.",0.0161,0.0161
whisper-medium-int8_beam5,test_00054.wav,ничего страшного не произойдет я так понимаю мы наверное скорее всего один только совет дадим ставим opcode и в общем смотрим что opcode указал серым удаляем это все,"ничего страшного не произойдет. Я так понимаю, мы, наверное, скорее всего, один только совет дадим, ставим обкод и, в общем, смотрим, что обкод указал серым, удаляем это все.","Ничего страшного не произойдет. Я так понимаю, мы, наверное, скорее всего, один только совет дадим, ставим обкод и, в общем, смотрим, что обкод указал серым, удаляем это все.",0.0714,0.0714
whisper-medium-int8_beam5,test_00055.wav,если твоя ситуация зашла в проблемную область или в тупик это автоматически означает что твоих интеллектуальных усилий недостаточно для того чтобы она туда не зашла сейчас попытаюсь другую аналогию привести есть такая фраза в программировании отладка программы требует в два раза или в три раза больше интеллектуальных усилий чем написание кода поэтому если код ты написал на максимуме своих интеллектуальных возможностей отладить эту программу ты уже не сможешь,"Если твоя ситуация зашла в проблемную область или в тупик, это автоматически означает, что твоих интеллектуальных усилий недостаточно для того, чтобы она туда не зашла. Сейчас попытаюсь другую аналогию провести. Есть такая фраза в программировании. Отладка программы требует в два раза или в три раза больше интеллектуальных усилий, чем написание кода. Поэтому если код ты написал на максимуме своих интеллектуальных возможностей, отладить эту программу ты уже не сможешь.","Если твоя ситуация зашла в проблемную область или в тупик, это автоматически означает, что твоих интеллектуальных усилий недостаточно для того, чтобы она туда не зашла. Сейчас попытаюсь другую аналогию провести. Есть такая фраза в программировании: отладка программы требует в два раза или в три раза больше интеллектуальных усилий, чем написание кода. Поэтому если код ты написал на максимуме своих интеллектуальных возможностей, отладить эту программу ты уже не сможешь.",0.0147,0.0147
whisper-medium-int8_beam5,test_00056.wav,но этому было посвящено первые 10 минут поэтому я сразу подумал а что будет еще 50 и идея всего доклада что человек или спикер рассказывает про разные кейсы какой паттерн можно было бы юзать для каждого и почему нет то есть там будет целая табличка с тем какие профиты и какие минусы для каждого кейса я помню был прекрасный доклад на медиуме для ну не то что новичков а даже для средних разработчиков где человек быстро прошелся по всем архитектурам,"Но этому было посвящено первых 10 минут, поэтому я сразу подумал, а что будет еще 50? И идея всего доклада, что человек или спикер рассказывает про разные кейсы, какой паттерн можно было бы юзать для каждого и почему нет. То есть там будут целые таблички с тем, что какие профиты, какие минусы для каждого кейса. Я помню, был прекрасный доклад на медиуме, ну не то что для новичков, даже для средних разработчиков, где человек просто быстро прошелся по всем архитектурам.","Но этому было посвящено первых 10 минут, поэтому я сразу подумал, а что будет еще 50? И идея всего доклада, что человек или спикер рассказывает про разные кейсы, какой паттерн можно было бы юзать для каждого и почему нет. То есть там будут целые таблички с тем, что какие профиты, какие минусы для каждого кейса. Я помню, был прекрасный доклад на Medium, ну не то что для новичков, даже для средних разработчиков, где человек просто быстро прошелся по всем архитектурам.",0.125,0.1375
whisper-medium-int8_beam5,test_00057.wav,смотри во первых мы когда отбирали датасет для обучения мы валидировали что вот здесь скорее всего плохое совпадение это надо выкинуть и брали то где мы были уверены что совпадение есть,"Смотри, во-первых, мы когда отбирали датасет для обучения, мы валидировали, что вот здесь, скорее всего, плохое совпадение, это надо выкинуть, и брали то, где мы были уверены, что совпадение есть.","Смотри, во-первых, мы когда отбирали датасет для обучения, мы валидировали, что вот здесь, скорее всего, плохое совпадение, это надо выкинуть, и брали то, где мы были уверены, что совпадение есть.",0.0,0.0
whisper-medium-int8_beam5,test_00058.wav,но егор конечно прав что при обучении студентов нехватка проблем в их жизни которые бы нужно было решать с помощью языков программирования она безусловно сказывается это всегда так это вот когда например какие нибудь haskell евские монады начинают объяснять javascript ерам а там на хабре миллион статей на эту тему мы на самом деле сталкиваемся ровно с тем же,"Но Егор, конечно, прав, что при обучении студентов нехватка проблем в их жизни, которые бы нужно было решать с помощью языков программирования, она, безусловно, сказывается. Это всегда так. Это вот когда, например, какие-нибудь Хаскелевские монады начинают объяснять Джелоскриптерам, а там на Хабре миллион статей на эту тему, мы на самом деле сталкиваемся ровно с тем же.","Но Егор, конечно, прав, что при обучении студентов нехватка проблем в их жизни, которые бы нужно было решать с помощью языков программирования, она, безусловно, сказывается. Это всегда так. Это вот когда, например, какие-нибудь Haskell-овские монады начинают объяснять JavaScript-разработчикам, а там на Хабре миллион статей на эту тему, мы на самом деле сталкиваемся ровно с тем же.",0.0678,0.0339
whisper-medium-int8_beam5,test_00059.wav,они были очень продвинутые в плане управленческих компетенций там были лучшие из лучших мировые менеджеры у них были все возможные метрики и все возможные ресурсы вычислительные и прочие для того чтобы строить свою стратегию на этих метриках и все эти компании просрали все полимеры,"Они были очень продвинутые в плане управленческих компетенций. Там были лучшие из лучших мировые менеджеры. У них были все возможные метрики и все возможные ресурсы вычислительные и прочее для того, чтобы строить свою стратегию на этих метриках. И все эти компании просрали все полимеры.","Они были очень продвинутые в плане управленческих компетенций. Там были лучшие из лучших мировые менеджеры. У них были все возможные метрики и все возможные ресурсы, вычислительные и прочее, для того, чтобы строить свою стратегию на этих метриках. И все эти компании просрали все полимеры.",0.0227,0.0227
whisper-medium-int8_beam5,test_00060.wav,человек недавно ставший тимлидом и который сказал знаешь заходит в чатик и говорит ребята меня вчера сделали тимлидом с чего мне начать и ему там дают ссылку что в первые девяносто дней ты должен и дальше там по порядку one on one performance review там пятое десятое очень легко натащить этого всего,"Человек, недавно ставший темлидом и который сказал, знаешь, заходит в чате, говорит, ребята, меня вчера сделали темлидом, с чего мне начать? И ему там дают ссылку, что в первые 90 дней ты должен. И дальше, там по порядку. One on one, 360, performance review, там пятые десятые. Очень легко натащить этого всего.","Человек, недавно ставший тимлидом и который сказал, знаешь, заходит в чате, говорит, ребята, меня вчера сделали тимлидом, с чего мне начать? И ему там дают ссылку, что в первые 90 дней ты должен. И дальше, там по порядку. One on one, 360, performance review, там пятые, десятые. Очень легко натащить всего этого.",0.1538,0.1538
whisper-medium-int8_beam5,test_00061.wav,и бывает такое что вот здесь могут путаться просто потому что картины вот этих вот пиков найденных особенно если вот говорить про старые алгоритмы они могут быть очень похожи такое может быть,"И бывает такое, что здесь могут путаться просто потому, что картины вот этих вот пиков, найденных, особенно про старые алгоритмы, они могут быть очень похожи. Такое может быть.","И бывает такое, что здесь могут путаться просто потому, что картины вот этих вот пиков, найденных, особенно про старые алгоритмы, они могут быть очень похожи. Такое может быть.",0.125,0.125
whisper-medium-int8_beam5,test_00062.wav,да это отсутствие долго живущих бранчей другими словами отсутствие какого то кода но код сам по себе даже если он не проинтегрирован это ведь не такая уж и проблема казалось бы ну да ну фича неможко пылится на полке ну чуть позже ее там юзер получит ну все так,"Да, это отсутствие долгоживущей бранчей. Другими словами отсутствие какого-то кода. Но код сам по себе, даже если он не проинтегрирован, это ведь не такая уж и проблема, казалось бы. Ну да, фича немножко пылится на полке, но чуть позже ее там юзер получит. Вот все так.","Да, это отсутствие долгоживущей бранчей. Другими словами отсутствие какого-то кода. Но код сам по себе, даже если он не проинтегрирован, это ведь не такая уж и проблема, казалось бы. Ну да, фича немножко пылится на полке, но чуть позже ее там юзер получит. Вот все так.",0.1224,0.1224
whisper-medium-int8_beam5,test_00063.wav,каждый должен подстраивать под себя кстати вот про разминку мне кажется это хороший поинт ну то есть мы там до этого обсуждали историю про травмы и так далее мне кажется то что в принципе история про сделать какую то разминку разогреть мышцы это фактор который позволит те же самые мышцы травмировать в конечном счете,"каждый должен подстраивать под себя. Кстати, вот про разминку, мне кажется, это хороший поинт. Мы там до этого обсуждали историю про травмы и так далее. Мне кажется, что в принципе история про сделать какую-то разминку, разогреть мышцы, это фактор, который позволит меньше те же самые мышцы травмировать в конечном счете.","каждый должен подстраивать под себя. Кстати, вот про разминку, мне кажется, это хороший поинт. Мы там до этого обсуждали историю про травмы и так далее. Мне кажется, что в принципе история про сделать какую-то разминку, разогреть мышцы, это фактор, который позволит меньше те же самые мышцы травмировать в конечном счете.",0.0926,0.0926
whisper-medium-int8_beam5,test_00064.wav,про то как сейчас принято делать как раз таки в распределенных больших системах ну то есть мне нужно там логи посмотреть собрать их в кучу как это сейчас работает мы собираем логи с разных сервисов или мы с разных сервисов логи все сваливаем в одну кучу и смотрим там о это все по разному работает минутка рекламы у нас даже есть отдельный продукт для логов под названием вектор который помогает тебе настроить целый пайплайн обработки своих логов,"про то, как сейчас принято делать как раз таки в распределенных каких-то больших системах. Ну, то есть мне нужно там логи посмотреть, собрать их в кучу. Как это сейчас работает? Мы собираем логи с разных сервисов или мы с разных сервисов логи все сваливаем в одну кучу и смотрим там? Ой, это все по-разному работает. Минутка рекламы, у нас даже есть отдельный продукт для логов под названием Vector, который помогает тебе настроить целый pipeline обработки своих логов.","про то, как сейчас принято делать как раз таки в распределенных каких-то больших системах. Ну, то есть мне нужно там логи посмотреть, собрать их в кучу. Как это сейчас работает? Мы собираем логи с разных сервисов или мы с разных сервисов логи все сваливаем в одну кучу и смотрим там? Ой, это все по-разному работает. Минутка рекламы, у нас даже есть отдельный продукт для логов под названием Vector, который помогает тебе настроить целый pipeline обработки своих логов.",0.0649,0.0649
gigaam_ctc,test_00000.wav,не я делал карты потом я ушел делать яндекс поиск потом этот яндекс поиск стал яндекс браузером там я руководил группой,не я делал карты потом я ушел делать яндекс поиск потом этот яндекс поиск стал яндекс браузером там я руководил группой,"не я делал карты потом я ушел делать Яндекс Поиск, потом этот Яндекс Поиск стал Яндекс Браузером, там я руководил группой",0.0,0.0
gigaam_ctc,test_00001.wav,егор мне перед выпуском уже показывал в гости мы сегодня позвали даню пилина создателя онлайн школы по шахматам skyeng product owner а и сейчас развивает стартап по лидогенерации,егор мне перед выпуском уже показывал в гости мы сегодня позвали даню пилина создателя онлайн школы по шахматам скайэнг продектоунера и сейчас развивает стартап по лидегенерации,"Егор мне перед выпуском уже показывал, в гости мы сегодня позвали Даню Пилина, создателя онлайн-школы по шахматам SkyEng, продектоунера, и сейчас развивает стартап по лид-генерации.",0.1786,0.1786
gigaam_ctc,test_00002.wav,это очень хороший вопрос вот ну вы правы потому что 500 часов на разборах падений вот я достаточно долгое время работал в aws aws очень хорошая практика именно того как мы смотрим на операции различные системы что мы делаем когда они падают что мы делаем когда они не падают что мы делаем чтобы они не падали вот идеально вообще очень хорошо когда они не падают и сейчас я занимаюсь как раз application performance мониторингом в компании datadog то есть,то очень хороший вопрос вот но вы правы потому что пятьсот часов на разбор их падений вот я достаточно долгое время работал вей даблс вей даблс очень хорошая практика именно того как мы смотрим на операции ра различных системы что мы делаем когда они падают что мы делаем когда они не падают что мы делаем чтобы они не падали вот идеально вообще очень хорошо когда они не падают и сейчас я занимаюсь как раз апликейшн перфоманс мониторингом в компании дейта дох то есть,"то очень хороший вопрос, вот но вы правы, потому что пятьсот часов на разбор их падений. Вот я достаточно долгое время работал вей дабблс, вей дабблс — очень хорошая практика, именно того, как мы смотрим на операции в различных системах, что мы делаем, когда они падают, что мы делаем, когда они не падают, что мы делаем, чтобы они не падали. Вот идеально, вообще, очень хорошо, когда они не падают, и сейчас я занимаюсь как раз application performance monitoring в компании DataDock.",0.1899,0.2025
gigaam_ctc,test_00003.wav,мой любимый фокус observability мы понимаем когда системе станет плохо грубо говоря в два часа ночи ваша система упадет с отказом по памяти будьте готовы к этому пожалуйста вот это и есть observability это один ее аспект а второй аспект который для меня на самом деле самый важный обычно мы не знаем что нам нужно знать о системе в тот момент когда мы ее разрабатываем,мой любимый фокус обзеробирити мы понимаем когда системе станет плохо грубо говоря в два часа ночи ваша система упадет с отказом по памяти будьте готовы к этому пожалуйста вот это и есть обзеробирити это один ее аспект а второй аспект который для меня на самом деле самый важный обычно мы не знаем что нам нужно знать о системе в тот момент когда мы ее разрабатываем,"мой любимый фокус observability мы понимаем когда системе станет плохо, грубо говоря, в два часа ночи ваша система упадет с отказом по памяти, будьте готовы к этому, пожалуйста. Вот это и есть observability, это один ее аспект, а второй аспект, который для меня на самом деле самый важный, обычно мы не знаем, что нам нужно знать о системе в тот момент, когда мы ее разрабатываем.",0.0308,0.0
gigaam_ctc,test_00004.wav,потому что по айдишнику клиента уже можно было как то вот эту пачку транзакций связать из разных микросервисов,потому что по айдишнику клиента уже можно было как то вот эту пачку транзакций связать из разных микросервисов,потому что по ID клиенту уже можно было как-то вот эту пачку транзакций связать из разных микросервисов,0.0,0.1111
gigaam_ctc,test_00005.wav,ну и еще вопрос такой важный лицензирования openstt недоступен для построения коммерческих моделей только академических а у голоса sberdevices golos там нету никаких ограничений фактически это лицензия близкая к creative commons share alike лицензии как это формулируется и это хорошо,ну и еще вопрос такой важный лицензирование опнстт недоступен для построения коммерческих моделей только академических а у голоса сбердевайсис голос там нету никаких ограничений фактически это лицензия близкая к креатив комманс шере лайк лицензия по любому формулируется это хорошо,"ну и еще вопрос такой важный: лицензирование, опенсорс, недоступно для построения коммерческих моделей, только для академических. А у голоса СберДевайсис голос там нету никаких ограничений, фактически это лицензия, близкая к креатив коммонс share-like лицензия. По любому формулируется это хорошо.",0.3,0.325
gigaam_ctc,test_00006.wav,мой любимый фокус observability мы понимаем когда системе станет плохо грубо говоря в два часа ночи ваша система упадет с отказом по памяти будьте готовы к этому пожалуйста вот это и есть observability это один ее аспект а второй аспект который для меня на самом деле самый важный обычно мы не знаем что нам нужно знать о системе в тот момент когда мы ее разрабатываем,мой любимый фокус обзеробирити мы понимаем когда системе станет плохо грубо говоря в два часа ночи ваша система упадет с отказом по памяти будьте готовы к этому пожалуйста вот это и есть обзеробирити это один ее аспект а второй аспект который для меня на самом деле самый важный обычно мы не знаем что нам нужно знать о системе в тот момент когда мы ее разрабатываем,"мой любимый фокус observability мы понимаем когда системе станет плохо, грубо говоря, в два часа ночи ваша система упадет с отказом по памяти, будьте готовы к этому, пожалуйста. Вот это и есть observability, это один ее аспект, а второй аспект, который для меня на самом деле самый важный, обычно мы не знаем, что нам нужно знать о системе в тот момент, когда мы ее разрабатываем.",0.0308,0.0
gigaam_ctc,test_00007.wav,вот это первый сигнал его некомпетентности самый правильный способ если у вас там что либо заболело вообще что либо это провести диагностику и попробовать вылечить через упражнения,вот это первый сигнал его некомпетентности самый правильный способ если у вас там что либо заболел вообще что либо это провести диагностику и попробовать вылечить через упражнения,"Вот это первый сигнал его некомпетентности. Самый правильный способ, если у вас там что-либо заболело, вообще что-либо, это провести диагностику и попробовать вылечить через упражнения.",0.037,0.0
gigaam_ctc,test_00008.wav,и вот изначально наша система координат была такова что вот эти клеточки они одинакового размера но потом выяснилось что на самом деле мы расстояние воспринимаем так что чем дальше они от нас эти горы тем расстояние на одну клеточку меньше для нас важно чем вблизи,и вот изначально наша система координат была такова что вот эти клеточки они одинакового размера но потом выяснилось что на самом деле мы расстояние воспринимаем так что чем дальше они от нас эти горы тем расстояние на одну клеточку меньше для нас важно чем вблизи,"и вот изначально наша система координат была такова, что вот эти клеточки они одинакового размера, но потом выяснилось, что на самом деле мы расстояние воспринимаем так, что чем дальше они от нас, эти горы, тем расстояние на одну клеточку меньше для нас важно, чем вблизи.",0.0,0.0
gigaam_ctc,test_00009.wav,они просто про разработку и про то как он решает задачи в основном там ruby python чуть чуть shell а однако те подходы которые он использует можно перевести и на свою повседневную жизнь и также на destroyallsoft com есть раздел с выступлениями гарри там есть очень полезный доклад который я всем рекомендую он называется boundaries,они просто про разработку и про то как он решает задачи в основном там руби петон чуть чуть шела однако те подходы которые он использует можно перенести и на свою повседневную жизнь и также на дестрой ософтвэй точка ком есть раздел с выступлениями гари там есть очень полезный доклад который я всем рекомендую называется баундерис,"они просто про разработку и про то, как он решает задачи. В основном там руби, петон, чуть-чуть шелл. Однако те подходы, которые он использует, можно перенести и на свою повседневную жизнь, и также на destroy-software.com есть раздел с выступлениями Гари. Там есть очень полезный доклад, который я всем рекомендую. Он называется «Boundaries».",0.2182,0.1455
gigaam_ctc,test_00010.wav,и ты такой а тебе приходится делать какие то телодвижения руками потом если у тебя этой связки нет чтобы вытащить информацию,и ты такой а тебе приходится делать какие то телодвижения руками потом если у тебя этой связки нет чтобы вытащить информацию,"И ты такой, а тебе приходится делать какие-то телодвижения руками потом, если у тебя этой связки нет, чтобы вытащить информацию.",0.0,0.0
gigaam_ctc,test_00011.wav,и мне кажется абсолютно все замечали что детские крики раздражают там и ты на них обращаешь внимание намного сильнее чем какие то низкие частоты здесь кажется то что ну наверное из этого следует что высокие частоты мы слышим там и распознаем лучше чем например низкие,и мне кажется абсолютно все замечали что детские крики раздражают там и ты на них обращаешь внимание намного сильнее чем какие то низкие частоты здесь кажется то что ну наверное из этого следует что высокие частоты мы слышим там и распознаем лучше чем например низкие,"И мне кажется абсолютно все замечали, что детские крики раздражают, там и ты на них обращаешь внимание намного сильнее, чем какие-то низкие частоты. Здесь кажется, то, что, ну, наверное, из этого следует, что высокие частоты мы слышим там и распознаем лучше, чем, например, низкие.",0.0,0.0
gigaam_ctc,test_00012.wav,хардкорный доклад самый человек занимается криптографией на swift е поэтому там можно ожидать многих интересных фичей технических деталей но по прежнему из за того что два дня и три треда всегда можно будет найти что посмотреть на том же русском языке если у нас будут такие гости,харкорный доклад сам человек занимается криптографией на свифте поэтому там можно ожидать многих интересных технических деталей но по прежнему из за того что два дня и три треда всегда можно будет найти что посмотреть на том же русском языке если у нас будут такие гости,"хардкорный доклад. Сам человек занимается криптографией на Swift, поэтому там можно ожидать многих интересных технических деталей. Но по прежнему, из-за того, что два дня и три трека, всегда можно будет найти что посмотреть на том же русском языке, если у нас будут такие гости.",0.1064,0.0851
gigaam_ctc,test_00013.wav,ну или даже больше у меня могло быть три часа нагрузки три часа бега в сутках это уже много я там действительно мог бургер съесть так что тут тоже если вы захотите потом уже профессионально еще сильнее упарываться то возможно там уже можно будет и забить на питание мне кажется,ну или даже больше у меня могло быть три часа нагрузки три часа бега в сутках это уже много я там действительно мог бургер съесть так что тут тоже если вы захотите потом уже профессионально еще сильнее упариваться то возможно там уже можно будет и забить на питание мне кажется,"ну или даже больше у меня могло быть три часа нагрузки, три часа бега в сутках, это уже много. Я там действительно мог бургер съесть, так что тут тоже. Если вы захотите потом уже профессионально еще сильнее упариваться, то возможно там уже можно будет и забить на питание, мне кажется.",0.02,0.02
gigaam_ctc,test_00014.wav,что то происходит не так в очень редком количестве случаев и это вот самое неприятное то есть у тебя там в 99 случаев все работает нормально но вот при таких входных данных система там встает в ступор выполняет это в 10 раз дольше и так далее и тому подобное и ты такой хм как поймать,что то происходит не так в очень редком количестве случаев это вот самое неприятное то есть у тебя там в девяносто девяти процентов случаев все работает нормально но вот при таких входных данных система там встает в ступор выполняет это в десять раз дольше и так далее и тому подобное и ты такой как поймать,"Что-то происходит не так в очень редком количестве случаев. Это вот самое неприятное. То есть у тебя там в девяносто девяти процентах случаев все работает нормально, но вот при таких входных данных система там встает в ступор, выполняет это в десять раз дольше и так далее и тому подобное. И ты такой, как поймать.",0.1091,0.1091
gigaam_ctc,test_00015.wav,а это подробности получается именно того как работают форматы музыкальные для соответственно звука или как ты имеешь в виду про перекодировку и почему возникают расхождения или что да да да ну то есть вот ты сказал что даже если мы возьмем там не знаю битрейт поменяем у нас уже изменится и у нас побитового сравнения не получится,а это подробности получается именно того как работают форматы музыкально для соответственно звука или как ты имеешь в виду про перекодировку и почему возникают расхождения или что да да да ну то есть вот ты сказал то что даже если мы возьмем там не знаю битрейт поменяем у нас уже изменится и у нас побитого сравнения не получится,"а это подробности получается именно того как работают форматы музыкальные, для соответственно звука, или как ты имеешь в виду про перекодировку и почему возникают расхождения? Или что? Да, ну то есть вот ты сказал то что даже если мы возьмем там не знаю битрейт поменяем, у нас уже изменится, и у нас побитового сравнения не получится.",0.0526,0.0526
gigaam_ctc,test_00016.wav,то в силу того что люди не способны особенно непрофессионалы в точности напевать мелодии соблюдая высоты тайминги между нотами а именно на это я думаю будет обращать внимание алгоритм пытаясь вот построить это преобразование то здесь мы неизбежно будем сталкиваться с тем что какой то диапазон различимых мелодий будет не очень большой,то в силу того что люди неспособны дну особенно не профессионалы в точности напевать мелодии соблюдая высоты тайминги между нотами а именно на это я думаю будет будет обращать внимание алгоритм пытаясь вот построить это преобразование то здесь мы неизбежно будем сталкиваться с тем что какой то диапазон различимых мелодий он будет не очень большой,"то в силу того, что люди неспособны точно, особенно не профессионалы, напевать мелодии, соблюдая высоты и тайминги между нотами, а именно на это я думаю будет обращать внимание алгоритм, пытаясь вот построить это преобразование. То здесь мы неизбежно будем сталкиваться с тем, что какой-то диапазон различимых мелодий он будет не очень большой.",0.1154,0.1346
gigaam_ctc,test_00017.wav,и между ними может быть какое то количество дискретных столбиков где каждый столбик это своя частота это если совсем упрощать ну ты что то типа эквалайзера рассказал да да да по сути обычный эквалайзер,и между ними может быть какое то количество дескретных столбиков где каждый столбик это своя чистота это если совсем упрощать ты что то типа аквалайзера рассказал да да да по сути обычный аквалайзер,"и между ними может быть какое-то количество дискретных столбиков, где каждый столбик это своя чистота. Это если совсем упрощать. Ты что-то типа эквалайзера рассказал. Да, да, да. По сути, обычный эквалайзер.",0.1471,0.0588
gigaam_ctc,test_00018.wav,вот пришел запрос мы для него нашли пул кандидатов треков кандидатов и на самом деле из этого пула кандидатов правильный ответ если он даже есть там один или там несколько если там есть дубликаты этого трека в базе а все остальное это вообще говоря другие треки но мы можем посчитать какая похожесть,вот пришел запрос мы для него нашли пул кандидатов треков кандидатов и на самом деле из этого пула кандидатов правильный ответ если он даже есть там один или там несколько если там есть дубликаты этого трека в базе а все остальное это вообще говоря другие треки но мы можем посчитать какая похожесть,"Вот пришел запрос мы для него нашли пул кандидатов, треков кандидатов и на самом деле из этого пула кандидатов правильный ответ, если он даже есть там один или там несколько, если там есть дубликаты этого трека в базе, а все остальное это вообще говоря другие треки, но мы можем посчитать какая похожесть.",0.0,0.0
gigaam_ctc,test_00019.wav,выводы о том какой следующий шаг надо сделать alphazero как раз вот если говорить о stockfish движке это появилось года четыре пять лет назад и по моему там история такая что за сутки она обучилась через сутки смогла обыгрывать уже гроссмейстеров,выводы о том какой следующий шаг надо сделать альфа зира как раз вот если говорить про сток виш движке это появилось года четыре пять лет назад и по моему там история такая что за сутки она обучилась через сутки смогла обыгрывать уже гросмейстеров,"Выводы о том, какой следующий шаг надо сделать, альфа зира как раз вот если говорить про сток виш движок, это появилось года четыре-пять лет назад и по моему там история такая, что за сутки она обучилась, через сутки смогла обыгрывать уже гроссмейстеров.",0.1463,0.1463
gigaam_ctc,test_00020.wav,то есть мы в каждый момент времени знаем про звук еще какое то такое распределение частот и связано это с тем что наше ухо на самом деле примерно так же и воспринимает звук то есть мы не просто амплитуду понимаем что вот где то там громче где то тише а наше ухо еще понимает что вот этот звук выше этот ниже этот голос более высокий этот голос низкий,то есть мы в каждый момент времени знаем про звук еще и какое то такое распределение частот и связано это с тем что наше ухо на самом деле примерно также и воспринимает звук то есть мы то есть мы не просто амплитуду понимаем что вот где то там громче где то тише а наше ухо еще понимает что вот этот звук выше этот ниже этот голос более высокий этот голос низкий,"то есть мы в каждый момент времени знаем про звук еще и какое-то такое распределение частот, и связано это с тем, что наше ухо на самом деле примерно также и воспринимает звук, то есть мы то есть мы не просто амплитуду понимаем, что вот где-то там громче, где-то тише, а наше ухо еще понимает, что вот этот звук выше, этот ниже, этот голос более высокий, этот голос низкий.",0.0882,0.0882
gigaam_ctc,test_00021.wav,я точно знаю у нас сейчас есть клиенты которые даже там на warning statement ы в наших логах реагируют такие о вы начали тут warning писать а у нас наши системы реагируют на то что warning и которые мы не знаем появляются в логах нам это мешает можете убрать,я точно знаю у нас сейчас есть клиенты которые даже там на ворнинг стейтменты в наших логах реагируют такие о вы начали тут ворнинг писать а у нас наша система реагирует на то что ворнинги которые мы не знаем появляются в логах нам это мешает можете убрать,"я точно знаю у нас сейчас есть клиенты которые даже на warning statements в наших логах реагируют, такие: «О, вы начали тут warning писать». А у нас наша система реагирует на то, что warning'и, которые мы не знаем, появляются в логах. Нам это мешает, можете убрать.",0.1837,0.1224
gigaam_ctc,test_00022.wav,когда у тебя система либо становится распределенной либо асинхронной внутри что по большому счету для целей нашего разговора практически одно и то же у тебя вот эта последовательность выполнения она теряется то есть грубо говоря тебе пришел какой то запрос ты можешь его положить в очередь для клиента и потом что то сделать,когда у тебя система либо становится распределенной либо асинхронной внутри что по большому счету для целей нашего разговора практически одно и тоже у тебя вот эта последовательность выполнения она теряется то есть грубо говоря тебе пришел какой то запрос ты можешь его положить в очередь для клиента и потом что то сделать,"когда у тебя система либо становится распределенной либо асинхронной внутри, что по большому счету для целей нашего разговора практически одно и то же, у тебя вот эта последовательность выполнения она теряется. То есть, грубо говоря, тебе пришел какой-то запрос, ты можешь его положить в очередь для клиента и потом что-то сделать.",0.0377,0.0
gigaam_ctc,test_00023.wav,то в силу того что люди не способны особенно непрофессионалы в точности напевать мелодии соблюдая высоты тайминги между нотами а именно на это я думаю будет обращать внимание алгоритм пытаясь вот построить это преобразование то здесь мы неизбежно будем сталкиваться с тем что какой то диапазон различимых мелодий будет не очень большой,то в силу того что люди неспособны дну особенно не профессионалы в точности напевать мелодии соблюдая высоты тайминги между нотами а именно на это я думаю будет будет обращать внимание алгоритм пытаясь вот построить это преобразование то здесь мы неизбежно будем сталкиваться с тем что какой то диапазон различимых мелодий он будет не очень большой,"то в силу того, что люди неспособны точно, особенно не профессионалы, напевать мелодии, соблюдая высоты и тайминги между нотами, а именно на это я думаю будет обращать внимание алгоритм, пытаясь вот построить это преобразование. То здесь мы неизбежно будем сталкиваться с тем, что какой-то диапазон различимых мелодий он будет не очень большой.",0.1154,0.1346
gigaam_ctc,test_00024.wav,то как бы но зачем здесь смотреть в логи прошлой версии системы там все равно же все не так работает это уже все старье надо новое смотреть вот я бы как раз тут не согласился мне скорее всего понадобятся логи предыдущего состояния системы если что то вдруг выкатили и оно стало работать не так как мы ожидали,то как бы ну зачем мне смотреть влоги прошлой версии системы там все равно уже все не так работает это уже все старье надо новое смотреть вот я бы как раз тут не согласился мне скорее всего понадобятся логи предыдущего состояния системы если что то вдруг выкатили и оно стало работать не так как мы ожидали,"то как бы ну зачем мне смотреть влоги прошлой версии системы? Там все равно уже все не так работает, это уже все старье, надо новое смотреть. Вот я бы как раз тут не согласился, мне скорее всего понадобятся логи предыдущего состояния системы, если что-то вдруг выкатили и оно стало работать не так, как мы ожидали.",0.0877,0.0877
gigaam_ctc,test_00025.wav,и поэтому использовать их в повседневности не получается мы вынуждены поступать зачастую интуитивно,и поэтому использовать их в повседневности не получается мы вынуждены поступать зачастую интуитивно,"и поэтому использовать их в повседневности не получается, мы вынуждены поступать зачастую интуитивно.",0.0,0.0
gigaam_ctc,test_00026.wav,что если зуб в результате развития кариеса разрушен до 40 то его возможно восстановить пломбой то есть композитным материалом реставрацией ну это пластмасса по существу,что если зуб в результате развития кариса разрушен до сорока процентов то его возможно восстановить пломбой то есть композитным материалом реставрации это пластмасса по существу,"что если зуб в результате развития кариеса разрушен до сорока процентов, то его возможно восстановить пломбой, то есть композитным материалом реставрации. Это пластмасса по существу.",0.2,0.16
gigaam_ctc,test_00027.wav,на примере может быть для тех кто ни разу с этим не сталкивался а я там не знаю как мобильный разработчик например последние сколько то лет сижу и думаю ну у меня логи там ну куда нибудь в centric могут отправиться обычно я вижу что у меня в какой нибудь google play прилетели краши и я просто по названию exception а захожу туда где мне нужно найти логи ctrl c ctrl v найти нахожу конкретные логи все типа конец больше мне делать ничего не нужно,на примере может быть для тех кто с этим ни разу не сталкивался а я там не знаю как мобильный разработчик например последние сколько то лет сижу и думаю ну у меня логи там ну куда нибудь в центре могут отправиться обычно я вижу что мне в какой нибудь гугл плей плей прилетели кроши я просто по названию ексепшена захожу туда где мне нужно найти логи контрол ц контрол в найти нахожу конкретные логи все типа конец больше мне делать ничего не нужно,"На примере может быть для тех, кто с этим ни разу не сталкивался, а я там не знаю, как мобильный разработчик, например, последние сколько-то лет сижу и думаю: ну у меня логи там, ну куда-нибудь в центре могут отправиться. Обычно я вижу, что мне в какой-нибудь Google Play, Play прилетели краши. Я просто по названию эксепшена захожу туда, где мне нужно найти логи, Control+C, Control+V, нахожу конкретные логи, все, типа конец, больше мне делать ничего не нужно.",0.2118,0.1647
gigaam_ctc,test_00028.wav,максимально ухудшить идеальную систему вводя туда какие то элементы или условия чтобы итоговая результат должен быть такой мы должны в 22 раза замедлить нашу разработку,максимально ухудшить идеальную систему вводя туда какие то элементы или условия чтобы итоговая результат должен быть такой мы должны в двадцать два раза замедлить нашу разработку,"максимально ухудшить идеальную систему, вводя туда какие-то элементы или условия, чтобы итоговый результат был такой: мы должны в двадцать два раза замедлить нашу разработку.",0.08,0.2
gigaam_ctc,test_00029.wav,и вот такая архитектура долгое время доминировала ее пытались модифицировать в двухтысячных годах произошел определенный прорыв в области обучения глубоких нейронных сетей с легкой руки джеффри хинтона и его ученика рустама салахутдинова и стали активно использовать вместо скрытых марковских моделей на акустико фонетическом уровне многослойные нейронные сети либо многослойные персептроны либо сверточные нейронные сети,и вот такая архитектура долгое время доминировала ее пытались модифицировать в двухтысячных годах произошел определенный прорыв в области обучения глубоких нейронных сетей с легкой руки джефри хинтона и его ученика рустама салахутдинова и стали активно использовать вместо скрытых марковских моделей на акустикофитическом уровне многослойные нейронные сети либо многослойные персектроны либо сверточные нейронные сети,"и вот такая архитектура долгое время доминировала, ее пытались модифицировать в двухтысячных годах. Произошел определенный прорыв в области обучения глубоких нейронных сетей с легкой руки Джеффри Хинтона и его ученика Рустама Салахутдинова, и стали активно использовать вместо скрытых марковских моделей на акустико-фонетическом уровне многослойные нейронные сети, либо многослойные персептроны, либо сверточные нейронные сети.",0.0741,0.0
gigaam_ctc,test_00030.wav,убрали весь формализм всю регулярность а это essence мы до этого обсуждали что такое one on one и эти три признака выбыли как характеризующие мы убираем регулярность мы убираем формализм ну вы можете в произвольной форме пообщаться все и это больше не one on one вы просто пообщались,убрали весь формализм всю регулярность а это эссенс мы до этого обсуждали что такое ван онлан и эти три признака выбрали как характеризующие мы убираем регулярность мы убираем формализм ну вы можете в произвольной форме пообщаться все и это больше не ван онлан вы просто пообщались,"убрали весь формализм, всю регулярность. А это эссенс. Мы до этого обсуждали, что такое Ван Онлайн, и эти три признака выбрали как характеризующие. Мы убираем регулярность, мы убираем формализм. Ну вы можете в произвольной форме пообщаться, все. И это больше не Ван Онлайн. Вы просто пообщались.",0.1667,0.1667
gigaam_ctc,test_00031.wav,но не все индустрии в одинаковом состоянии они прошли немножко разный путь у меня такой вопрос перед тем как мы начнем набрасывать и в общем закапывать одну индустрию за другой выявлять дисфункции и так далее у меня есть предложение как то договориться на тему того а что мы называем качественным менеджментом как понять что один менеджмент качественный а другой нет,но не все индустрии в одинаковом состоянии они прошли немножко разный путь у меня такой вопрос перед тем как мы начнем набрасывать и в общем закапывать одну индустрию за другой выявлять дисфункции и так далее у меня есть предложение как то договориться на тему того а что мы называем качественным менеджментом как понять что один менеджмент качественный а другой нет,"но не все индустрии в одинаковом состоянии, они прошли немножко разный путь. У меня такой вопрос перед тем, как мы начнем набрасывать и в общем закапывать одну индустрию за другой, выявлять дисфункции и так далее. У меня есть предложение как-то договориться на тему того, а что мы называем качественным менеджментом, как понять, что один менеджмент качественный, а другой нет.",0.0,0.0
gigaam_ctc,test_00032.wav,и получаем очень много вот таких широты знаний и мне кажется что все остальные причины которые тут можно привести они уже вытекают отсюда ну во первых когда мы смотрим на языки программирования мы всегда видим что они очень тесно между собой связаны,и получаем очень много вот таких широты знаний и мне кажется что все остальные причины которые тут можно привести они уже они уже вытекают отсюда ну во первых когда мы смотрим на языки программирования мы всегда видим что они очень тесно между собой связаны,"и получаем очень много вот таких широты знаний и мне кажется, что все остальные причины, которые тут можно привести, они уже, они уже вытекают отсюда. Ну, во-первых, когда мы смотрим на языки программирования, мы всегда видим, что они очень тесно между собой связаны.",0.0476,0.0476
gigaam_ctc,test_00033.wav,он как раз говорил примерно следующее к сожалению мы не все можем измерить но проблема в том что мы вынуждены управлять тем чего измерить не можем,он как раз говорил примерно следующее к сожалению мы не все можем измерить но проблема в том что мы вынуждены управлять тем чего измерить не можем,"Он как раз говорил примерно следующее: к сожалению, мы не все можем измерить, но проблема в том, что мы вынуждены управлять тем, чего измерить не можем.",0.0,0.0
gigaam_ctc,test_00034.wav,а можно задать тебе вопрос да конечно что тебе нравится больше чем спать спокойно по ночам зная что твой сон охраняет observability нашего биллинга podlodka crew построенное на телеграме,можно задать тебе вопрос да конечно что тебе нравится больше чем спать спокойно по ночам зная что твой сон охраняет обзервобилити нашего билинга под лодкой крю построенное на телеграмме,"можно задать тебе вопрос да конечно что тебе нравится больше чем спать спокойно по ночам зная что твой сон охраняет observability нашего биллинга под лодкой крю, построенное на телеграмме",0.2414,0.1724
gigaam_ctc,test_00035.wav,максимально ухудшить идеальную систему вводя туда какие то элементы или условия чтобы итоговая результат должен быть такой мы должны в 22 раза замедлить нашу разработку,максимально ухудшить идеальную систему вводя туда какие то элементы или условия чтобы итоговая результат должен быть такой мы должны в двадцать два раза замедлить нашу разработку,"максимально ухудшить идеальную систему, вводя туда какие-то элементы или условия, чтобы итоговый результат был такой: мы должны в двадцать два раза замедлить нашу разработку.",0.08,0.2
gigaam_ctc,test_00036.wav,большой объем знаний который дается в интересной форме и из за этого метода преподношения он воспринимается лучше,большой объем знаний который дается в интересной форме и из за этого метода преподношения он воспринимается лучше,"большой объем знаний, который дается в интересной форме, и из-за этого метода преподношения он воспринимается лучше",0.0,0.0
gigaam_ctc,test_00037.wav,ты не можешь сразу как это на большом чане ну просто дорого будет делать сразу на большом чане культивацию большого количества клеток,ты не можешь сразу как то на большом чане просто дорого будет делать сразу на большом чане культивацию большого количества клеток,ты не можешь сразу как-то на большом чане просто дорого будет делать сразу на большом чане культивацию большого количества клеток,0.0909,0.0909
gigaam_ctc,test_00038.wav,а если эти зубы в зоне улыбки то сразу ставят коронку в один день сразу это занимает ну обычно час спланированная манипуляция занимает обычно час,а если эти зубы в зоне улыбки то сразу ставят коронку в один день сразу это занимает ну обычно час спланированная манипуляция занимает обычно час,"а если эти зубы в зоне улыбки, то сразу ставят коронку в один день, сразу. Это занимает, ну, обычно час. Спланированная манипуляция занимает обычно час.",0.0,0.0
gigaam_ctc,test_00039.wav,всем привет друзья с вами подкаст подлодка меня зовут женя кателла со мной сегодня стас цыганов стас привет,всем привет друзья с вами подкаст подлодка меня зовут женя кателла со мной сегодня стас цыганов стас привет,"Всем привет, друзья. С вами подкаст «Подлодка». Меня зовут Женя Кателла. Со мной сегодня Стас Цыганов. Стас, привет.",0.0,0.0
gigaam_ctc,test_00040.wav,то есть вот нужно доверять учителю с опытом и тут вот это самое главное не мешать ему работать то есть да вот рекомендация вы решите что кого вы будете рекомендовать и потом уже на этот вопрос отвечайте,то есть вот нужно доверять учителю с опытом и тут вот это самое главное не мешать ему работать то есть да вот рекомендация вы решите что кого вы будете рекомендовать и потом уже на этот вопрос отвечайте,"то есть вот нужно доверять учителю с опытом, и тут вот это самое главное не мешать ему работать, то есть да, вот рекомендация: вы решите, кого вы будете рекомендовать, и потом уже на этот вопрос отвечайте.",0.0,0.027
gigaam_ctc,test_00041.wav,это волчанка да но давайте вот про это я не буду сегодня я готов больше про раковые клетки просто потому что про них лучше изучал да я не думаю что есть принципиальное отличие в производстве,это волчанка да но давайте вот про это я не буду сегодня готов больше про раковые клетки просто потому что про них лучше изучал да я не думаю что есть принципиальное отличие в производстве,"это волчанка да но давайте вот про это я не буду сегодня готов больше про раковые клетки просто потому что про них лучше изучал да я не думаю, что есть принципиальное отличие в производстве.",0.0286,0.0286
gigaam_ctc,test_00042.wav,и поэтому использовать их в повседневности не получается мы вынуждены поступать зачастую интуитивно,и поэтому использовать их в повседневности не получается мы вынуждены поступать зачастую интуитивно,"и поэтому использовать их в повседневности не получается, мы вынуждены поступать зачастую интуитивно.",0.0,0.0
gigaam_ctc,test_00043.wav,ну просто чтобы какое то разумное его количество чтобы можно было его не искать и для скорости да просто это нужно делать там за какие то не знаю сотни миллисекунд ну там за секунды то есть сам поиск работает достаточно быстро и если мы будет вальяжно с каждым треком сравнивать это это просто неподъемно даже на каком то кластере поисковом это невозможно так,ну просто чтобы какое то разумное ее было количество чтобы можно было в нее искать и для скорости да просто это нужно делать там за какие то не знаю сотни миллисекунд там да секунды то есть сам поиск работает достаточно быстро и если мы будем вальяжно с каждым треком сравнивать это просто неподъемно даже на каком то кластере поисковом это невозможно так,"ну просто чтобы какое-то разумное ее было количество, чтобы можно было в нее искать, и для скорости да, просто это нужно делать там за какие-то не знаю сотни миллисекунд, там да, секунды. То есть сам поиск работает достаточно быстро, и если мы будем вальяжно с каждым треком сравнивать, это просто неподъемно даже на каком-то кластере поисковом, это невозможно.",0.127,0.1429
gigaam_ctc,test_00044.wav,и мне кажется абсолютно все замечали что детские крики раздражают там и ты на них обращаешь внимание намного сильнее чем какие то низкие частоты здесь кажется то что ну наверное из этого следует что высокие частоты мы слышим там и распознаем лучше чем например низкие,и мне кажется абсолютно все замечали что детские крики раздражают там и ты на них обращаешь внимание намного сильнее чем какие то низкие частоты здесь кажется то что ну наверное из этого следует что высокие частоты мы слышим там и распознаем лучше чем например низкие,"И мне кажется абсолютно все замечали, что детские крики раздражают, там и ты на них обращаешь внимание намного сильнее, чем какие-то низкие частоты. Здесь кажется, то, что, ну, наверное, из этого следует, что высокие частоты мы слышим там и распознаем лучше, чем, например, низкие.",0.0,0.0
gigaam_ctc,test_00045.wav,и вводить его нужно на сайте podlodka io gocrew вот и позвали поговорить про observability мы михаила дружинина михаил engineering manager в компании datadog управляет разработкой всех клиентских библиотек на восьми языках разработки для application performance мониторинга и distributed трейсинга,и вводить его нужно на сайте подводка точка о слэш гоу крю вот и позвали поговорить про обзервобилити мы михаила дружинина михаил инженери менеджер компании дейта дог управляет разработкой всех клиентских библиотек на восьми языках разработки для пликейшн перфоменс мониторинга и дистрибьютет трейсинга,"и вводить его нужно на сайте подводка точка о слэш гоу крю вот и позвали поговорить про observability мы Михаил дружинин, Михаил, инженер, менеджер компании дейта дог, управляет разработкой всех клиентских библиотек на восьми языках разработки для application performance monitoring и distributed tracing",0.375,0.375
gigaam_ctc,test_00046.wav,где важны будут классы насколько я вообще java понимаю там ты без классов никуда не двинешься и там ну как бы хочешь не хочешь у тебя будут классы это первое а второе я считаю что если этого требует архитектура то пусть это будет класс например это фабрика или какой то билдер,где должны быть классы насколько я вообще джао понимаю там ты без классов никуда не двинешься и там ну как бы хочешь не хочешь у тебя будут классы классы это первое а второе я считаю что если этого требует архитектура то пусть это будет класс например это фабрика или какой то билдер,"где должны быть классы? Насколько я вообще понимаю, там ты без классов никуда не двинешься, и там, ну как бы, хочешь не хочешь у тебя будут классы. Классы — это первое. А второе я считаю, что если этого требует архитектура, то пусть это будет класс, например, это фабрика или какой-то билдер.",0.0784,0.0784
gigaam_ctc,test_00047.wav,установка куплена для врача а врач поймет врач поймет что он ездит на мерседесе и приезжает на работу как бы все хорошо вот это все мелочи но они формируют поэтому питать иллюзию о том что будет очень крутой врач в очень дешевом месте ну как бы очень маловероятно и я когда был молодым специалистом меня сильно возмущала цена имплантации в америке прям сильно возмущала блин то же самое в четыре раза дороже не может быть,установка куплена для врача а врач поймет врач поймет что он ездит на мерседесе и приезжает на работу как бы все хорошо вот это все мелочи но они формируют поэтому питать иллюзию о том что будет очень крутой врач в очень дешевом месте те ну как бы очень маловероятно и я когда был молодым специалистом меня сильно возмущала цена имплантации в америке прям сильно возмущала я думал блин тоже самое в четыре раза дороже не может быть,"установка куплена для врача, а врач поймет, врач поймет, что он ездит на мерседесе и приезжает на работу, как бы все хорошо. Вот это все мелочи, но они формируют, поэтому питать иллюзию о том, что будет очень крутой врач в очень дешевом месте, те ну как бы очень маловероятно. И я, когда был молодым специалистом, меня сильно возмущала цена имплантации в Америке, прям сильно возмущала. Я думал: блин, тоже самое в четыре раза дороже не может быть.",0.0667,0.0667
gigaam_ctc,test_00048.wav,и он еще мелкий был то есть я быстрее смогу и он талантливый на самом деле я тебе так скажу там ключевое будет играть это талант там не то что ты возьмешь выучишь подготовишься там уже играет составляющая таланта именно что ты действительно обыгрываешь уже да я бы все таки тут предложил бы немножко эту идею закопать почему потому что у меня опять же нет статы но насколько помню там есть какая то корреляция да достаточно сильная между условно возрастом и рейтингом,и он еще мелкий был то есть я быстрее смогу и он талантливый на самом деле я тебе так скажу там ключевой будет играть это талант там не то что ты возьмешь выучишь подготовишься там уже играет составляющая таланта именно что ты действительно обыгрываешь уже да я бы все таки тут предложил бы немножко эту идею закопать почему потому что у меня опять же нет статы но насколько помню там есть какая то корреляция да достаточно сильная между условным возрастом и рейтингом,"и он еще мелкий был, то есть я быстрее смогу, и он талантливый, на самом деле, я тебе так скажу, там ключевой будет играть этот талант, там не то что ты возьмешь, выучишь, подготовишься, там уже играет составляющая таланта, именно что ты действительно обыгрываешь уже, да, я бы все таки тут предложил бы немножко эту идею закопать, почему потому что у меня опять же нет статы, но насколько помню, там есть какая-то корреляция, да, достаточно сильная между условным возрастом и рейтингом.",0.0244,0.0366
gigaam_ctc,test_00049.wav,практически не знаю насколько булшитно это прозвучит скорее бизнесово ориентированный пайплайн который сырые технические данные превращает в информацию для принятия решений каких то там оперативных здесь и сейчас возможно или там в будушем да технический бизнесовый инструмент который позволяет тебе управлять своей системой и позволяет тебе понимать а что же происходит внутри нее,практически не знаю насколько это булшитно прозвучит скорее бизнесовы ориентированный пайплайн который сырые технические данные превращает в информацию для принятия решений каких то там оперативных здесь и сейчас возможно или там в будущем да технически бизнесовый инструмент который позволяет тебе управлять своей системой и позволяет тебе понимать а что же происходит внутри нее,"практически не знаю, насколько это bullshit прозвучит. Скорее, это бизнес-ориентированный пайплайн, который сырые технические данные превращает в информацию для принятия решений каких-то там оперативных здесь и сейчас или там в будущем. Да, технически это бизнес-инструмент, который позволяет тебе управлять своей системой и позволяет тебе понимать, что же происходит внутри нее.",0.0943,0.1887
gigaam_ctc,test_00050.wav,построить запросы как раз вот между многими хостами одновременно и по большому счету на этом все и останавливается то есть люди такие окей у нас логи в централизованном хранилище у нас данные где то в центральном месте,построить запросы как раз вот между многими хостами одновременно и по большому счету на этом все и останавливается то есть люди такие окей у нас логи в централизованном хранилище у нас данные где то в центральном месте,построить запросы как раз вот между многими хостами одновременно и по большому счету на этом все и останавливается то есть люди такие окей у нас логи в централизованном хранилище у нас данные где-то в центральном месте,0.0,0.0
gigaam_ctc,test_00051.wav,да это отсутствие долго живущих бранчей другими словами отсутствие какого то кода но код сам по себе даже если он не проинтегрирован это ведь не такая уж и проблема казалось бы ну да ну фича неможко пылится на полке ну чуть позже ее там юзер получит ну все так,да это отсутствие долго живущих бранчей другими словами отсутствие какого то кода но код сам по себе даже если он не проинтегрирован это ведь не такая уж и проблема казалось бы ну да ну фича немножко пылится на полке но чуть позже ее там юзер получит это все так,"да это отсутствие долгоживущих бранчей другими словами отсутствие какого-то кода, но код сам по себе, даже если он не проинтегрирован, это ведь не такая уж и проблема, казалось бы. Ну да, ну фича немножко пылится на полке, но чуть позже ее там юзер получит. Это все так.",0.0612,0.102
gigaam_ctc,test_00052.wav,то есть мы в каждый момент времени знаем про звук еще какое то такое распределение частот и связано это с тем что наше ухо на самом деле примерно так же и воспринимает звук то есть мы не просто амплитуду понимаем что вот где то там громче где то тише а наше ухо еще понимает что вот этот звук выше этот ниже этот голос более высокий этот голос низкий,то есть мы в каждый момент времени знаем про звук еще и какое то такое распределение частот и связано это с тем что наше ухо на самом деле примерно также и воспринимает звук то есть мы то есть мы не просто амплитуду понимаем что вот где то там громче где то тише а наше ухо еще понимает что вот этот звук выше этот ниже этот голос более высокий этот голос низкий,"то есть мы в каждый момент времени знаем про звук еще и какое-то такое распределение частот, и связано это с тем, что наше ухо на самом деле примерно также и воспринимает звук, то есть мы то есть мы не просто амплитуду понимаем, что вот где-то там громче, где-то тише, а наше ухо еще понимает, что вот этот звук выше, этот ниже, этот голос более высокий, этот голос низкий.",0.0882,0.0882
gigaam_ctc,test_00053.wav,краеугольным камнем любых алгоритмов машинного обучения является прежде всего обобщающая способность когда мы обучаем некоторую модель у нас есть обучающая выборка у нас есть функция ошибки и наша задача сводится в общем то к оптимизационной задаче мы минимизируем функцию ошибки по параметрам нашей модели на обучающей выборке но на самом деле хотим то мы не этого мы не обучающую ошибку хотим минимизировать,краеугольным камнем любых алгоритмов машинного обучения является прежде всего обобщающая способность когда мы обучаем некоторую модель у нас есть обучающая выборка у нас есть функция ошибки и наша задача сводится в общем то к оптимизационной задаче мы минимизируем функцию ошибки по параметрам нашей модели на обучающей выборке но на самом деле хотим то мы не этого мы не обучающую ошибку хотим минимизировать,"краеугольным камнем любых алгоритмов машинного обучения является прежде всего обобщающая способность. Когда мы обучаем некоторую модель, у нас есть обучающая выборка, у нас есть функция ошибки, и наша задача сводится в общем то к оптимизационной задаче: мы минимизируем функцию ошибки по параметрам нашей модели на обучающей выборке. Но на самом деле то, что мы не хотим, это минимизировать обучающую ошибку.",0.0,0.1129
gigaam_ctc,test_00054.wav,ничего страшного не произойдет я так понимаю мы наверное скорее всего один только совет дадим ставим opcode и в общем смотрим что opcode указал серым удаляем это все,ничего страшного не произойдет я так понимаю мы наверное скорее всего один только совет дадим ставим опкод и в общем смотрим что опкод указал серым удаляем это все,"Ничего страшного не произойдет, я так понимаю, мы, наверное, скорее всего, один только совет дадим, ставим опкод и, в общем, смотрим, что опкод указал, серым удаляем это все.",0.0714,0.0714
gigaam_ctc,test_00055.wav,если твоя ситуация зашла в проблемную область или в тупик это автоматически означает что твоих интеллектуальных усилий недостаточно для того чтобы она туда не зашла сейчас попытаюсь другую аналогию привести есть такая фраза в программировании отладка программы требует в два раза или в три раза больше интеллектуальных усилий чем написание кода поэтому если код ты написал на максимуме своих интеллектуальных возможностей отладить эту программу ты уже не сможешь,если твоя ситуация зашла в проблемную область или в тупик это автоматически означает что твоих интеллектуальных усилий недостаточно для того чтобы она туда не зашла сейчас попытаюсь другую аналогию провести есть такая есть такая фраза в программировании отладка программы требует в два раза или в три раза больше интеллектуальных усилий чем написание кода поэтому если код ты написал на максимуме своих интеллектуальных возможностей отладить эту программу ты уже не сможешь,"если твоя ситуация зашла в проблемную область или в тупик, это автоматически означает, что твоих интеллектуальных усилий недостаточно для того, чтобы она туда не зашла. Сейчас попытаюсь другую аналогию провести. Есть такая фраза в программировании: отладка программы требует в два раза или в три раза больше интеллектуальных усилий, чем написание кода. Поэтому, если код ты написал на максимуме своих интеллектуальных возможностей, отладить эту программу ты уже не сможешь.",0.0441,0.0147
gigaam_ctc,test_00056.wav,но этому было посвящено первые 10 минут поэтому я сразу подумал а что будет еще 50 и идея всего доклада что человек или спикер рассказывает про разные кейсы какой паттерн можно было бы юзать для каждого и почему нет то есть там будет целая табличка с тем какие профиты и какие минусы для каждого кейса я помню был прекрасный доклад на медиуме для ну не то что новичков а даже для средних разработчиков где человек быстро прошелся по всем архитектурам,но этому было посвящено первых десять минут поэтому я сразу подумал а что будет еще пятьдесят и идея всего доклада что человек или спикер рассказывает про разные кейсы какой патер можно было бы юзать для каждого и почему нет ему нет то есть там будут целые таблички с тем что какие профиты какие минусы для каждого кейса я помню был прекрасный доклад на медиуме для ну не то что новичков даже для нв средних разработчиков где человек просто быстро прошелся по всем архитектурам,"но этому было посвящено первых десять минут, поэтому я сразу подумал: а что будет еще пятьдесят? И идея всего доклада: что человек или спикер рассказывает про разные кейсы, какой паттерн можно было бы юзать для каждого и почему нет, то есть там будут целые таблички с тем, что какие профиты, какие минусы для каждого кейса. Я помню был прекрасный доклад на Medium, для, ну не то что для новичков, даже для не средних разработчиков, где человек просто быстро прошелся по всем архитектурам.",0.175,0.1625
gigaam_ctc,test_00057.wav,смотри во первых мы когда отбирали датасет для обучения мы валидировали что вот здесь скорее всего плохое совпадение это надо выкинуть и брали то где мы были уверены что совпадение есть,смотри во первых мы когда отбирали детесет для обучения мы валидировали что вот здесь скорее всего плохое совпадение это надо выкинуть и брали то где мы были уверены что совпадение есть,"Смотри, во-первых, мы когда отбирали датасет для обучения, мы валидировали, что вот здесь скорее всего плохое совпадение, это надо выкинуть, и брали то, где мы были уверены, что совпадение есть.",0.0323,0.0
gigaam_ctc,test_00058.wav,но егор конечно прав что при обучении студентов нехватка проблем в их жизни которые бы нужно было решать с помощью языков программирования она безусловно сказывается это всегда так это вот когда например какие нибудь haskell евские монады начинают объяснять javascript ерам а там на хабре миллион статей на эту тему мы на самом деле сталкиваемся ровно с тем же,но егор конечно прав что при обучении студентов нехватка проблем в их жизни которые бы нужно было решать с помощью языков программирования она безусловно сказывается это всегда так это вот когда например какие нибудь хаскелевские манады начинают объяснять джаваскриптерам а там на хабре миллион статей на эту тему мы мы на самом деле сталкиваемся ровно с тем же,"но Егор конечно прав, что при обучении студентов нехватка проблем в их жизни, которые бы нужно было решать с помощью языков программирования, она безусловно сказывается. Это всегда так. Это вот, когда, например, какие-нибудь хаскелевские монады начинают объяснять джаваскриптерам, а там на Хабре миллион статей на эту тему. Мы мы на самом деле сталкиваемся ровно с тем же.",0.1017,0.0847
gigaam_ctc,test_00059.wav,они были очень продвинутые в плане управленческих компетенций там были лучшие из лучших мировые менеджеры у них были все возможные метрики и все возможные ресурсы вычислительные и прочие для того чтобы строить свою стратегию на этих метриках и все эти компании просрали все полимеры,они были очень продвинутые в плане управленческих компетенций там были лучшие из лучших мировые менеджеры у них были все возможные метрики и все возможные ресурсы вычислительные и прочее для того чтобы строить свою стратегию на этих метриках и все эти компании просрали все полимеры,"Они были очень продвинутые в плане управленческих компетенций. Там были лучшие из лучших мировые менеджеры. У них были все возможные метрики и все возможные ресурсы, вычислительные и прочее, для того чтобы строить свою стратегию на этих метриках. И все эти компании просрали все полимеры.",0.0227,0.0227
gigaam_ctc,test_00060.wav,человек недавно ставший тимлидом и который сказал знаешь заходит в чатик и говорит ребята меня вчера сделали тимлидом с чего мне начать и ему там дают ссылку что в первые девяносто дней ты должен и дальше там по порядку one on one performance review там пятое десятое очень легко натащить этого всего,человек недавно ставший тим лидом и который сказал знаешь заходит в чат и говорит ребята меня вчера сделали тимлидом с чего мне начать и ему там дают ссылку что в первые девяносто дней ты должен и дальше там по порядку ван он ван триста шестьдесят перфоманс ревью там пятое десятое очень легко натащить этого всего,"человек недавно ставший тимлидом и который сказал, знаешь, заходит в чат и говорит: ребята, меня вчера сделали тимлидом, с чего мне начать? И ему там дают ссылку: что в первые девяносто дней ты должен, и дальше там по порядку: один, один триста шестьдесят, перфоманс ревью, там пятое, десятое, очень легко натащить всего этого.",0.1923,0.1731
gigaam_ctc,test_00061.wav,и бывает такое что вот здесь могут путаться просто потому что картины вот этих вот пиков найденных особенно если вот говорить про старые алгоритмы они могут быть очень похожи такое может быть,и бывает же такое что вот здесь могут путаться просто потому что картины вот этих вот пиков найденных особенно если говорить про старые алгоритмы они могут быть очень похожи такое может быть,"И бывает же такое, что вот здесь могут путаться просто потому, что картины вот этих вот пиков, найденных, особенно если говорить про старые алгоритмы, они могут быть очень похожи. Такое может быть.",0.0625,0.0625
gigaam_ctc,test_00062.wav,да это отсутствие долго живущих бранчей другими словами отсутствие какого то кода но код сам по себе даже если он не проинтегрирован это ведь не такая уж и проблема казалось бы ну да ну фича неможко пылится на полке ну чуть позже ее там юзер получит ну все так,да это отсутствие долго живущих бранчей другими словами отсутствие какого то кода но код сам по себе даже если он не проинтегрирован это ведь не такая уж и проблема казалось бы ну да ну фича немножко пылится на полке но чуть позже ее там юзер получит это все так,"да это отсутствие долгоживущих бранчей другими словами отсутствие какого-то кода, но код сам по себе, даже если он не проинтегрирован, это ведь не такая уж и проблема, казалось бы. Ну да, ну фича немножко пылится на полке, но чуть позже ее там юзер получит. Это все так.",0.0612,0.102
gigaam_ctc,test_00063.wav,каждый должен подстраивать под себя кстати вот про разминку мне кажется это хороший поинт ну то есть мы там до этого обсуждали историю про травмы и так далее мне кажется то что в принципе история про сделать какую то разминку разогреть мышцы это фактор который позволит те же самые мышцы травмировать в конечном счете,каждый должен подстраивать под себя кстати вот про разминку мне кажется это хороший пойнт ну то есть мы там до этого обсуждали историю про травмы и так далее мне кажется то что в принципе история про сделать какую то разминку разогреть мышцы это фактор который позволит меньше те же самые мышцы травмировать в конечном счете,"каждый должен подстраивать под себя, кстати. Вот про разминку мне кажется это хороший пойнт, ну то есть мы там до этого обсуждали историю про травмы и так далее. Мне кажется, то что в принципе история про сделать какую-то разминку, разогреть мышцы, это фактор, который позволит меньше те же самые мышцы травмировать в конечном счете.",0.037,0.037
gigaam_ctc,test_00064.wav,про то как сейчас принято делать как раз таки в распределенных больших системах ну то есть мне нужно там логи посмотреть собрать их в кучу как это сейчас работает мы собираем логи с разных сервисов или мы с разных сервисов логи все сваливаем в одну кучу и смотрим там о это все по разному работает минутка рекламы у нас даже есть отдельный продукт для логов под названием вектор который помогает тебе настроить целый пайплайн обработки своих логов,про то как сейчас принято делать как раз таки в распределенных каких то больших системах ну то есть мне нужно там логи посмотреть собрать их в кучу как это сейчас работает мы собираем логи с разных сервисов или мы с разных сервисов логи все сво все сваливаем в одну кучу и смотрим там о это все по разному работает минутка рекламы у нас даже есть отдельный продукт для логов под названием вектор который помогает тебе настроить целый пайплайн обработки своих логов,"про то как сейчас принято делать как раз таки в распределенных каких-то больших системах ну то есть мне нужно там логи посмотреть собрать их в кучу как это сейчас работает мы собираем логи с разных сервисов или мы с разных сервисов логи все сводим в одну кучу и смотрим там, это все по-разному работает. Минутка рекламы: у нас даже есть отдельный продукт для логов под названием «Вектор», который помогает тебе настроить целый пайплайн обработки своих логов.",0.0519,0.0519
gigaam_rnnt,test_00000.wav,не я делал карты потом я ушел делать яндекс поиск потом этот яндекс поиск стал яндекс браузером там я руководил группой,не я делал карты потом я ушел делать яндекс поиск потом этот яндекс поиск стал яндекс браузером там я руководил группой,"не я делал карты потом я ушел делать Яндекс Поиск, потом этот Яндекс Поиск стал Яндекс Браузером, там я руководил группой",0.0,0.0
gigaam_rnnt,test_00001.wav,егор мне перед выпуском уже показывал в гости мы сегодня позвали даню пилина создателя онлайн школы по шахматам skyeng product owner а и сейчас развивает стартап по лидогенерации,егор мне перед выпуском уже показывал в гости мы сегодня позвали даню пилина создателя онлайн школы по шахматам скайнг продукт тоунера и сейчас развивает стартап по лидогенерации,"Егор мне перед выпуском уже показывал, в гости мы сегодня позвали Даню Пилина, создателя онлайн-школы по шахматам ""Скайнг"", продукт ""Тоунер"", и сейчас развивает стартап по лидогенерации.",0.1429,0.1429
gigaam_rnnt,test_00002.wav,это очень хороший вопрос вот ну вы правы потому что 500 часов на разборах падений вот я достаточно долгое время работал в aws aws очень хорошая практика именно того как мы смотрим на операции различные системы что мы делаем когда они падают что мы делаем когда они не падают что мы делаем чтобы они не падали вот идеально вообще очень хорошо когда они не падают и сейчас я занимаюсь как раз application performance мониторингом в компании datadog то есть,то очень хороший вопрос вот ну вы правы потому что пятьсот часов на разборах падений вот я достаточно долгое время работал вей дбс в дбс очень хорошая практика именно того как мы смотрим на операции раз различных системы что мы делаем когда они падают что мы делаем когда они не падают что мы делаем чтобы они не падали вот идеально вообще очень хорошо когда они не падают и сейчас я занимаюсь как раз апликейшн перфоманс мониторингом в компании дейта дох то есть,"то очень хороший вопрос, вот ну вы правы, потому что пятьсот часов на разборах падений. Вот я достаточно долгое время работал в DBS. DBS — очень хорошая практика, именно того, как мы смотрим на операции разных систем. Что мы делаем, когда они падают, что мы делаем, когда они не падают, что мы делаем, чтобы они не падали. Вот идеально, вообще очень хорошо, когда они не падают. И сейчас я занимаюсь как раз application performance monitoring в компании DataDock. То есть",0.1519,0.1013
gigaam_rnnt,test_00003.wav,мой любимый фокус observability мы понимаем когда системе станет плохо грубо говоря в два часа ночи ваша система упадет с отказом по памяти будьте готовы к этому пожалуйста вот это и есть observability это один ее аспект а второй аспект который для меня на самом деле самый важный обычно мы не знаем что нам нужно знать о системе в тот момент когда мы ее разрабатываем,мой любимый фокус обзюробирити мы понимаем когда системе станет плохо грубо говоря в два часа ночи ваша система упадет с отказом по памяти будьте готовы к этому пожалуйста вот это и есть обзюробирити это один ее аспект а второй аспект который для меня на самом деле самый важный обычно мы не знаем что нам нужно знать о системе в тот момент когда мы ее разрабатываем,"мой любимый фокус observability мы понимаем когда системе станет плохо, грубо говоря, в два часа ночи ваша система упадет с отказом по памяти, будьте готовы к этому, пожалуйста. Вот это и есть observability, это один ее аспект, а второй аспект, который для меня на самом деле самый важный, обычно мы не знаем что нам нужно знать о системе в тот момент, когда мы ее разрабатываем.",0.0308,0.0
gigaam_rnnt,test_00004.wav,потому что по айдишнику клиента уже можно было как то вот эту пачку транзакций связать из разных микросервисов,потому что по айдишнику клиента уже можно было как то вот эту пачку транзакций связать из разных микросервисов,потому что по ID клиенту уже можно было как-то вот эту пачку транзакций связать из разных микросервисов,0.0,0.1111
gigaam_rnnt,test_00005.wav,ну и еще вопрос такой важный лицензирования openstt недоступен для построения коммерческих моделей только академических а у голоса sberdevices golos там нету никаких ограничений фактически это лицензия близкая к creative commons share alike лицензии как это формулируется и это хорошо,ну и еще вопрос такой важный лицензирование опнст недоступен для построения коммерческих моделей только академических а у голоса сбердевайсис голос там нету никаких ограничений фактически это лицензия близкая к креатив команс шерелайк лицензия по другому формулируется это хорошо,"ну и еще вопрос такой важный: лицензирование opens не доступно для построения коммерческих моделей, только академических. А у голоса СберДевайсис голос там нет никаких ограничений, фактически это лицензия близкая к креатив коммонс sharelike лицензия, по другому формулируется. Это хорошо.",0.3,0.375
gigaam_rnnt,test_00006.wav,мой любимый фокус observability мы понимаем когда системе станет плохо грубо говоря в два часа ночи ваша система упадет с отказом по памяти будьте готовы к этому пожалуйста вот это и есть observability это один ее аспект а второй аспект который для меня на самом деле самый важный обычно мы не знаем что нам нужно знать о системе в тот момент когда мы ее разрабатываем,мой любимый фокус обзюробирити мы понимаем когда системе станет плохо грубо говоря в два часа ночи ваша система упадет с отказом по памяти будьте готовы к этому пожалуйста вот это и есть обзюробирити это один ее аспект а второй аспект который для меня на самом деле самый важный обычно мы не знаем что нам нужно знать о системе в тот момент когда мы ее разрабатываем,"мой любимый фокус observability мы понимаем когда системе станет плохо, грубо говоря, в два часа ночи ваша система упадет с отказом по памяти, будьте готовы к этому, пожалуйста. Вот это и есть observability, это один ее аспект, а второй аспект, который для меня на самом деле самый важный, обычно мы не знаем что нам нужно знать о системе в тот момент, когда мы ее разрабатываем.",0.0308,0.0
gigaam_rnnt,test_00007.wav,вот это первый сигнал его некомпетентности самый правильный способ если у вас там что либо заболело вообще что либо это провести диагностику и попробовать вылечить через упражнения,вот это первый сигнал его некомпетентности самый правильный способ если у вас там что либо заболел вообще что либо это провести диагностику и попробовать вылечить через упражнения,"Вот это первый сигнал его некомпетентности. Самый правильный способ, если у вас там что-либо заболело, вообще что-либо, это провести диагностику и попробовать вылечить через упражнения.",0.037,0.0
gigaam_rnnt,test_00008.wav,и вот изначально наша система координат была такова что вот эти клеточки они одинакового размера но потом выяснилось что на самом деле мы расстояние воспринимаем так что чем дальше они от нас эти горы тем расстояние на одну клеточку меньше для нас важно чем вблизи,и вот изначально наша система координат была такова что вот эти клеточки они одинакового размера но потом выяснилось что на самом деле мы расстояние воспринимаем так что чем дальше они от нас эти горы тем расстояние на одну клеточку меньше для нас важно чем вблизи,"и вот изначально наша система координат была такова, что вот эти клеточки они одинакового размера, но потом выяснилось, что на самом деле мы расстояние воспринимаем так, что чем дальше они от нас, эти горы, тем расстояние на одну клеточку меньше для нас важно, чем вблизи.",0.0,0.0
gigaam_rnnt,test_00009.wav,они просто про разработку и про то как он решает задачи в основном там ruby python чуть чуть shell а однако те подходы которые он использует можно перевести и на свою повседневную жизнь и также на destroyallsoft com есть раздел с выступлениями гарри там есть очень полезный доклад который я всем рекомендую он называется boundaries,они просто про разработку и про то как он решает задачи в основном там руби питон чуть чуть шела однако те подходы которые он использует можно перенести и на свою повседневную жизнь и также на дестрой олсофтвэй точка ком есть раздел с выступлениями гари там есть очень полезный доклад который я всем рекомендую называется баундерис,"они просто про разработку и про то, как он решает задачи. В основном там руби, питон, чуть-чуть шелл. Однако те подходы, которые он использует, можно перенести и на свою повседневную жизнь, и также на destroy olsoftway точка ком есть раздел с выступлениями гари. Там есть очень полезный доклад, который я всем рекомендую. Он называется баундэрис.",0.2182,0.2
gigaam_rnnt,test_00010.wav,и ты такой а тебе приходится делать какие то телодвижения руками потом если у тебя этой связки нет чтобы вытащить информацию,и ты такой тебе приходится делать какие то телодвижения руками потом если у тебя этой связки нет чтобы вытащить информацию,"И ты такой, тебе приходится делать какие-то телодвижения руками потом, если у тебя этой связки нет, чтобы вытащить информацию.",0.0476,0.0476
gigaam_rnnt,test_00011.wav,и мне кажется абсолютно все замечали что детские крики раздражают там и ты на них обращаешь внимание намного сильнее чем какие то низкие частоты здесь кажется то что ну наверное из этого следует что высокие частоты мы слышим там и распознаем лучше чем например низкие,и мне кажется абсолютно все замечали что детские крики раздражают там и ты на них обращаешь внимание намного сильнее чем какие то низкие частоты здесь кажется то что ну наверное из этого следует что высокие частоты мы слышим там и распознаем лучше чем например низкие,"И мне кажется абсолютно все замечали, что детские крики раздражают, там и ты на них обращаешь внимание намного сильнее, чем какие-то низкие частоты. Здесь кажется, то, что, ну, наверное, из этого следует, что высокие частоты мы слышим там и распознаем лучше, чем, например, низкие.",0.0,0.0
gigaam_rnnt,test_00012.wav,хардкорный доклад самый человек занимается криптографией на swift е поэтому там можно ожидать многих интересных фичей технических деталей но по прежнему из за того что два дня и три треда всегда можно будет найти что посмотреть на том же русском языке если у нас будут такие гости,хардкорный заклад сам человек занимается криптографией на свифте поэтому там можно ожидать многих интересных технических деталей но по прежнему из за того что два дня и три треда всегда можно будет найти что посмотреть на том же русском языке если нас будут такие гости,"хардкорный заклад сам человек занимается криптографией на Swift, поэтому там можно ожидать многих интересных технических деталей. Но по прежнему из-за того, что два дня и три треда, всегда можно будет найти что посмотреть на том же русском языке, если нас будут такие гости.",0.1277,0.1064
gigaam_rnnt,test_00013.wav,ну или даже больше у меня могло быть три часа нагрузки три часа бега в сутках это уже много я там действительно мог бургер съесть так что тут тоже если вы захотите потом уже профессионально еще сильнее упарываться то возможно там уже можно будет и забить на питание мне кажется,ну или даже больше у меня могло быть три часа нагрузки три часа бега в сутках это уже много я там действительно мог бургер съесть так что тут тоже если вы захотите потом уже профессионально еще сильнее упарываться то возможно там уже можно будет и забить на питание мне кажется,"ну или даже больше у меня могло быть три часа нагрузки, три часа бега в сутках, это уже много. Я там действительно мог бургер съесть, так что тут тоже. Если вы захотите потом уже профессионально еще сильнее упарываться, то возможно там уже можно будет и забить на питание, мне кажется.",0.0,0.0
gigaam_rnnt,test_00014.wav,что то происходит не так в очень редком количестве случаев и это вот самое неприятное то есть у тебя там в 99 случаев все работает нормально но вот при таких входных данных система там встает в ступор выполняет это в 10 раз дольше и так далее и тому подобное и ты такой хм как поймать,что то происходит не так в очень редком количестве случаев это вот самое неприятное то есть у тебя там в девяносто девяти процентов случаев все работает нормально но вот при таких входных данных система там встает в ступор выполняет это в десять раз дольше и так далее и тому подобное и ты такой как поймать,"Что-то происходит не так в очень редком количестве случаев. Это вот самое неприятное. То есть у тебя там в девяносто девяти процентах случаев все работает нормально, но вот при таких входных данных система там встает в ступор, выполняет это в десять раз дольше и так далее и тому подобное. И ты такой, как поймать.",0.1091,0.1091
gigaam_rnnt,test_00015.wav,а это подробности получается именно того как работают форматы музыкальные для соответственно звука или как ты имеешь в виду про перекодировку и почему возникают расхождения или что да да да ну то есть вот ты сказал что даже если мы возьмем там не знаю битрейт поменяем у нас уже изменится и у нас побитового сравнения не получится,а это подробности получается именно того как работают форматы музыкально для соответственно звука или как ты имеешь в виду про перекодировку и почему возникают расхождения или что да да да ну то есть вот ты сказал то что даже если мы возьмем там не знаю битрейт поменяем у нас уже изменится и у нас побитого сравнения не получится,"а это подробности получается именно того как работают форматы музыкальные, для соответственно звука, или как ты имеешь в виду про перекодировку и почему возникают расхождения? Или что? Да, ну то есть вот ты сказал то что даже если мы возьмем там не знаю битрейт поменяем, у нас уже изменится, и у нас побитового сравнения не получится.",0.0526,0.0526
gigaam_rnnt,test_00016.wav,то в силу того что люди не способны особенно непрофессионалы в точности напевать мелодии соблюдая высоты тайминги между нотами а именно на это я думаю будет обращать внимание алгоритм пытаясь вот построить это преобразование то здесь мы неизбежно будем сталкиваться с тем что какой то диапазон различимых мелодий будет не очень большой,то в силу того что люди неспособны ну особенно не профессионалы в точности напевать мелодии соблюдая высоты тайминги между нотами а именно на это я думаю будет будет обращать внимание алгоритм пытаясь вот построить это преобразование то здесь мы неизбежно будем сталкиваться с тем что какой то диапазон различимых мелодий он будет не очень большой,"то в силу того, что люди неспособны, ну особенно непрофессионалы, в точности напевать мелодии, соблюдая высоты и тайминги между нотами, а именно на это я думаю будет обращать внимание алгоритм, пытаясь вот построить это преобразование. То здесь мы неизбежно будем сталкиваться с тем, что какой-то диапазон различимых мелодий он будет не очень большой.",0.1154,0.0769
gigaam_rnnt,test_00017.wav,и между ними может быть какое то количество дискретных столбиков где каждый столбик это своя частота это если совсем упрощать ну ты что то типа эквалайзера рассказал да да да по сути обычный эквалайзер,и между ними может быть какое то количество дескретных столбиков где каждый столбик это своя частота это если совсем упрощать ты что то типа аквалайзера рассказал да да да по сути обычный аквалайзер,"и между ними может быть какое-то количество дискретных столбиков, где каждый столбик это своя частота. Это если совсем упрощать, ты что-то типа эквалайзера рассказал. Да, да, да, по сути обычный эквалайзер.",0.1176,0.0294
gigaam_rnnt,test_00018.wav,вот пришел запрос мы для него нашли пул кандидатов треков кандидатов и на самом деле из этого пула кандидатов правильный ответ если он даже есть там один или там несколько если там есть дубликаты этого трека в базе а все остальное это вообще говоря другие треки но мы можем посчитать какая похожесть,вот пришел запрос мы для него нашли пул кандидатов треков кандидатов и на самом деле из этого пула кандидатов правильный ответ если он даже есть там один или там несколько если там есть дубликаты этого трека в базе а все остальное это вообще говоря другие треки но мы можем посчитать какая похожесть,"Вот пришел запрос мы для него нашли пул кандидатов, треков кандидатов и на самом деле из этого пула кандидатов правильный ответ, если он даже есть там один или там несколько, если там есть дубликаты этого трека в базе, а все остальное это вообще говоря другие треки, но мы можем посчитать какая похожесть.",0.0,0.0
gigaam_rnnt,test_00019.wav,выводы о том какой следующий шаг надо сделать alphazero как раз вот если говорить о stockfish движке это появилось года четыре пять лет назад и по моему там история такая что за сутки она обучилась через сутки смогла обыгрывать уже гроссмейстеров,выводы о том какой следующий шаг надо сделать альфа зира как раз вот если говорить про стоквиш движке это появилось года четыре пять лет назад и по моему там история такая что за сутки она обучилась через сутки смогла обыгрывать уже грассмейстеров,"Выводы о том, какой следующий шаг надо сделать, альфа зеро как раз вот если говорить про стоквиш движок, это появилось года четыре-пять лет назад, и по моему там история такая, что за сутки она обучилась, через сутки смогла обыгрывать уже гроссмейстеров.",0.122,0.122
gigaam_rnnt,test_00020.wav,то есть мы в каждый момент времени знаем про звук еще какое то такое распределение частот и связано это с тем что наше ухо на самом деле примерно так же и воспринимает звук то есть мы не просто амплитуду понимаем что вот где то там громче где то тише а наше ухо еще понимает что вот этот звук выше этот ниже этот голос более высокий этот голос низкий,то есть мы в каждый момент времени знаем про звук еще и какое то такое распределение частот и связано это с тем что наше ухо на самом деле примерно также и воспринимает звук то есть мы то есть мы не просто амплитуду понимаем что вот где то там громче где то тише а наше ухо еще понимает что вот этот звук выше этот ниже этот голос более высокий этот голос низкий,"то есть мы в каждый момент времени знаем про звук еще и какое-то такое распределение частот, и связано это с тем, что наше ухо на самом деле примерно также и воспринимает звук, то есть мы то есть мы не просто амплитуду понимаем, что вот где-то там громче, где-то тише, а наше ухо еще понимает, что вот этот звук выше, этот ниже, этот голос более высокий, этот голос низкий.",0.0882,0.0882
gigaam_rnnt,test_00021.wav,я точно знаю у нас сейчас есть клиенты которые даже там на warning statement ы в наших логах реагируют такие о вы начали тут warning писать а у нас наши системы реагируют на то что warning и которые мы не знаем появляются в логах нам это мешает можете убрать,я точно знаю у нас сейчас есть клиенты которые даже там на ворнинг стейтменты в наших логах реагируют такие о вы начали тут ворнинг писать а у нас наша система реагирует на то что ворнинги которые мы не знаем появляются в логах нам это мешает можете убрать,"я точно знаю у нас сейчас есть клиенты которые даже на warning statements в наших логах реагируют, такие: «О, вы начали тут warning писать». А у нас наша система реагирует на то, что warning'и, которые мы не знаем, появляются в логах. Нам это мешает, можете убрать.",0.1837,0.1224
gigaam_rnnt,test_00022.wav,когда у тебя система либо становится распределенной либо асинхронной внутри что по большому счету для целей нашего разговора практически одно и то же у тебя вот эта последовательность выполнения она теряется то есть грубо говоря тебе пришел какой то запрос ты можешь его положить в очередь для клиента и потом что то сделать,когда у тебя система либо становится распределенной либо асинхронной внутри что по большому счету для целей нашего разговора практически одно и тоже у тебя вот эта последовательность выполнения она теряется то есть грубо говоря тебе пришел какой то запрос ты можешь его положить в очередь для клиента и потом что то сделать,"когда у тебя система либо становится распределенной либо асинхронной внутри, что по большому счету для целей нашего разговора практически одно и то же, у тебя вот эта последовательность выполнения она теряется. То есть, грубо говоря, тебе пришел какой-то запрос, ты можешь его положить в очередь для клиента и потом что-то сделать.",0.0377,0.0
gigaam_rnnt,test_00023.wav,то в силу того что люди не способны особенно непрофессионалы в точности напевать мелодии соблюдая высоты тайминги между нотами а именно на это я думаю будет обращать внимание алгоритм пытаясь вот построить это преобразование то здесь мы неизбежно будем сталкиваться с тем что какой то диапазон различимых мелодий будет не очень большой,то в силу того что люди неспособны ну особенно не профессионалы в точности напевать мелодии соблюдая высоты тайминги между нотами а именно на это я думаю будет будет обращать внимание алгоритм пытаясь вот построить это преобразование то здесь мы неизбежно будем сталкиваться с тем что какой то диапазон различимых мелодий он будет не очень большой,"то в силу того, что люди неспособны, ну особенно непрофессионалы, в точности напевать мелодии, соблюдая высоты и тайминги между нотами, а именно на это я думаю будет обращать внимание алгоритм, пытаясь вот построить это преобразование. То здесь мы неизбежно будем сталкиваться с тем, что какой-то диапазон различимых мелодий он будет не очень большой.",0.1154,0.0769
gigaam_rnnt,test_00024.wav,то как бы но зачем здесь смотреть в логи прошлой версии системы там все равно же все не так работает это уже все старье надо новое смотреть вот я бы как раз тут не согласился мне скорее всего понадобятся логи предыдущего состояния системы если что то вдруг выкатили и оно стало работать не так как мы ожидали,то как бы ну зачем мне смотреть влоги прошлой версии системы там все равно уже все не так работает это уже все старье надо новое смотреть вот я бы как раз тут не согласился мне скорее всего понадобятся логи предыдущего состояния системы если что то вдруг выкатили и оно стало работать не так как мы ожидали,"то как бы ну зачем мне смотреть влоги прошлой версии системы? Там все равно уже все не так работает, это уже все старье, надо новое смотреть. Вот я бы как раз тут не согласился, мне скорее всего понадобятся логи предыдущего состояния системы, если что-то вдруг выкатили и оно стало работать не так, как мы ожидали.",0.0877,0.0877
gigaam_rnnt,test_00025.wav,и поэтому использовать их в повседневности не получается мы вынуждены поступать зачастую интуитивно,и поэтому использовать их в повседневности не получается мы вынуждены поступать зачастую интуитивно,"и поэтому использовать их в повседневности не получается, мы вынуждены поступать зачастую интуитивно.",0.0,0.0
gigaam_rnnt,test_00026.wav,что если зуб в результате развития кариеса разрушен до 40 то его возможно восстановить пломбой то есть композитным материалом реставрацией ну это пластмасса по существу,что если зуб в результате развития кариса разрушен до сорока процентов то его возможно восстановить пломбой то есть композитным материалом реставрации это пластмасса по существу,"что если зуб в результате развития кариеса разрушен до сорока процентов, то его возможно восстановить пломбой, то есть композитным материалом реставрации. Это пластмасса по существу.",0.2,0.16
gigaam_rnnt,test_00027.wav,на примере может быть для тех кто ни разу с этим не сталкивался а я там не знаю как мобильный разработчик например последние сколько то лет сижу и думаю ну у меня логи там ну куда нибудь в centric могут отправиться обычно я вижу что у меня в какой нибудь google play прилетели краши и я просто по названию exception а захожу туда где мне нужно найти логи ctrl c ctrl v найти нахожу конкретные логи все типа конец больше мне делать ничего не нужно,на примере может быть для тех кто с этим ни разу не сталкивался а я там не знаю как мобильный разработчик например последние сколько то лет сижу и думаю ну у меня логи там ну куда нибудь в центре могут отправиться обычно я вижу что мне в какой нибудь гугл плей плей прилетели кроши я просто по названию эксепшена захожу туда где мне нужно найти логи контрол ц контрол в найти нахожу конкретные логи все типа конец больше мне делать ничего не нужно,"На примере может быть для тех, кто с этим ни разу не сталкивался, а я там не знаю, как мобильный разработчик, например, последние сколько-то лет сижу и думаю: ну у меня логи там, ну куда-нибудь в центре могут отправиться. Обычно я вижу, что мне в какой-нибудь Google Play, Play прилетели краши. Я просто по названию эксепшена захожу туда, где мне нужно найти логи, Control+C, Control+V, нахожу конкретные логи, все, типа конец, больше мне делать ничего не нужно.",0.2118,0.1647
gigaam_rnnt,test_00028.wav,максимально ухудшить идеальную систему вводя туда какие то элементы или условия чтобы итоговая результат должен быть такой мы должны в 22 раза замедлить нашу разработку,максимально ухудшить идеальную систему вводя туда какие то элементы или условия чтобы итоговая результат должен быть такой мы должны в двадцать два раза замедлить нашу разработку,"максимально ухудшить идеальную систему, вводя туда какие-то элементы или условия, чтобы итоговый результат был такой: мы должны в двадцать два раза замедлить нашу разработку.",0.08,0.2
gigaam_rnnt,test_00029.wav,и вот такая архитектура долгое время доминировала ее пытались модифицировать в двухтысячных годах произошел определенный прорыв в области обучения глубоких нейронных сетей с легкой руки джеффри хинтона и его ученика рустама салахутдинова и стали активно использовать вместо скрытых марковских моделей на акустико фонетическом уровне многослойные нейронные сети либо многослойные персептроны либо сверточные нейронные сети,и вот такая архитектура долгое время доминировала ее пытались модифицировать в двухтысячных годах произошел определенный прорыв в области обучения глубоких нейронных сетей с легкой руки джеффри химтона и его ученика рустама салахутдинова и стали активно использовать вместо скрытых марковских моделей на акустико физическом уровне многослойные нейронные сети либо многослойные персектроны либо сверточные нейронные сети,"и вот такая архитектура долгое время доминировала, ее пытались модифицировать. В двухтысячных годах произошел определенный прорыв в области обучения глубоких нейронных сетей с легкой руки Джеффри Хинтона и его ученика Рустама Салахутдинова, и стали активно использовать вместо скрытых марковских моделей на акустико-физическом уровне многослойные нейронные сети, либо многослойные персептроны, либо сверточные нейронные сети.",0.0556,0.0185
gigaam_rnnt,test_00030.wav,убрали весь формализм всю регулярность а это essence мы до этого обсуждали что такое one on one и эти три признака выбыли как характеризующие мы убираем регулярность мы убираем формализм ну вы можете в произвольной форме пообщаться все и это больше не one on one вы просто пообщались,убрали весь формализм всю регулярность а это эсенс мы до этого обсуждали что такое ван он лан и эти три признака выбрали как характеризующие мы убираем регулярность мы убираем формализм ну вы можете в произвольной форме пообщаться все и это больше не ван он лан вы просто пообщались,"убрали весь формализм, всю регулярность. А это эссенс. Мы до этого обсуждали, что такое one on one, и эти три признака выбрали как характеризующие. Мы убираем регулярность, мы убираем формализм. Ну вы можете в произвольной форме пообщаться. Всё, и это больше не one on one. Вы просто пообщались.",0.1667,0.0625
gigaam_rnnt,test_00031.wav,но не все индустрии в одинаковом состоянии они прошли немножко разный путь у меня такой вопрос перед тем как мы начнем набрасывать и в общем закапывать одну индустрию за другой выявлять дисфункции и так далее у меня есть предложение как то договориться на тему того а что мы называем качественным менеджментом как понять что один менеджмент качественный а другой нет,но не все индустрии в одинаковом состоянии они прошли немножко разный путь у меня такой вопрос перед тем как мы начнем набрасывать и в общем закапывать одну индустрию за другой выявлять дисфункции и так далее у меня есть предложение как то договориться на тему того а что мы называем качественным менеджментом как понять что один менеджмент качественный а другой нет,"но не все индустрии в одинаковом состоянии, они прошли немножко разный путь. У меня такой вопрос перед тем, как мы начнем набрасывать и в общем закапывать одну индустрию за другой, выявлять дисфункции и так далее. У меня есть предложение как-то договориться на тему того, а что мы называем качественным менеджментом, как понять, что один менеджмент качественный, а другой нет.",0.0,0.0
gigaam_rnnt,test_00032.wav,и получаем очень много вот таких широты знаний и мне кажется что все остальные причины которые тут можно привести они уже вытекают отсюда ну во первых когда мы смотрим на языки программирования мы всегда видим что они очень тесно между собой связаны,и получаем очень много вот таких широты знаний и мне кажется что все остальные причины которые тут можно привести они уже они уже вытекают отсюда ну во первых когда мы смотрим на языки программирования мы всегда видим что они очень тесно между собой связаны,"и получаем очень много вот таких широты знаний и мне кажется, что все остальные причины, которые тут можно привести, они уже, они уже вытекают отсюда. Ну, во-первых, когда мы смотрим на языки программирования, мы всегда видим, что они очень тесно между собой связаны.",0.0476,0.0476
gigaam_rnnt,test_00033.wav,он как раз говорил примерно следующее к сожалению мы не все можем измерить но проблема в том что мы вынуждены управлять тем чего измерить не можем,он как раз говорил примерно следующее к сожалению мы не все можем измерить но проблема в том что мы вынуждены управлять тем чего измерить не можем,"Он как раз говорил примерно следующее: к сожалению, мы не все можем измерить, но проблема в том, что мы вынуждены управлять тем, чего измерить не можем.",0.0,0.0
gigaam_rnnt,test_00034.wav,а можно задать тебе вопрос да конечно что тебе нравится больше чем спать спокойно по ночам зная что твой сон охраняет observability нашего биллинга podlodka crew построенное на телеграме,можно задать тебе вопрос да конечно что тебе нравится больше чем спать спокойно по ночам зная что твой сон охраняет обзервобилити нашего билинга под лодкой крю построенное на телеграмме,"можно задать тебе вопрос да конечно что тебе нравится больше чем спать спокойно по ночам зная что твой сон охраняет observability нашего биллинга под лодкой крю, построенное на телеграмме",0.2414,0.1724
gigaam_rnnt,test_00035.wav,максимально ухудшить идеальную систему вводя туда какие то элементы или условия чтобы итоговая результат должен быть такой мы должны в 22 раза замедлить нашу разработку,максимально ухудшить идеальную систему вводя туда какие то элементы или условия чтобы итоговая результат должен быть такой мы должны в двадцать два раза замедлить нашу разработку,"максимально ухудшить идеальную систему, вводя туда какие-то элементы или условия, чтобы итоговый результат был такой: мы должны в двадцать два раза замедлить нашу разработку.",0.08,0.2
gigaam_rnnt,test_00036.wav,большой объем знаний который дается в интересной форме и из за этого метода преподношения он воспринимается лучше,большой объем знаний который дается в интересной форме и из за этого метода преподношения он воспринимается лучше,"большой объем знаний, который дается в интересной форме, и из-за этого метода преподношения он воспринимается лучше",0.0,0.0
gigaam_rnnt,test_00037.wav,ты не можешь сразу как это на большом чане ну просто дорого будет делать сразу на большом чане культивацию большого количества клеток,ты не можешь сразу как то на большом чане просто дорого будет делать сразу на большом чане культивацию большого количества клеток,ты не можешь сразу как-то на большом чане просто дорого будет делать сразу на большом чане культивацию большого количества клеток,0.0909,0.0909
gigaam_rnnt,test_00038.wav,а если эти зубы в зоне улыбки то сразу ставят коронку в один день сразу это занимает ну обычно час спланированная манипуляция занимает обычно час,а если эти зубы в зоне улыбки то сразу ставит коронку в один день сразу это занимает ну обычно час спланированная манипуляция занимает обычно час,"а если эти зубы в зоне улыбки то сразу ставит коронку в один день, сразу это занимает ну обычно час, спланированная манипуляция занимает обычно час.",0.04,0.04
gigaam_rnnt,test_00039.wav,всем привет друзья с вами подкаст подлодка меня зовут женя кателла со мной сегодня стас цыганов стас привет,всем привет друзья с вами подкаст подлодка меня зовут женя катела со мной сегодня стас цыганов стас привет,"Всем привет, друзья. С вами подкаст «Подлодка». Меня зовут Женя Катела. Со мной сегодня Стас Цыганов. Стас, привет.",0.0556,0.0556
gigaam_rnnt,test_00040.wav,то есть вот нужно доверять учителю с опытом и тут вот это самое главное не мешать ему работать то есть да вот рекомендация вы решите что кого вы будете рекомендовать и потом уже на этот вопрос отвечайте,то есть вот нужно доверять учителю с опытом и тут вот это самое главное не мешать ему работать то есть да вот рекомендация вы решите что кого вы будете рекомендовать и потом уже на этот вопрос отвечайте,"то есть вот нужно доверять учителю с опытом, и тут вот это самое главное не мешать ему работать, то есть да, вот рекомендация: вы решите, кого вы будете рекомендовать, и потом уже на этот вопрос отвечайте.",0.0,0.027
gigaam_rnnt,test_00041.wav,это волчанка да но давайте вот про это я не буду сегодня я готов больше про раковые клетки просто потому что про них лучше изучал да я не думаю что есть принципиальное отличие в производстве,это волчанка да но давайте вот про это я не буду сегодня готов больше про раковые клетки просто потому что про них лучше изучал да я не думаю что есть принципиальное отличие в производстве,"это волчанка да но давайте вот про это я не буду сегодня готов больше про раковые клетки просто потому что про них лучше изучал да я не думаю, что есть принципиальное отличие в производстве.",0.0286,0.0286
gigaam_rnnt,test_00042.wav,и поэтому использовать их в повседневности не получается мы вынуждены поступать зачастую интуитивно,и поэтому использовать их в повседневности не получается мы вынуждены поступать зачастую интуитивно,"и поэтому использовать их в повседневности не получается, мы вынуждены поступать зачастую интуитивно.",0.0,0.0
gigaam_rnnt,test_00043.wav,ну просто чтобы какое то разумное его количество чтобы можно было его не искать и для скорости да просто это нужно делать там за какие то не знаю сотни миллисекунд ну там за секунды то есть сам поиск работает достаточно быстро и если мы будет вальяжно с каждым треком сравнивать это это просто неподъемно даже на каком то кластере поисковом это невозможно так,ну просто чтобы какое то разумное ее было количество чтобы можно было в нее искать и для скорости да просто это нужно делать там за какие то не знаю сотни миллисекунд там да секунды то есть сам поиск работает достаточно быстро и если мы будем вальяжно с каждым треком сравнивать это просто неподъемно даже на каком то кластере поисковом это невозможно так,"ну просто чтобы какое-то разумное ее было количество, чтобы можно было в нее искать, и для скорости да, просто это нужно делать там за какие-то не знаю сотни миллисекунд, там да, секунды. То есть сам поиск работает достаточно быстро, и если мы будем вальяжно с каждым треком сравнивать, это просто неподъемно даже на каком-то кластере поисковом, это невозможно.",0.127,0.1429
gigaam_rnnt,test_00044.wav,и мне кажется абсолютно все замечали что детские крики раздражают там и ты на них обращаешь внимание намного сильнее чем какие то низкие частоты здесь кажется то что ну наверное из этого следует что высокие частоты мы слышим там и распознаем лучше чем например низкие,и мне кажется абсолютно все замечали что детские крики раздражают там и ты на них обращаешь внимание намного сильнее чем какие то низкие частоты здесь кажется то что ну наверное из этого следует что высокие частоты мы слышим там и распознаем лучше чем например низкие,"И мне кажется абсолютно все замечали, что детские крики раздражают, там и ты на них обращаешь внимание намного сильнее, чем какие-то низкие частоты. Здесь кажется, то, что, ну, наверное, из этого следует, что высокие частоты мы слышим там и распознаем лучше, чем, например, низкие.",0.0,0.0
gigaam_rnnt,test_00045.wav,и вводить его нужно на сайте podlodka io gocrew вот и позвали поговорить про observability мы михаила дружинина михаил engineering manager в компании datadog управляет разработкой всех клиентских библиотек на восьми языках разработки для application performance мониторинга и distributed трейсинга,и вводить его нужно на сайте подводка точка о слэш го крю вот и позвали поговорить про обзервобилити мы михаила дружинина михаил инженер менеджер компании дейта дог управляет разработкой всех клиентских библиотек на восьми языках разработки для апликейшн перфоменс мониторинга и дистрибьютит трейсинга,"и вводить его нужно на сайте подводка точка о слэш го крю вот и позвали поговорить про observability мы Михаил дружинин, Михаил, инженер-менеджер компании Дата Дог, управляет разработкой всех клиентских библиотек на восьми языках разработки для application performance monitoring и distributed tracing",0.375,0.375
gigaam_rnnt,test_00046.wav,где важны будут классы насколько я вообще java понимаю там ты без классов никуда не двинешься и там ну как бы хочешь не хочешь у тебя будут классы это первое а второе я считаю что если этого требует архитектура то пусть это будет класс например это фабрика или какой то билдер,где должны быть классы насколько я вообще джао понимаю там ты без классов никуда не двинешься и там ну как бы хочешь не хочешь у тебя будут классы классы это первое а второе я считаю что если этого требует архитектура то пусть это будет класс например это фабрика или какой то билдер,"где должны быть классы? Насколько я вообще понимаю, там ты без классов никуда не двинешься, и там, ну как бы, хочешь не хочешь у тебя будут классы. Классы — это первое. А второе я считаю, что если этого требует архитектура, то пусть это будет класс, например, это фабрика или какой-то билдер.",0.0784,0.0784
gigaam_rnnt,test_00047.wav,установка куплена для врача а врач поймет врач поймет что он ездит на мерседесе и приезжает на работу как бы все хорошо вот это все мелочи но они формируют поэтому питать иллюзию о том что будет очень крутой врач в очень дешевом месте ну как бы очень маловероятно и я когда был молодым специалистом меня сильно возмущала цена имплантации в америке прям сильно возмущала блин то же самое в четыре раза дороже не может быть,установка куплена для врача а врач поймет врач поймет что он ездит на мерседесе и приезжает на работу как бы все хорошо вот это все мелочи но они формируют поэтому питать иллюзию о том что будет очень крутой врач в очень дешевом месте те ну как бы очень маловероятно и я когда был молодым специалистом меня сильно возмущала цена имплантации в америке прям сильно возмущала я думаю блин тоже самое в четыре раза дороже не может быть,"установка куплена для врача, а врач поймет, врач поймет, что он ездит на мерседесе и приезжает на работу, как бы, все хорошо. Вот это все мелочи, но они формируют, поэтому питать иллюзию о том, что будет очень крутой врач в очень дешевом месте, ну, как бы, очень маловероятно. И я, когда был молодым специалистом, меня сильно возмущала цена имплантации в Америке, прям сильно возмущала. Я думаю: блин, тоже самое в четыре раза дороже не может быть.",0.0667,0.0533
gigaam_rnnt,test_00048.wav,и он еще мелкий был то есть я быстрее смогу и он талантливый на самом деле я тебе так скажу там ключевое будет играть это талант там не то что ты возьмешь выучишь подготовишься там уже играет составляющая таланта именно что ты действительно обыгрываешь уже да я бы все таки тут предложил бы немножко эту идею закопать почему потому что у меня опять же нет статы но насколько помню там есть какая то корреляция да достаточно сильная между условно возрастом и рейтингом,и он еще мелкий был то есть я быстрее смогу и он талантливый на самом деле я тебе так скажу там ключевое будет играть это талант там не то что ты возьмешь выучишь подготовишься там уже играет составляющая таланта именно что ты действительно обыгрываешь уже да я бы все таки тут предложил бы немножко эту идею закопать почему потому что у меня опять же нет статы но насколько помню там есть какая то корреляция да достаточно сильная между условным возрастом и рейтингом,"и он еще мелкий был, то есть я быстрее смогу, и он талантливый, на самом деле, я тебе так скажу, там ключевое будет играть — это талант, там не то, что ты возьмешь, выучишь, подготовишься, там уже играет составляющая таланта, именно что ты действительно обыгрываешь. Да, я бы все таки тут предложил бы немножко эту идею закопать, почему потому что у меня опять же нет статы, но насколько помню, там есть какая-то корреляция, да, достаточно сильная между условным возрастом и рейтингом.",0.0122,0.0244
gigaam_rnnt,test_00049.wav,практически не знаю насколько булшитно это прозвучит скорее бизнесово ориентированный пайплайн который сырые технические данные превращает в информацию для принятия решений каких то там оперативных здесь и сейчас возможно или там в будушем да технический бизнесовый инструмент который позволяет тебе управлять своей системой и позволяет тебе понимать а что же происходит внутри нее,практически не знаю насколько это булшитно прозвучит скорее бизнесовый ориентированный пейплайн который сырые технические данные превращает в информацию для принятия решений каких то там оперативных здесь и сейчас возможно или там в будущем да технический бизнесовый инструмент который позволяет тебе управлять своей системой позволяет тебе понимать а что же происходит внутри нее,"практически не знаю, насколько это bullshit прозвучит, скорее бизнесовый ориентированный pipeline, который сырые технические данные превращает в информацию для принятия решений каких-то там оперативных здесь и сейчас, или там в будущем, да, технический, бизнесовый инструмент, который позволяет тебе управлять своей системой, позволяет тебе понимать, а что же происходит внутри нее.",0.1132,0.1321
gigaam_rnnt,test_00050.wav,построить запросы как раз вот между многими хостами одновременно и по большому счету на этом все и останавливается то есть люди такие окей у нас логи в централизованном хранилище у нас данные где то в центральном месте,построить запросы как раз вот между многими хостами одновременно и по большому счету на этом все и останавливается то есть люди такие окей у нас логи в централизованном хранилище у нас данные где то в центральном месте,построить запросы как раз вот между многими хостами одновременно и по большому счету на этом все и останавливается то есть люди такие окей у нас логи в централизованном хранилище у нас данные где-то в центральном месте,0.0,0.0
gigaam_rnnt,test_00051.wav,да это отсутствие долго живущих бранчей другими словами отсутствие какого то кода но код сам по себе даже если он не проинтегрирован это ведь не такая уж и проблема казалось бы ну да ну фича неможко пылится на полке ну чуть позже ее там юзер получит ну все так,да это отсутствие долго живущих бранчей другими словами отсутствие какого то кода но код сам по себе даже если он не проинтегрирован это ведь не такая уж и проблема казалось бы ну да ну фича немножко пылится на полке но чуть позже ее там юзер получит это все так,"да это отсутствие долгоживущих бранчей другими словами отсутствие какого-то кода, но код сам по себе, даже если он не проинтегрирован, это ведь не такая уж и проблема, казалось бы. Ну да, ну фича немножко пылится на полке, но чуть позже ее там юзер получит. Это все так.",0.0612,0.102
gigaam_rnnt,test_00052.wav,то есть мы в каждый момент времени знаем про звук еще какое то такое распределение частот и связано это с тем что наше ухо на самом деле примерно так же и воспринимает звук то есть мы не просто амплитуду понимаем что вот где то там громче где то тише а наше ухо еще понимает что вот этот звук выше этот ниже этот голос более высокий этот голос низкий,то есть мы в каждый момент времени знаем про звук еще и какое то такое распределение частот и связано это с тем что наше ухо на самом деле примерно также и воспринимает звук то есть мы то есть мы не просто амплитуду понимаем что вот где то там громче где то тише а наше ухо еще понимает что вот этот звук выше этот ниже этот голос более высокий этот голос низкий,"то есть мы в каждый момент времени знаем про звук еще и какое-то такое распределение частот, и связано это с тем, что наше ухо на самом деле примерно также и воспринимает звук, то есть мы то есть мы не просто амплитуду понимаем, что вот где-то там громче, где-то тише, а наше ухо еще понимает, что вот этот звук выше, этот ниже, этот голос более высокий, этот голос низкий.",0.0882,0.0882
gigaam_rnnt,test_00053.wav,краеугольным камнем любых алгоритмов машинного обучения является прежде всего обобщающая способность когда мы обучаем некоторую модель у нас есть обучающая выборка у нас есть функция ошибки и наша задача сводится в общем то к оптимизационной задаче мы минимизируем функцию ошибки по параметрам нашей модели на обучающей выборке но на самом деле хотим то мы не этого мы не обучающую ошибку хотим минимизировать,краеугольным камнем любых алгоритмов машинного обучения является прежде всего обобщающая способность когда мы обучаем некоторую модель у нас есть обучающая выборка у нас есть функция ошибки и наша задача сводится в общем то к оптимизационной задаче мы минимизируем функцию ошибки по параметрам нашей модели на обучающей выборке но на самом деле хотим то мы не этого мы не обучающую ошибку хотим минимизировать,"краеугольным камнем любых алгоритмов машинного обучения является прежде всего обобщающая способность. Когда мы обучаем некоторую модель, у нас есть обучающая выборка, у нас есть функция ошибки, и наша задача сводится в общем то к оптимизационной задаче: мы минимизируем функцию ошибки по параметрам нашей модели на обучающей выборке. Но на самом деле то, что мы не хотим, это минимизировать обучающую ошибку.",0.0,0.1129
gigaam_rnnt,test_00054.wav,ничего страшного не произойдет я так понимаю мы наверное скорее всего один только совет дадим ставим opcode и в общем смотрим что opcode указал серым удаляем это все,ничего страшного не произойдет я так понимаю мы наверное скорее всего один только совет дадим ставим обкод и в общем смотрим что обкод указал серым удаляем это все,"Ничего страшного не произойдет, я так понимаю, мы, наверное, скорее всего, один только совет дадим, ставим обкод и, в общем, смотрим, что обкод указал, серым удаляем это все.",0.0714,0.0714
gigaam_rnnt,test_00055.wav,если твоя ситуация зашла в проблемную область или в тупик это автоматически означает что твоих интеллектуальных усилий недостаточно для того чтобы она туда не зашла сейчас попытаюсь другую аналогию привести есть такая фраза в программировании отладка программы требует в два раза или в три раза больше интеллектуальных усилий чем написание кода поэтому если код ты написал на максимуме своих интеллектуальных возможностей отладить эту программу ты уже не сможешь,если твоя ситуация зашла в проблемную область или в тупик это автоматически означает что твоих интеллектуальных усилий недостаточно для того чтобы она туда не зашла сейчас попытаюсь другую аналогию привести есть такая есть такая фраза в программировании отладка программы требует в два раза или в три раза больше интеллектуальных усилий чем написание кода поэтому если код ты написал на максимуме своих интеллектуальных возможностей отладить эту программу ты уже не сможешь,"если твоя ситуация зашла в проблемную область или в тупик, это автоматически означает, что твоих интеллектуальных усилий недостаточно для того, чтобы она туда не зашла. Сейчас попытаюсь другую аналогию привести. Есть такая фраза в программировании: отладка программы требует в два раза или в три раза больше интеллектуальных усилий, чем написание кода. Поэтому, если код ты написал на максимуме своих интеллектуальных возможностей, отладить эту программу ты уже не сможешь.",0.0294,0.0
gigaam_rnnt,test_00056.wav,но этому было посвящено первые 10 минут поэтому я сразу подумал а что будет еще 50 и идея всего доклада что человек или спикер рассказывает про разные кейсы какой паттерн можно было бы юзать для каждого и почему нет то есть там будет целая табличка с тем какие профиты и какие минусы для каждого кейса я помню был прекрасный доклад на медиуме для ну не то что новичков а даже для средних разработчиков где человек быстро прошелся по всем архитектурам,но этому было посвящено первых десять минут поэтому я сразу подумал а что будет еще пятьдесят и идея всего доклада что человек или спикер рассказывает про разные кейсы какой патер можно было бы юзать для каждого и почему нет нет то есть там будет целые таблички с тем что какие профиты какие минусы для каждого кейса я помню был прекрасный доклад на медиуме для ну не то что новичков даже для средних разработчиков где человек просто быстро прошелся по всем архитектурам,"Но этому было посвящено первых десять минут, поэтому я сразу подумал: а что будет еще пятьдесят? И идея всего доклада: что человек или спикер рассказывает про разные кейсы, какой паттерн можно было бы юзать для каждого и почему нет, то есть там будут целые таблички с тем, что какие профиты, какие минусы для каждого кейса. Я помню был прекрасный доклад на Medium, для ну не то что новичков, даже для средних разработчиков, где человек просто быстро прошелся по всем архитектурам.",0.1375,0.1375
gigaam_rnnt,test_00057.wav,смотри во первых мы когда отбирали датасет для обучения мы валидировали что вот здесь скорее всего плохое совпадение это надо выкинуть и брали то где мы были уверены что совпадение есть,смотри во первых мы когда отбирали детесет для обучения мы вылидировали что вот здесь скорее всего плохое совпадение это надо выкинуть и брали то где мы были уверены что совпадение есть,"Смотри, во-первых, мы когда отбирали датасет для обучения, выделили, что вот здесь скорее всего плохое совпадение, это надо выкинуть, и брали то, где мы были уверены, что совпадение есть.",0.0645,0.0645
gigaam_rnnt,test_00058.wav,но егор конечно прав что при обучении студентов нехватка проблем в их жизни которые бы нужно было решать с помощью языков программирования она безусловно сказывается это всегда так это вот когда например какие нибудь haskell евские монады начинают объяснять javascript ерам а там на хабре миллион статей на эту тему мы на самом деле сталкиваемся ровно с тем же,но егор конечно прав что при обучении студентов нехватка проблем в их жизни которые бы нужно было решать с помощью языков программирования она безусловно сказывается это всегда так это вот когда например какие нибудь хаскелевские монады начинают объяснять джавоскриптерам а там на хабре миллион статей на эту тему мы мы на самом деле сталкиваемся ровно с тем же,"но Егор конечно прав, что при обучении студентов нехватка проблем в их жизни, которые бы нужно было решать с помощью языков программирования, она безусловно сказывается. Это всегда так. Это вот, когда, например, какие-нибудь хаскелевские монады начинают объяснять джавоскриптерам, а там на Хабре миллион статей на эту тему. Мы мы на самом деле сталкиваемся ровно с тем же.",0.0847,0.0847
gigaam_rnnt,test_00059.wav,они были очень продвинутые в плане управленческих компетенций там были лучшие из лучших мировые менеджеры у них были все возможные метрики и все возможные ресурсы вычислительные и прочие для того чтобы строить свою стратегию на этих метриках и все эти компании просрали все полимеры,они были очень продвинутые в плане управленческих компетенций там были лучшие из лучших мировые менеджеры у них были все возможные метрики и всевозможные ресурсы вычислительные и прочее для того чтобы строить свою стратегию на этих метриках и все эти компании просрали все полимеры,"Они были очень продвинутые в плане управленческих компетенций. Там были лучшие из лучших мировые менеджеры. У них были все возможные метрики и всевозможные ресурсы, вычислительные и прочее, для того чтобы строить свою стратегию на этих метриках. И все эти компании просрали все полимеры.",0.0682,0.0682
gigaam_rnnt,test_00060.wav,человек недавно ставший тимлидом и который сказал знаешь заходит в чатик и говорит ребята меня вчера сделали тимлидом с чего мне начать и ему там дают ссылку что в первые девяносто дней ты должен и дальше там по порядку one on one performance review там пятое десятое очень легко натащить этого всего,человек недавно ставший тим лидом и который сказал знаешь заходит в чат и говорит ребята меня вчера сделали тим лидом с чего мне начать ему там дают ссылку что в первые девяносто дней ты должен и дальше там по порядку ван он ван триста шестьдесят перфоманс ревью там пятое десятое очень легко натащить этого всего,"человек недавно ставший тимлидом и который сказал, знаешь, заходит в чат и говорит: ребята, меня вчера сделали тимлидом. С чего мне начать? Ему там дают ссылку, что в первые девяносто дней ты должен, и дальше там по порядку: ван он, ван триста шестьдесят перфоманс ревью, там пятое, десятое, очень легко натащить всего этого.",0.25,0.2115
gigaam_rnnt,test_00061.wav,и бывает такое что вот здесь могут путаться просто потому что картины вот этих вот пиков найденных особенно если вот говорить про старые алгоритмы они могут быть очень похожи такое может быть,и бывает же такое что вот здесь могут путаться просто потому что картины вот этих вот пиков найденных особенно если говорить про старые алгоритмы они могут быть очень похожи такое может быть,"И бывает же такое, что вот здесь могут путаться просто потому, что картины вот этих вот пиков, найденных, особенно если говорить про старые алгоритмы, они могут быть очень похожи. Такое может быть.",0.0625,0.0625
gigaam_rnnt,test_00062.wav,да это отсутствие долго живущих бранчей другими словами отсутствие какого то кода но код сам по себе даже если он не проинтегрирован это ведь не такая уж и проблема казалось бы ну да ну фича неможко пылится на полке ну чуть позже ее там юзер получит ну все так,да это отсутствие долго живущих бранчей другими словами отсутствие какого то кода но код сам по себе даже если он не проинтегрирован это ведь не такая уж и проблема казалось бы ну да ну фича немножко пылится на полке но чуть позже ее там юзер получит это все так,"да это отсутствие долгоживущих бранчей другими словами отсутствие какого-то кода, но код сам по себе, даже если он не проинтегрирован, это ведь не такая уж и проблема, казалось бы. Ну да, ну фича немножко пылится на полке, но чуть позже ее там юзер получит. Это все так.",0.0612,0.102
gigaam_rnnt,test_00063.wav,каждый должен подстраивать под себя кстати вот про разминку мне кажется это хороший поинт ну то есть мы там до этого обсуждали историю про травмы и так далее мне кажется то что в принципе история про сделать какую то разминку разогреть мышцы это фактор который позволит те же самые мышцы травмировать в конечном счете,каждый должен подстраивать под себя кстати вот про разминку мне кажется это хороший пойнт ну то есть мы там до этого обсуждали историю про травмы и так далее мне кажется то что в принципе история про сделать какую то разминку разогреть мышцы это фактор который позволит меньше те же самые мышцы травмировать в конечном счете,"каждый должен подстраивать под себя, кстати. Вот про разминку мне кажется это хороший пойнт, ну то есть мы там до этого обсуждали историю про травмы и так далее. Мне кажется, то что в принципе история про сделать какую-то разминку, разогреть мышцы, это фактор, который позволит меньше те же самые мышцы травмировать в конечном счете.",0.037,0.037
gigaam_rnnt,test_00064.wav,про то как сейчас принято делать как раз таки в распределенных больших системах ну то есть мне нужно там логи посмотреть собрать их в кучу как это сейчас работает мы собираем логи с разных сервисов или мы с разных сервисов логи все сваливаем в одну кучу и смотрим там о это все по разному работает минутка рекламы у нас даже есть отдельный продукт для логов под названием вектор который помогает тебе настроить целый пайплайн обработки своих логов,про то как сейчас принято делать как раз таки в распределенных каких то больших системах ну то есть мне нужно там логи посмотреть собрать их в кучу как это сейчас работает мы собираем логи с разных сервисов или мы с разных сервисов логи все сво все сваливаем в одну кучу и смотрим там ой это все по разному работает минутка рекламы у нас даже есть отдельный продукт для логов под названием вектор который помогает тебе настроить целый пайплайн обработки своих логов,"про то как сейчас принято делать как раз таки в распределенных каких-то больших системах ну то есть мне нужно там логи посмотреть собрать их в кучу как это сейчас работает мы собираем логи с разных сервисов или мы с разных сервисов логи все сводим в одну кучу и смотрим там ой это все по-разному работает минутка рекламы у нас даже есть отдельный продукт для логов под названием Вектор, который помогает тебе настроить целый пайплайн обработки своих логов.",0.0649,0.0519
nemo_conformer-ctc-large,test_00000.wav,не я делал карты потом я ушел делать яндекс поиск потом этот яндекс поиск стал яндекс браузером там я руководил группой,а не я делал карты потом я ушел делать яндекс поиск потом этот яндекс поиск стал яндекс браузером там я рукодил группы,"а не я делал карты потом я ушел делать Яндекс Поиск, потом этот Яндекс Поиск стал Яндекс Браузером, там я руководил группой",0.1429,0.0476
nemo_conformer-ctc-large,test_00001.wav,егор мне перед выпуском уже показывал в гости мы сегодня позвали даню пилина создателя онлайн школы по шахматам skyeng product owner а и сейчас развивает стартап по лидогенерации,егор мне передвыпуском уже показывал в гости мы сегодня позвали даню пили на создател онлайн школу по шахматам скайянг продектовнера и сейчас развивает стартап по литогенерации,"Егор мне перед выпуском уже показывал, в гости мы сегодня позвали Даню, пили на создателя онлайн-школы по шахматам, SkyYang Projects, и сейчас развивает стартап по литогенерации.",0.3929,0.25
nemo_conformer-ctc-large,test_00002.wav,это очень хороший вопрос вот ну вы правы потому что 500 часов на разборах падений вот я достаточно долгое время работал в aws aws очень хорошая практика именно того как мы смотрим на операции различные системы что мы делаем когда они падают что мы делаем когда они не падают что мы делаем чтобы они не падали вот идеально вообще очень хорошо когда они не падают и сейчас я занимаюсь как раз application performance мониторингом в компании datadog то есть,то очень хороший вопрос вот но вы права потому что пятьсот часов на разборах падений вот я достаточно долгое время работал вей дб с в дбс очень хорошая практика именно того как мы смотрим на операции различных систем и что мы делаем когда о не падают что мы делаем когда они не падают что мы делаем чтобы они не падали вот идеально вообще очень хорошо когда они не падают и сейчас я занимаюсь как раз опрекичны перфома с мониторингом в компании дейтад дог то есть,"то очень хороший вопрос, вот но вы правы, потому что пятьсот часов на разборах падений. Вот я достаточно долгое время работал в DB с, в DBS — очень хорошая практика, именно того, как мы смотрим на операции различных систем и что мы делаем, когда они падают, что мы делаем, когда они не падают, что мы делаем, чтобы они не падали. Вот идеально, вообще очень хорошо, когда они не падают, и сейчас я занимаюсь, как раз, observability performance мониторингом в компании DataDog, то есть.",0.2405,0.1392
nemo_conformer-ctc-large,test_00003.wav,мой любимый фокус observability мы понимаем когда системе станет плохо грубо говоря в два часа ночи ваша система упадет с отказом по памяти будьте готовы к этому пожалуйста вот это и есть observability это один ее аспект а второй аспект который для меня на самом деле самый важный обычно мы не знаем что нам нужно знать о системе в тот момент когда мы ее разрабатываем,мой любимый фокус обзеробете мы понимаем когда системе станет плохо грубо говоря в два часа ночи ваша система упадет с отказом по памяти будьте готовы к этому пожалуйста вот это и есть обзеробирити это один ее аспект а второй аспект который для меня на самом деле самый важный обычно мы не знаем что нам нужно знать о системе в тот момент когда мы ее разрабатываем,"мой любимый фокус observability мы понимаем, когда системе станет плохо, грубо говоря, в два часа ночи ваша система упадет с отказом по памяти, будьте готовы к этому, пожалуйста. Вот это и есть observability, это один ее аспект, а второй аспект, который для меня на самом деле самый важный, обычно мы не знаем, что нам нужно знать о системе в тот момент, когда мы ее разрабатываем.",0.0308,0.0
nemo_conformer-ctc-large,test_00004.wav,потому что по айдишнику клиента уже можно было как то вот эту пачку транзакций связать из разных микросервисов,потому что пойдишнику клиенту уже можно было как то вот эту пачку транзакции связать из за разных микросервисов,потому что подсидишнику клиенту уже можно было как-то вот эту пачку транзакций связать из-за разных микросервисов,0.2778,0.2222
nemo_conformer-ctc-large,test_00005.wav,ну и еще вопрос такой важный лицензирования openstt недоступен для построения коммерческих моделей только академических а у голоса sberdevices golos там нету никаких ограничений фактически это лицензия близкая к creative commons share alike лицензии как это формулируется и это хорошо,ну и еще вопрос такой важный лиснизирование опнстт недоступен для построения коммерческих моделей только академических у голоса с бредавайса с голос там нет никаких ограничений фактически это лицензия близкая к креатив комос шей лайк лицензии и у менго сформулируется это хорошо,"ну и еще вопрос такой важный: лицензирование опенсорс недоступно для построения коммерческих моделей, только академических. У голоса с бредавайса с голос там нет никаких ограничений, фактически это лицензия, близкая к креатив комонс, шейк лайк лицензии, и у менго сформулируется это хорошо.",0.4,0.425
nemo_conformer-ctc-large,test_00006.wav,мой любимый фокус observability мы понимаем когда системе станет плохо грубо говоря в два часа ночи ваша система упадет с отказом по памяти будьте готовы к этому пожалуйста вот это и есть observability это один ее аспект а второй аспект который для меня на самом деле самый важный обычно мы не знаем что нам нужно знать о системе в тот момент когда мы ее разрабатываем,мой любимый фокус обзеробете мы понимаем когда системе станет плохо грубо говоря в два часа ночи ваша система упадет с отказом по памяти будьте готовы к этому пожалуйста вот это и есть обзеробирити это один ее аспект а второй аспект который для меня на самом деле самый важный обычно мы не знаем что нам нужно знать о системе в тот момент когда мы ее разрабатываем,"мой любимый фокус observability мы понимаем, когда системе станет плохо, грубо говоря, в два часа ночи ваша система упадет с отказом по памяти, будьте готовы к этому, пожалуйста. Вот это и есть observability, это один ее аспект, а второй аспект, который для меня на самом деле самый важный, обычно мы не знаем, что нам нужно знать о системе в тот момент, когда мы ее разрабатываем.",0.0308,0.0
nemo_conformer-ctc-large,test_00007.wav,вот это первый сигнал его некомпетентности самый правильный способ если у вас там что либо заболело вообще что либо это провести диагностику и попробовать вылечить через упражнения,вот это первый сигнал его не компетентности самый правильный способ есть у вас там что либо заболел вообще что либо это провести диагностику и попробовать вылечить через упражнения,"Вот это первый сигнал его некомпетентности. Самый правильный способ — есть у вас там что-либо заболело? Вообще, что-либо? Это провести диагностику и попробовать вылечить через упражнения.",0.1481,0.037
nemo_conformer-ctc-large,test_00008.wav,и вот изначально наша система координат была такова что вот эти клеточки они одинакового размера но потом выяснилось что на самом деле мы расстояние воспринимаем так что чем дальше они от нас эти горы тем расстояние на одну клеточку меньше для нас важно чем вблизи,и вот изначально наша система координат была такова что вот эти клеточки они одинакового размера но потом выяснилось что на самом деле мы расстояние воспринимаем так что чем дальше они от нас эти горы тем расстояние на одну клеточку меньше для нас важно чем вблизи,"и вот изначально наша система координат была такова, что вот эти клеточки они одинакового размера, но потом выяснилось, что на самом деле мы расстояние воспринимаем так, что чем дальше они от нас, эти горы, тем расстояние на одну клеточку меньше для нас важно, чем вблизи.",0.0,0.0
nemo_conformer-ctc-large,test_00009.wav,они просто про разработку и про то как он решает задачи в основном там ruby python чуть чуть shell а однако те подходы которые он использует можно перевести и на свою повседневную жизнь и также на destroyallsoft com есть раздел с выступлениями гарри там есть очень полезный доклад который я всем рекомендую он называется boundaries,они просто про разработку и про то как он решает задачу в основном там руби итон чуть чуть вшела однако те подходы которые используют можно перевести и на свою повседневную жизнь и также на пестройку усофт твою точка ком есть раздел с выступлениями гарри там есть очень полезный доклад который я всем рекомендую называется баудерис,"они просто про разработку и про то, как он решает задачу, в основном там руби итон, чуть-чуть. Однако те подходы, которые используют, можно перевести и на свою повседневную жизнь, и также на проектировку. Усофт, твою точка ком, есть раздел с выступлениями Гарри. Там есть очень полезный доклад, который я всем рекомендую. Он называется «Баудерис».",0.2545,0.2364
nemo_conformer-ctc-large,test_00010.wav,и ты такой а тебе приходится делать какие то телодвижения руками потом если у тебя этой связки нет чтобы вытащить информацию,и ты такой а тебе приходится делать какие то телодвижения руками потом если у тебя это связки нет чтобы вытащить информацию,"И ты такой, а тебе приходится делать какие-то телодвижения руками потом, если у тебя нет связок, чтобы вытащить информацию.",0.0476,0.1429
nemo_conformer-ctc-large,test_00011.wav,и мне кажется абсолютно все замечали что детские крики раздражают там и ты на них обращаешь внимание намного сильнее чем какие то низкие частоты здесь кажется то что ну наверное из этого следует что высокие частоты мы слышим там и распознаем лучше чем например низкие,и мне кажется абсолютно все замечали что детские крики раздражают там и ты на них обращаешь внимания намного сильнее чем какие то низкие частоты здесь кажется то что ну наверное из за этого следует что высокие частоты мы слышим там и распознаем лучше чем например низкие,"И мне кажется абсолютно все замечали, что детские крики раздражают, там и ты на них обращаешь внимание намного сильнее, чем какие-то низкие частоты. Здесь кажется, что, ну, наверное, из-за этого следует, что высокие частоты мы слышим там и распознаем лучше, чем, например, низкие.",0.0444,0.0444
nemo_conformer-ctc-large,test_00012.wav,хардкорный доклад самый человек занимается криптографией на swift е поэтому там можно ожидать многих интересных фичей технических деталей но по прежнему из за того что два дня и три треда всегда можно будет найти что посмотреть на том же русском языке если у нас будут такие гости,харкорный заклад сам человек занимается криптографией на свифте поэтому там можно ожидать многих интересныхтей технических деталей но по прежнему из за того что два дня и три треда всегда можно будет найти и чтоы посмотреть на том же русском языке если у нас будут такие гости,"хардкорный заклад. Сам человек занимается криптографией на Swift, поэтому там можно ожидать многих интересных технических деталей. Но по прежнему из-за того, что два дня и три треда, всегда можно будет найти и что-то посмотреть на том же русском языке, если у нас будут такие гости.",0.1915,0.1277
nemo_conformer-ctc-large,test_00013.wav,ну или даже больше у меня могло быть три часа нагрузки три часа бега в сутках это уже много я там действительно мог бургер съесть так что тут тоже если вы захотите потом уже профессионально еще сильнее упарываться то возможно там уже можно будет и забить на питание мне кажется,ну или даже больше у меня могло быть три часа нагрузки три часа бегая в сутках это уже много я там действительно мак бургер съесть так что тут тоже если вы захотите потом уже профессионально еще сильнее упароваться то возможно там уже можно будет и забить на питание мне кажется,"ну или даже больше у меня могло быть три часа нагрузки, три часа бегая в сутках, это уже много. Я там мак бургер съесть так что тут тоже. Если вы захотите потом уже профессионально еще сильнее упасть, то возможно там уже можно будет и забить на питание, мне кажется.",0.06,0.08
nemo_conformer-ctc-large,test_00014.wav,что то происходит не так в очень редком количестве случаев и это вот самое неприятное то есть у тебя там в 99 случаев все работает нормально но вот при таких входных данных система там встает в ступор выполняет это в 10 раз дольше и так далее и тому подобное и ты такой хм как поймать,что то происходит не так в очень редком количестве случаев это самое неприятное то есть у тебя там в девяносто девяти процентах случаев все работает нормально но вот при такух входных данных система там встает в ступор выполняет это в десять раз дольше и так далее и тому подобное и ты такой как поймать,"Что-то происходит не так в очень редком количестве случаев. Это самое неприятное. То есть у тебя там в девяносто девяти процентах случаев все работает нормально, но вот при таких входных данных система там встает в ступор, выполняет это в десять раз дольше и так далее и тому подобное. И ты такой, как поймать.",0.1455,0.1273
nemo_conformer-ctc-large,test_00015.wav,а это подробности получается именно того как работают форматы музыкальные для соответственно звука или как ты имеешь в виду про перекодировку и почему возникают расхождения или что да да да ну то есть вот ты сказал что даже если мы возьмем там не знаю битрейт поменяем у нас уже изменится и у нас побитового сравнения не получится,это подробности получается именно того как работают форматы музыкально для соответственно звука или как ты имеешь в виду про перекодировку и почему возникает расхождение или что да да да ну то есть вот ты сказал то что даже если мы возьмем там не знаю битрейт поменяем у нас уже изменится и у нас побитого сравнения не получится,"это подробности получается именно того, как работают форматы музыкальные, для соответственно звука, или как ты имеешь в виду про перекодировку и почему возникает расхождение? Ну, то есть, вот ты сказал, то что даже если мы возьмем там не знаю битрейт поменяем, у нас уже изменится, и у нас побитового сравнения не получится.",0.1053,0.1579
nemo_conformer-ctc-large,test_00016.wav,то в силу того что люди не способны особенно непрофессионалы в точности напевать мелодии соблюдая высоты тайминги между нотами а именно на это я думаю будет обращать внимание алгоритм пытаясь вот построить это преобразование то здесь мы неизбежно будем сталкиваться с тем что какой то диапазон различимых мелодий будет не очень большой,то в силу того что люди неспособны доста особенно не профессонал в точности напевать мелодией соблюдая высоты тайминги между нотами а именно на это я думаю будет обращать внимание алгоритм пытаясь вот построить это преобразование то здесь мы неизбежно будем сталкиваться с тем что какой то диапазон различимых мелодий он будет не очень большой,"то в силу того, что люди неспособны достаточно, особенно не профессионалы, точно напевать мелодией, соблюдая высоты и тайминги между нотами, а именно на это я думаю будет обращать внимание алгоритм, пытаясь вот построить это преобразование. То здесь мы неизбежно будем сталкиваться с тем, что какой-то диапазон различимых мелодий он будет не очень большой.",0.1154,0.1538
nemo_conformer-ctc-large,test_00017.wav,и между ними может быть какое то количество дискретных столбиков где каждый столбик это своя частота это если совсем упрощать ну ты что то типа эквалайзера рассказал да да да по сути обычный эквалайзер,и между ними может быть какое то количество дедискретных столбиков где каждый столбик это своя чистота это если совсем опрощать ну ты что то типа эквалайзер рассказал да да да по сути обычно эквалайзер,"и между ними может быть какое-то количество дискретных столбиков, где каждый столбик — это своя чистота. Это если совсем упрощать, ну ты что-то типа эквалайзер, рассказал. Да, да, да. По сути, обычно эквалайзер.",0.1471,0.0882
nemo_conformer-ctc-large,test_00018.wav,вот пришел запрос мы для него нашли пул кандидатов треков кандидатов и на самом деле из этого пула кандидатов правильный ответ если он даже есть там один или там несколько если там есть дубликаты этого трека в базе а все остальное это вообще говоря другие треки но мы можем посчитать какая похожесть,вот пришел запрос мы для него нашли пол кандидатов трекув кандидатов и на самом деле из этого пулу кандидатов правильный ответ если он даже есть там один или там несколько там есть дубликаты этого трека в базе а все остальное это вообще говоря другие треки но мы можем посчитать какая похожесть,"Вот пришел запрос мы для него нашли пул кандидатов, треков кандидатов и на самом деле из этого пула кандидатов правильный ответ, если он даже есть, там один или там несколько. Там есть дубликаты этого трека в базе, а все остальное это вообще говоря другие треки, но мы можем посчитать какая похожесть.",0.0769,0.0192
nemo_conformer-ctc-large,test_00019.wav,выводы о том какой следующий шаг надо сделать alphazero как раз вот если говорить о stockfish движке это появилось года четыре пять лет назад и по моему там история такая что за сутки она обучилась через сутки смогла обыгрывать уже гроссмейстеров,выводы о том какой следующий шаг на сделать альфазиро как раз вот если говорить про стоп ишдвижке это появилось куда четыре пять лет назад и по моему там история такая что за сутки она обучиласьчере сутки смогла обыиграть уже граз месяера,"Выводы о том, какой следующий шаг на сделать альфазиро, как раз вот если говорить про стоп ишдвижке, это появилось куда четыре пять лет назад и по моему там история такая, что за сутки она обучилась, через сутки смогла обыграть уже грозмейстера.",0.2683,0.1951
nemo_conformer-ctc-large,test_00020.wav,то есть мы в каждый момент времени знаем про звук еще какое то такое распределение частот и связано это с тем что наше ухо на самом деле примерно так же и воспринимает звук то есть мы не просто амплитуду понимаем что вот где то там громче где то тише а наше ухо еще понимает что вот этот звук выше этот ниже этот голос более высокий этот голос низкий,то есть мы в каждый момент времени знаем про звук еще и какое то такое распределение частот и связано это с тем что наше ухо на самом деле примерно так же и воспринимает звук то есть мы не просто притуду понимаем что где то там громче где то тише а наше ухо еще понимает что вот этот звук выше этот ниже этот голос более высокий этот голос низкий,"то есть мы в каждый момент времени знаем про звук еще и какое-то такое распределение частот, и связано это с тем, что наше ухо на самом деле примерно так же и воспринимает звук, то есть мы не просто притуду понимаем, что где-то там громче, где-то тише, а наше ухо еще понимает, что вот этот звук выше, этот ниже, этот голос более высокий, этот голос низкий.",0.0441,0.0441
nemo_conformer-ctc-large,test_00021.wav,я точно знаю у нас сейчас есть клиенты которые даже там на warning statement ы в наших логах реагируют такие о вы начали тут warning писать а у нас наши системы реагируют на то что warning и которые мы не знаем появляются в логах нам это мешает можете убрать,я точно знаю у нас есть клиенты которые даже там на ворнинг стейт монты в наших логах реагируют такие о вы начали  этот дорниг писать а у нас наша система реагируют на то что ворнинге которые мы не знаем появляются в логах нам это мешает можете убрать,"я точно знаю у нас есть клиенты которые даже там на ворнинг стейт монти в наших логах реагируют, такие: «О, вы начали этот донинг писать». А у нас наша система реагирует на то, что ворнинги, которые мы не знаем, появляются в логах. Нам это мешает, можете убрать.",0.2041,0.2245
nemo_conformer-ctc-large,test_00022.wav,когда у тебя система либо становится распределенной либо асинхронной внутри что по большому счету для целей нашего разговора практически одно и то же у тебя вот эта последовательность выполнения она теряется то есть грубо говоря тебе пришел какой то запрос ты можешь его положить в очередь для клиента и потом что то сделать,когда у тебя система либо становится распределенной либо а синхронной внутри чтоб по большому счету для целей нашего разговора практически одно и тоже у тебя вот эта последоватенность выполнении она теряется то есть грубо говоря теб пришел какой то запрос ты можешь его положить в очередь для клиента и потом что то сделать,"когда у тебя система либо становится распределенной либо асинхронной внутри, чтоб по большому счету для целей нашего разговора практически одно и то же, у тебя вот эта последовательность выполнения она теряется. То есть, грубо говоря, тебе пришел какой-то запрос, ты можешь его положить в очередь для клиента и потом что-то сделать.",0.1509,0.0189
nemo_conformer-ctc-large,test_00023.wav,то в силу того что люди не способны особенно непрофессионалы в точности напевать мелодии соблюдая высоты тайминги между нотами а именно на это я думаю будет обращать внимание алгоритм пытаясь вот построить это преобразование то здесь мы неизбежно будем сталкиваться с тем что какой то диапазон различимых мелодий будет не очень большой,то в силу того что люди неспособны доста особенно не профессонал в точности напевать мелодией соблюдая высоты тайминги между нотами а именно на это я думаю будет обращать внимание алгоритм пытаясь вот построить это преобразование то здесь мы неизбежно будем сталкиваться с тем что какой то диапазон различимых мелодий он будет не очень большой,"то в силу того, что люди неспособны достаточно, особенно не профессионалы, точно напевать мелодией, соблюдая высоты и тайминги между нотами, а именно на это я думаю будет обращать внимание алгоритм, пытаясь вот построить это преобразование. То здесь мы неизбежно будем сталкиваться с тем, что какой-то диапазон различимых мелодий он будет не очень большой.",0.1154,0.1538
nemo_conformer-ctc-large,test_00024.wav,то как бы но зачем здесь смотреть в логи прошлой версии системы там все равно же все не так работает это уже все старье надо новое смотреть вот я бы как раз тут не согласился мне скорее всего понадобятся логи предыдущего состояния системы если что то вдруг выкатили и оно стало работать не так как мы ожидали,то как бы ну зачем мне смотреть в логи прошлой версии системы там все равно же все не так работает это уже все стадие надо новое смотреть вот я как раз тут не согласился мне скорее всего понадобится логин предыдущего состояния системы если что то вдруг выкатили и оно стал работать не так как мы ожидали,"то как бы ну зачем мне смотреть в логи прошлой версии системы? Там все равно же все не так работает. Это уже стадия, надо новое смотреть. Вот я как раз тут не согласился. Мне скорее всего понадобится логин предыдущего состояния системы, если что-то вдруг выкатили и оно стало работать не так, как мы ожидали.",0.1228,0.1228
nemo_conformer-ctc-large,test_00025.wav,и поэтому использовать их в повседневности не получается мы вынуждены поступать зачастую интуитивно,и поэтому использовать их в повседневности не получается мы вынуждены поступать зачастую интуитивно,"и поэтому использовать их в повседневности не получается, мы вынуждены поступать зачастую интуитивно.",0.0,0.0
nemo_conformer-ctc-large,test_00026.wav,что если зуб в результате развития кариеса разрушен до 40 то его возможно восстановить пломбой то есть композитным материалом реставрацией ну это пластмасса по существу,что если зуб в результате развития рица разрушен до сорока процентов то его возможно восстановить пломбой то есть композитным материалом реставрации это пластмасса по существу,"что если зуб в результате развития кариеса разрушен до сорока процентов, то его возможно восстановить пломбой, то есть композитным материалом реставрации. Это пластмасса по существу.",0.2,0.16
nemo_conformer-ctc-large,test_00027.wav,на примере может быть для тех кто ни разу с этим не сталкивался а я там не знаю как мобильный разработчик например последние сколько то лет сижу и думаю ну у меня логи там ну куда нибудь в centric могут отправиться обычно я вижу что у меня в какой нибудь google play прилетели краши и я просто по названию exception а захожу туда где мне нужно найти логи ctrl c ctrl v найти нахожу конкретные логи все типа конец больше мне делать ничего не нужно,на примере может быть для тех кто с этим ни разу не сталкивался а я там не знаю как мобильный разработчик например последние сколько то лет сижу и думаю ну у меня логи там ну куда нибудь в центре могут отправиться обычно я вижу что мне в какой нибудь гугл плей прилетели кроши я просто по названию ресепшена захожу туда где мне нужно найти логи контрал це кон тралвэ найти нахожу конкретные логи все типа конец больше мне делать ничего не нужно,"На примере может быть для тех, кто с этим ни разу не сталкивался, а я там не знаю, как мобильный разработчик, например, последние сколько-то лет сижу и думаю: ну у меня логи там ну куда-нибудь в центре могут отправиться. Обычно я вижу, что мне в какой-нибудь Google Play прилетели краши. Я просто по названию ресепшена захожу туда, где мне нужно найти логи, control, control wave, нахожу конкретные логи, все типа конец, больше мне делать ничего не нужно.",0.2,0.1765
nemo_conformer-ctc-large,test_00028.wav,максимально ухудшить идеальную систему вводя туда какие то элементы или условия чтобы итоговая результат должен быть такой мы должны в 22 раза замедлить нашу разработку,максимально ухудшить идеальную систему вводя туда какие то элементы или условия чтобы итоговые результат должен быть такой мы должны в двадцать два раза замедлить нашу разработку,"максимально ухудшить идеальную систему, вводя туда какие-то элементы или условия, чтобы итоговый результат был такой: мы должны в двадцать два раза замедлить нашу разработку.",0.12,0.2
nemo_conformer-ctc-large,test_00029.wav,и вот такая архитектура долгое время доминировала ее пытались модифицировать в двухтысячных годах произошел определенный прорыв в области обучения глубоких нейронных сетей с легкой руки джеффри хинтона и его ученика рустама салахутдинова и стали активно использовать вместо скрытых марковских моделей на акустико фонетическом уровне многослойные нейронные сети либо многослойные персептроны либо сверточные нейронные сети,и вот такая архитектура долгое время доминировала ее пытались модифицировать в двухтысячных годах произошел определенный прорыв в области обучения глубоких нейронных сетей с тегкой руки джеффри химтона и его ученика рустама салахутдинова и стали активно использовать вместо скрытых марковских моделей на акустикофимическом уровне многослойные нейронные сети либо многослонные персектроные либо сверточные нейронные сети,"и вот такая архитектура долгое время доминировала, ее пытались модифицировать в двухтысячных годах. Произошел определенный прорыв в области обучения глубоких нейронных сетей с тех пор, Джеффри Хинтон и его ученик Рустам Салахутдинов стали активно использовать вместо скрытых марковских моделей на акустико-фимическом уровне многослойные нейронные сети, либо многослойные персептроны, либо сверточные нейронные сети.",0.1111,0.1481
nemo_conformer-ctc-large,test_00030.wav,убрали весь формализм всю регулярность а это essence мы до этого обсуждали что такое one on one и эти три признака выбыли как характеризующие мы убираем регулярность мы убираем формализм ну вы можете в произвольной форме пообщаться все и это больше не one on one вы просто пообщались,убрали весь формализм все регулярность а это снс мы до этого обсуждали что такое ван онлайн и эти три признака выбыли как характеризующие мы убираем регулярность мы убираем формализм  вы можете в произвольной форме по ообщаться все это больше не волнован вы просто пообщались,"Убрали весь формализм, все регулярность. А это СНС. Мы до этого обсуждали, что такое Ван онлайн, и эти три признака выбыли как характеризующие. Мы убираем регулярность, мы убираем формализм. Вы можете в произвольной форме пообщаться. Все это больше не волнован. Вы просто пообщались.",0.25,0.2083
nemo_conformer-ctc-large,test_00031.wav,но не все индустрии в одинаковом состоянии они прошли немножко разный путь у меня такой вопрос перед тем как мы начнем набрасывать и в общем закапывать одну индустрию за другой выявлять дисфункции и так далее у меня есть предложение как то договориться на тему того а что мы называем качественным менеджментом как понять что один менеджмент качественный а другой нет,но не всей индустрия в одинаковом состоянии они прошли немножко разный путь у меня такой вопрос перед тем как мы начнем набрасывать и в общем закапывать одну индустрию за другой выявлять дисфунции и так далее у меня есть предложение как то договориться на тему того а что мы называем качественным менеджментом как понять что один менеджмент канчистнный другой нет,"но не всей индустрия в одинаковом состоянии. Они прошли немножко разный путь. У меня такой вопрос: перед тем как мы начнем набрасывать и в общем закапывать одну индустрию за другой, выявлять дисфункции и так далее, у меня есть предложение как-то договориться на тему того, а что мы называем качественным менеджментом, как понять, что один менеджмент качественный, другой нет.",0.0833,0.05
nemo_conformer-ctc-large,test_00032.wav,и получаем очень много вот таких широты знаний и мне кажется что все остальные причины которые тут можно привести они уже вытекают отсюда ну во первых когда мы смотрим на языки программирования мы всегда видим что они очень тесно между собой связаны,и получаем очень много вот таких широты знаний и мне кажется что все остальные причины который тут можно привести они уже вытекают отсюда ну во первых когда мы смотрим на языки программирования мы всегда видим что они очень тесно между собой связаны,"и получаем очень много вот таких широты знаний и мне кажется, что все остальные причины, которые тут можно привести, они уже вытекают отсюда. Ну, во-первых, когда мы смотрим на языки программирования, мы всегда видим, что они очень тесно между собой связаны.",0.0238,0.0
nemo_conformer-ctc-large,test_00033.wav,он как раз говорил примерно следующее к сожалению мы не все можем измерить но проблема в том что мы вынуждены управлять тем чего измерить не можем,он как раз говорил примерно следующее к сожалению мы не все можем измерить но проблема в том что мы вынуждены управлять тем чего измерить не можем,"Он как раз говорил примерно следующее: к сожалению, мы не все можем измерить, но проблема в том, что мы вынуждены управлять тем, чего измерить не можем.",0.0,0.0
nemo_conformer-ctc-large,test_00034.wav,а можно задать тебе вопрос да конечно что тебе нравится больше чем спать спокойно по ночам зная что твой сон охраняет observability нашего биллинга podlodka crew построенное на телеграме,жно задать мне вопрос да конечно  что тебе нравится больше чем спать спокойно по ночам знаешь что твой сон охраняет обзервабилити нашего биллинга под лодка крю построена на телеграмме,"Жо, задай мне вопрос. Да, конечно. Что тебе нравится больше, чем спать спокойно по ночам? Знаешь, что твой сон охраняет observability нашего биллинга. Под лодка, крю, построена на телеграмме.",0.3448,0.3448
nemo_conformer-ctc-large,test_00035.wav,максимально ухудшить идеальную систему вводя туда какие то элементы или условия чтобы итоговая результат должен быть такой мы должны в 22 раза замедлить нашу разработку,максимально ухудшить идеальную систему вводя туда какие то элементы или условия чтобы итоговые результат должен быть такой мы должны в двадцать два раза замедлить нашу разработку,"максимально ухудшить идеальную систему, вводя туда какие-то элементы или условия, чтобы итоговый результат был такой: мы должны в двадцать два раза замедлить нашу разработку.",0.12,0.2
nemo_conformer-ctc-large,test_00036.wav,большой объем знаний который дается в интересной форме и из за этого метода преподношения он воспринимается лучше,большой объем знаний который дается в интересной форме и из за этого метода преподношения он воспринимается лучше,"большой объем знаний, который дается в интересной форме, и из-за этого метода преподношения он воспринимается лучше",0.0,0.0
nemo_conformer-ctc-large,test_00037.wav,ты не можешь сразу как это на большом чане ну просто дорого будет делать сразу на большом чане культивацию большого количества клеток,ты не можешь сразу как то на большом чатен просто дорого будет делать сразу на большом чане культивацию большого количества клеток,ты не можешь сразу как-то на большом чане просто дорого будет делать сразу на большом чане культивацию большого количества клеток,0.1364,0.0909
nemo_conformer-ctc-large,test_00038.wav,а если эти зубы в зоне улыбки то сразу ставят коронку в один день сразу это занимает ну обычно час спланированная манипуляция занимает обычно час,а если эти зубы в зоне улыбки то сразу ставят коронку в один день сразу это занимает но обычный час спланированная манипуляция занимает обычный час,"а если эти зубы в зоне улыбки, то сразу ставят коронку в один день, сразу это занимает, но обычная манипуляция занимает обычный час.",0.12,0.2
nemo_conformer-ctc-large,test_00039.wav,всем привет друзья с вами подкаст подлодка меня зовут женя кателла со мной сегодня стас цыганов стас привет,всем привет друзья с вами подкаст подлодка меня зовут женя кателло со мной сегодня стас цыганов стас пятьт,"Всем привет, друзья. С вами подкаст «Подлодка». Меня зовут Женя Кателло. Со мной сегодня Стас Цыганов, Стас.",0.1111,0.1111
nemo_conformer-ctc-large,test_00040.wav,то есть вот нужно доверять учителю с опытом и тут вот это самое главное не мешать ему работать то есть да вот рекомендация вы решите что кого вы будете рекомендовать и потом уже на этот вопрос отвечайте,то есть вот нужно доверять учителю с опытом и тут вот это самое главное не мешать ему работать то есть там вот рекомендация вы решите что кого вы будете рекомендовать и потом уже на этот вопрос отвечайте,"то есть вот нужно доверять учителю с опытом, и тут вот это самое главное не мешать ему работать. То есть там вот рекомендация: вы решите, кого вы будете рекомендовать, и потом уже на этот вопрос отвечайте.",0.027,0.0541
nemo_conformer-ctc-large,test_00041.wav,это волчанка да но давайте вот про это я не буду сегодня я готов больше про раковые клетки просто потому что про них лучше изучал да я не думаю что есть принципиальное отличие в производстве,это волчанка да но давайте вот про это я не буду сегодня готов больше прораковые клетки просто потому что про них лучше звучал да я не думаю что есть принципиальное отличия в производстве,"это волчанка да но давайте вот про это я не буду сегодня готов больше про раковые клетки просто потому что про них лучше звучало да я не думаю, что есть принципиальные отличия в производстве",0.1429,0.1143
nemo_conformer-ctc-large,test_00042.wav,и поэтому использовать их в повседневности не получается мы вынуждены поступать зачастую интуитивно,и поэтому использовать их в повседневности не получается мы вынуждены поступать зачастую интуитивно,"и поэтому использовать их в повседневности не получается, мы вынуждены поступать зачастую интуитивно.",0.0,0.0
nemo_conformer-ctc-large,test_00043.wav,ну просто чтобы какое то разумное его количество чтобы можно было его не искать и для скорости да просто это нужно делать там за какие то не знаю сотни миллисекунд ну там за секунды то есть сам поиск работает достаточно быстро и если мы будет вальяжно с каждым треком сравнивать это это просто неподъемно даже на каком то кластере поисковом это невозможно так,ну просто чтобыэ какое то разумное ее было количество что можно было в не искать и для скорости да просто это нужно делать там за какие то не знаю сотнями секунд там до секунды то есть там поиск работает достаточно быстро и если мы будем вальяжно с каждым треком сравнивать это просто подъемно даже на каком то кластере порисковано это невозможно так,"ну просто чтобы какое-то разумное ее было количество, что можно было в ней искать, и для скорости да, просто это нужно делать там за какие-то не знаю сотнями секунд там до секунды, то есть там поиск работает достаточно быстро, и если мы будем вальяжно с каждым треком сравнивать, это просто неподъемно даже на каком-то кластере, рисковано, это невозможно.",0.2222,0.2222
nemo_conformer-ctc-large,test_00044.wav,и мне кажется абсолютно все замечали что детские крики раздражают там и ты на них обращаешь внимание намного сильнее чем какие то низкие частоты здесь кажется то что ну наверное из этого следует что высокие частоты мы слышим там и распознаем лучше чем например низкие,и мне кажется абсолютно все замечали что детские крики раздражают там и ты на них обращаешь внимания намного сильнее чем какие то низкие частоты здесь кажется то что ну наверное из за этого следует что высокие частоты мы слышим там и распознаем лучше чем например низкие,"И мне кажется абсолютно все замечали, что детские крики раздражают, там и ты на них обращаешь внимание намного сильнее, чем какие-то низкие частоты. Здесь кажется, что, ну, наверное, из-за этого следует, что высокие частоты мы слышим там и распознаем лучше, чем, например, низкие.",0.0444,0.0444
nemo_conformer-ctc-large,test_00045.wav,и вводить его нужно на сайте podlodka io gocrew вот и позвали поговорить про observability мы михаила дружинина михаил engineering manager в компании datadog управляет разработкой всех клиентских библиотек на восьми языках разработки для application performance мониторинга и distributed трейсинга,переводите его нужно на сайте под лодка точкой о слеш гоу крю вот и позвали поговорить про обзеробилети мы михаила дружинина михаил инженер менеджер в компании дта дог управляет разработкой всех клиентских библиотек на восьми языках разработки для кликейшен фонс мониторинга и идистрибюте трейсинга,"Переводите его нужно на сайте под лодка точкой о слеш гоу крю вот и позвали поговорить про observability. Мы, Михаил Дружинин, Михаил, инженер-менеджер в компании ДТА Дог, управляю разработкой всех клиентских библиотек на восьми языках разработки для кликейшен, фонс, мониторинга и дистрибьюте трейсинга.",0.425,0.475
nemo_conformer-ctc-large,test_00046.wav,где важны будут классы насколько я вообще java понимаю там ты без классов никуда не двинешься и там ну как бы хочешь не хочешь у тебя будут классы это первое а второе я считаю что если этого требует архитектура то пусть это будет класс например это фабрика или какой то билдер,где должны быть классом насколько я вообще джал понимаю там ты без классов никуда не двинешься и там ну как бы хочешь не хочешь у тебя будет класса это первое а второе я считаю что если этого требует архитектура то пусть это будет класс например это фабрика или какой то билдр,"где должны быть классы? Насколько я вообще, как понимаю, там ты без классов никуда не двинешься, и там, ну как бы, хочешь не хочешь, у тебя будет класс. Это первое. А второе я считаю, что если этого требует архитектура, то пусть это будет класс, например, это фабрика или какой-то билдер.",0.1373,0.098
nemo_conformer-ctc-large,test_00047.wav,установка куплена для врача а врач поймет врач поймет что он ездит на мерседесе и приезжает на работу как бы все хорошо вот это все мелочи но они формируют поэтому питать иллюзию о том что будет очень крутой врач в очень дешевом месте ну как бы очень маловероятно и я когда был молодым специалистом меня сильно возмущала цена имплантации в америке прям сильно возмущала блин то же самое в четыре раза дороже не может быть,установка купленна для врача а врач поймет врач поймет что он ездит на мерседесе и приезжает на работу как бы все хорошо вот это все мелочи но они формируют поэтому питать иллюзию о том что будет очень крутой врач в очень дешевом месте ну как бы очень маловероятноя и я когда был молодым специалистом меня сильно возмущало цена имплантации в америке прямо сильно возмущала это блин тоже самое в четыре раза дороже не может быть,"Установка куплена для врача, а врач поймет, врач поймет, что он ездит на мерседесе и приезжает на работу, как бы все хорошо. Вот это все мелочи, но они формируют, поэтому питать иллюзию о том, что будет очень крутой врач в очень дешевом месте, ну как бы очень маловероятно. И я, когда был молодым специалистом, меня сильно возмущала цена имплантации в Америке, прямо сильно возмущала. Это, блин, тоже самое, в четыре раза дороже не может быть.",0.0933,0.0533
nemo_conformer-ctc-large,test_00048.wav,и он еще мелкий был то есть я быстрее смогу и он талантливый на самом деле я тебе так скажу там ключевое будет играть это талант там не то что ты возьмешь выучишь подготовишься там уже играет составляющая таланта именно что ты действительно обыгрываешь уже да я бы все таки тут предложил бы немножко эту идею закопать почему потому что у меня опять же нет статы но насколько помню там есть какая то корреляция да достаточно сильная между условно возрастом и рейтингом,и он еще мелкий был то есть я быстрее смогу и он талантливый на самом деле я тебе так скажу там ключевой будет играть все это талант там не то что ты возьмешь выучишь что подготовишься и там уже играет оставляющий талант именно что ты действительно обыгрываешь уже да я бы все таки тут предложил бы немножко эту идею закопать почему потому что у меня опять же нет статы но насколько помню там есть какая то корреляция до достаточно сильная междусловным возрастом и рейтингом,"и он еще мелкий был, то есть я быстрее смогу, и он талантливый, на самом деле, я тебе так скажу, там ключевой будет играть, все это талант. Там не то, что ты возьмешь, выучишь, что подготовишься, и там уже играет, оставляющий талант. Именно что ты действительно обыгрываешь уже. Да, я бы все таки тут предложил бы немножко эту идею закопать, почему потому что у меня опять же нет статы, но насколько помню, там есть какая-то корреляция до достаточно сильная между возрастным и рейтингом.",0.1098,0.1098
nemo_conformer-ctc-large,test_00049.wav,практически не знаю насколько булшитно это прозвучит скорее бизнесово ориентированный пайплайн который сырые технические данные превращает в информацию для принятия решений каких то там оперативных здесь и сейчас возможно или там в будушем да технический бизнесовый инструмент который позволяет тебе управлять своей системой и позволяет тебе понимать а что же происходит внутри нее,практически не знаю насколько это буде шитльно прозвучит скорее бизнес о ориентированный пй плайн который сырые технические данные превращает в информацию дл принятия решений каких то там оперативных здесь сейчас возможно или там в будущем да технический бизнесовый инструмент который позволяет себе управлять своей системой и позволятье понимать а что же происходит внутри нее,"практически не знаю, насколько это будет шитьльно прозвучит, скорее бизнес-ориентированный плейн, который сырые технические данные превращает в информацию для принятия решений каких-то там оперативных здесь сейчас или там в будущем. Да, технический бизнес-инструмент, который позволяет управлять своей системой и позволять понимать, а что же происходит внутри нее.",0.2453,0.2264
nemo_conformer-ctc-large,test_00050.wav,построить запросы как раз вот между многими хостами одновременно и по большому счету на этом все и останавливается то есть люди такие окей у нас логи в централизованном хранилище у нас данные где то в центральном месте,построить запросы как раз вот между многими хостами одновременно и по большому счету на этом все и останавливается то есть такий окей у нас логи в централизованном хранилище у нас данные где то в центральном месте,"построить запросы как раз вот между многими хостами одновременно и по большому счету на этом все и останавливается то есть такой, окей, у нас логи в централизованном хранилище, у нас данные где-то в центральном месте.",0.0541,0.0541
nemo_conformer-ctc-large,test_00051.wav,да это отсутствие долго живущих бранчей другими словами отсутствие какого то кода но код сам по себе даже если он не проинтегрирован это ведь не такая уж и проблема казалось бы ну да ну фича неможко пылится на полке ну чуть позже ее там юзер получит ну все так,да это отсутствие долга живущий браньчи другими словами отсутствие какого то кода но кот сам по себе даже если он не проинтегрирован это ведь не такая уж и проблема казалось бы ну да но фиджи немножко поялится на полке но чуть позже ее та юзер получат все так,"да это отсутствие долга, живущий, браньчи, другими словами отсутствие какого-то кода, но кот сам по себе даже если он не проинтегрирован, это ведь не такая уж и проблема, казалось бы, ну да, но фиджи немножко появятся на полке, но чуть позже ее та юзер получат все так.",0.2449,0.2449
nemo_conformer-ctc-large,test_00052.wav,то есть мы в каждый момент времени знаем про звук еще какое то такое распределение частот и связано это с тем что наше ухо на самом деле примерно так же и воспринимает звук то есть мы не просто амплитуду понимаем что вот где то там громче где то тише а наше ухо еще понимает что вот этот звук выше этот ниже этот голос более высокий этот голос низкий,то есть мы в каждый момент времени знаем про звук еще и какое то такое распределение частот и связано это с тем что наше ухо на самом деле примерно так же и воспринимает звук то есть мы не просто притуду понимаем что где то там громче где то тише а наше ухо еще понимает что вот этот звук выше этот ниже этот голос более высокий этот голос низкий,"то есть мы в каждый момент времени знаем про звук еще и какое-то такое распределение частот, и связано это с тем, что наше ухо на самом деле примерно так же и воспринимает звук, то есть мы не просто притуду понимаем, что где-то там громче, где-то тише, а наше ухо еще понимает, что вот этот звук выше, этот ниже, этот голос более высокий, этот голос низкий.",0.0441,0.0441
nemo_conformer-ctc-large,test_00053.wav,краеугольным камнем любых алгоритмов машинного обучения является прежде всего обобщающая способность когда мы обучаем некоторую модель у нас есть обучающая выборка у нас есть функция ошибки и наша задача сводится в общем то к оптимизационной задаче мы минимизируем функцию ошибки по параметрам нашей модели на обучающей выборке но на самом деле хотим то мы не этого мы не обучающую ошибку хотим минимизировать,краеугольным камнем любых алгоритмов машинного обучения является прежде всего обобщающая способностью тогда мы обучаем некоторую модель у нас есть обучающая выборка уноси есть ошибки и наша задача сводится в общем то оптимизационный задачи мы минимизируем функцию ошибки по параметрам нашей модели на обучающие выбораки но на самом деле хотим то мы не этого мы не обучающую ошибку хотим минимизировать,"краеугольным камнем любых алгоритмов машинного обучения является прежде всего обобщающая способность. Тогда мы обучаем некоторую модель, у нас есть обучающая выборка, у нас есть ошибки, и наша задача сводится в общем то к оптимизационной задаче: мы минимизируем функцию ошибки по параметрам нашей модели на обучающей выборке. Но на самом деле то, что мы не хотим, — это минимизировать обучающую ошибку.",0.1613,0.1452
nemo_conformer-ctc-large,test_00054.wav,ничего страшного не произойдет я так понимаю мы наверное скорее всего один только совет дадим ставим opcode и в общем смотрим что opcode указал серым удаляем это все,чего страшного не произойдет а я так понимаю мы наверное скорее всего один только совет дадим ставим обхт и в общем смотрим что обот указал серым удаляем это все,"чего страшного не произойдет, а я так понимаю, мы, наверное, скорее всего, один только совет дадим, ставим обход и, в общем, смотрим, что обозреватель указал, серым удаляем это все.",0.1429,0.1429
nemo_conformer-ctc-large,test_00055.wav,если твоя ситуация зашла в проблемную область или в тупик это автоматически означает что твоих интеллектуальных усилий недостаточно для того чтобы она туда не зашла сейчас попытаюсь другую аналогию привести есть такая фраза в программировании отладка программы требует в два раза или в три раза больше интеллектуальных усилий чем написание кода поэтому если код ты написал на максимуме своих интеллектуальных возможностей отладить эту программу ты уже не сможешь,если твоя ситуация зашла в в проблемную область или в тупик это автоматически означает что твоих интеллектуальных усилий недостаточно для того чтобы она туда не зашла сейчас попытаюсь в другую аналоги провести есть такая фраза в программирование отладка программы требует в два раза или в три раза больше интелретуальных усилий чем написание кода поэтому если код то написал на максимуме своих интелектуальных возможностей отладить эту программу ты уже не сможешь,"если твоя ситуация зашла в проблемную область или в тупик, это автоматически означает, что твоих интеллектуальных усилий недостаточно для того, чтобы она туда не зашла. Сейчас попытаюсь другую аналогию провести. Есть такая фраза в программировании: отладка программы требует в два раза или в три раза больше интеллектуальных усилий, чем написание кода. Поэтому, если код ты написал на максимуме своих интеллектуальных возможностей, отладить эту программу ты уже не сможешь.",0.1176,0.0147
nemo_conformer-ctc-large,test_00056.wav,но этому было посвящено первые 10 минут поэтому я сразу подумал а что будет еще 50 и идея всего доклада что человек или спикер рассказывает про разные кейсы какой паттерн можно было бы юзать для каждого и почему нет то есть там будет целая табличка с тем какие профиты и какие минусы для каждого кейса я помню был прекрасный доклад на медиуме для ну не то что новичков а даже для средних разработчиков где человек быстро прошелся по всем архитектурам,но аа этому было посвящено первых десять минут поэтому я сразу подумал что будет еще пятьдесят и идеи всего доклада что человек или спикер рассказывает про разные кейсты какой патор можно было бы не взять для каждого и почему нет то есть там будет целые таблички с тем что какие профит и какие минусы для каждого кейса я помню был прекрасный доклад на медиуме для ну не то что новичков даже для средних разработчиков где человек просто быстро прошелся по всем архитектурам,"Но этому было посвящено первых десять минут, поэтому я сразу подумал, что будет еще пятьдесят. И идеи всего доклада — что человек или спикер рассказывает про разные кейсы, какой паттерн можно было бы не взять для каждого и почему. То есть там будут целые таблички с тем, что какие профиты и какие минусы для каждого кейса. Я помню был прекрасный доклад на Medium, ну не то, что для новичков, даже для средних разработчиков, где человек просто быстро прошелся по всем архитектурам.",0.2,0.2125
nemo_conformer-ctc-large,test_00057.wav,смотри во первых мы когда отбирали датасет для обучения мы валидировали что вот здесь скорее всего плохое совпадение это надо выкинуть и брали то где мы были уверены что совпадение есть,смотри во первых мы когда отбирали дтс для обучения мы булидировали что вот здесь скорее всего плохое совпадение это надо выкинуть и брали то где мы были уверены что совпадение есть,"Смотри, во-первых, мы когда отбирали DTS для обучения мы булидировали, что вот здесь скорее всего плохое совпадение, это надо выкинуть, и брали то, где мы были уверены, что совпадение есть.",0.0645,0.0645
nemo_conformer-ctc-large,test_00058.wav,но егор конечно прав что при обучении студентов нехватка проблем в их жизни которые бы нужно было решать с помощью языков программирования она безусловно сказывается это всегда так это вот когда например какие нибудь haskell евские монады начинают объяснять javascript ерам а там на хабре миллион статей на эту тему мы на самом деле сталкиваемся ровно с тем же,но егор конечно прав что при обучении студентов  нехватка проблем в их жизни которые бы нужно было решать с помощью языков программирования она безусловно сказывается это всегда так это вот когда например какие нибудь хаскелевские манады начинают объяснять джаваскриптером а там на хабре миллион статей на эту тему  мы на самом деле сталкиваемся ровно с тем же,"но Егор конечно прав, что при обучении студентов нехватка проблем в их жизни, которые бы нужно было решать с помощью языков программирования, она безусловно сказывается. Это всегда так. Это вот, когда, например, какие-нибудь хаскелевские монады начинают объяснять джаваскриптером, а там на Хабре миллион статей на эту тему, мы на самом деле сталкиваемся ровно с тем же.",0.0847,0.0678
nemo_conformer-ctc-large,test_00059.wav,они были очень продвинутые в плане управленческих компетенций там были лучшие из лучших мировые менеджеры у них были все возможные метрики и все возможные ресурсы вычислительные и прочие для того чтобы строить свою стратегию на этих метриках и все эти компании просрали все полимеры,они были очень продвинуты в плане управленческих компетенций там были лучше из лучших мировые менеджеры у них были все возможные метрики и все возможные ресурсы вычислительные прочие для того чтобы строить свою стратегию на этих меториках и все эти компании просрали все полимеры,"Они были очень продвинуты в плане управленческих компетенций. Там были лучшие из лучших мировые менеджеры. У них были все возможные метрики и все возможные ресурсы, вычислительные, прочие, для того чтобы строить свою стратегию на этих метриках. И все эти компании просрали все полимеры.",0.0909,0.0455
nemo_conformer-ctc-large,test_00060.wav,человек недавно ставший тимлидом и который сказал знаешь заходит в чатик и говорит ребята меня вчера сделали тимлидом с чего мне начать и ему там дают ссылку что в первые девяносто дней ты должен и дальше там по порядку one on one performance review там пятое десятое очень легко натащить этого всего,человек недавно ставший тим лидом и который сказал знаешь заходит в чате гово ребята меня вчера сделали этим лидом с чего мне начать ему там дает ссылку что в первые девяносто дней ты должен и дальше там по порядку ван он ван триста шестьдесят перфоман с ревью там пятое десятое очень легко натащить этого всего,"человек недавно ставший тимлидом и который сказал, знаешь, заходит в чате, говорит: ребята, меня вчера сделали этим лидом. С чего мне начать? Ему там дает ссылку: что в первые девяносто дней ты должен, и дальше там по порядку: ван он ван триста шестьдесят, перфоманс ревью, там пятое, десятое, очень легко натащить всего этого.",0.3269,0.2885
nemo_conformer-ctc-large,test_00061.wav,и бывает такое что вот здесь могут путаться просто потому что картины вот этих вот пиков найденных особенно если вот говорить про старые алгоритмы они могут быть очень похожи такое может быть,и бывает же такое что вот здесь могут путаться просто потому что картина вот этих вот пиков найденных особенности говорит про старох говорит но они могут быть очень похожи кактакое может быть,"И бывает же такое, что вот здесь могут путаться просто потому что картина вот этих вот пиков, найденных особенностей, говорит про старох, говорит, но они могут быть очень похожи, как такое может быть.",0.3125,0.3125
nemo_conformer-ctc-large,test_00062.wav,да это отсутствие долго живущих бранчей другими словами отсутствие какого то кода но код сам по себе даже если он не проинтегрирован это ведь не такая уж и проблема казалось бы ну да ну фича неможко пылится на полке ну чуть позже ее там юзер получит ну все так,да это отсутствие долга живущий браньчи другими словами отсутствие какого то кода но кот сам по себе даже если он не проинтегрирован это ведь не такая уж и проблема казалось бы ну да но фиджи немножко поялится на полке но чуть позже ее та юзер получат все так,"да это отсутствие долга, живущий, браньчи, другими словами отсутствие какого-то кода, но кот сам по себе даже если он не проинтегрирован, это ведь не такая уж и проблема, казалось бы, ну да, но фиджи немножко появятся на полке, но чуть позже ее та юзер получат все так.",0.2449,0.2449
nemo_conformer-ctc-large,test_00063.wav,каждый должен подстраивать под себя кстати вот про разминку мне кажется это хороший поинт ну то есть мы там до этого обсуждали историю про травмы и так далее мне кажется то что в принципе история про сделать какую то разминку разогреть мышцы это фактор который позволит те же самые мышцы травмировать в конечном счете,каждый должен подстраивать под себя кстати вот про разминку мне кажется это хороший пойнт но то есть мы там до этого обсуждали историю про травму и так далее мне кажется то что в принципе история про сделать какую то разминку разогреть мышцы это фактор которые позволят меньше те же самые мышиы травмировать в конечном счете,"каждый должен подстраивать под себя, кстати. Вот про разминку мне кажется это хороший пойнт, но то есть мы там до этого обсуждали историю про травму и так далее. Мне кажется, то что в принципе история про сделать какую-то разминку, разогреть мышцы, это фактор, который позволит меньше те же самые мышцы травмировать в конечном счете.",0.1296,0.0741
nemo_conformer-ctc-large,test_00064.wav,про то как сейчас принято делать как раз таки в распределенных больших системах ну то есть мне нужно там логи посмотреть собрать их в кучу как это сейчас работает мы собираем логи с разных сервисов или мы с разных сервисов логи все сваливаем в одну кучу и смотрим там о это все по разному работает минутка рекламы у нас даже есть отдельный продукт для логов под названием вектор который помогает тебе настроить целый пайплайн обработки своих логов,про то как сейчас принято делать как раз таки в распределенных каких то больших системах ну то есть мне нужно там логи посмотреть собрать их в кучу как это сейчас работает мы собираем логи с разных сервисов или мы с разных сервисов логи все свалим в одну кучу и смотрим там ой это все по разному работает минутка рекламы у нас даже есть отдельный продукт для логов под названием вектор который помогает тебе настроить целый пейплай на обработкие своих логов,"про то как сейчас принято делать как раз таки в распределенных каких-то больших системах ну то есть мне нужно там логи посмотреть собрать их в кучу как это сейчас работает мы собираем логи с разных сервисов или мы с разных сервисов логи все свалим в одну кучу и смотрим там ой это все по-разному работает минутка рекламы у нас даже есть отдельный продукт для логов под названием Вектор, который помогает тебе настроить целый пайплайн на обработку своих логов.",0.0909,0.0779
qwen_qwen2_audio_7b,test_00000.wav,не я делал карты потом я ушел делать яндекс поиск потом этот яндекс поиск стал яндекс браузером там я руководил группой,не я делал карты потом я ушел делать иан дэкс поезд.,"не я делал карты, потом я ушел делать иондекс поезд.",0.619,0.619
qwen_qwen2_audio_7b,test_00001.wav,егор мне перед выпуском уже показывал в гости мы сегодня позвали даню пилина создателя онлайн школы по шахматам skyeng product owner а и сейчас развивает стартап по лидогенерации,nan,нет,1.0,1.0
qwen_qwen2_audio_7b,test_00002.wav,это очень хороший вопрос вот ну вы правы потому что 500 часов на разборах падений вот я достаточно долгое время работал в aws aws очень хорошая практика именно того как мы смотрим на операции различные системы что мы делаем когда они падают что мы делаем когда они не падают что мы делаем чтобы они не падали вот идеально вообще очень хорошо когда они не падают и сейчас я занимаюсь как раз application performance мониторингом в компании datadog то есть,[ Слушаем аудио. ] [ Слово «транскрипция» выделено жирным шрифтом. ] : [ Слова «аудио» и «транскрипция» выделены жирным шрифтом. ] [ Слова «аудио» и «транскрипция» выделены жирным шрифтом. ] [ Слова «аудио» и «транскрипция» выделены жирным шрифтом. ] [ Слова «аудио» и «транскрипция» выделены жирным шрифтом. ] [ Слова «аудио» и «транскрипция» выделены жирным шрифтом. ] [ Слова «аудио» и «транскрипция» выделены жирным шрифтом. ] [ Слова «аудио» и «транскрипция» выделены жирным шрифтом.,[ Слушаем аудио. ] [ Слово «транскрипция» выделено жирным шрифтом. ] [ Слова «аудио» и «транскрипция» выделены жирным шрифтом. ] [ Слова «аудио» и «транскрипция» выделены жирным шрифтом. ] [ Слова «аудио» и «транскрипция» выделены жирным шрифтом. ] [ Слова «аудио» и «транскрипция» выделены жирным шрифтом. ] [ Слова «аудио» и «транскрипция» выделены жирным шрифтом. ] [ Слова «аудио» и «транскрипция» выделены жирным шрифтом. ],0.9873,0.9873
qwen_qwen2_audio_7b,test_00003.wav,мой любимый фокус observability мы понимаем когда системе станет плохо грубо говоря в два часа ночи ваша система упадет с отказом по памяти будьте готовы к этому пожалуйста вот это и есть observability это один ее аспект а второй аспект который для меня на самом деле самый важный обычно мы не знаем что нам нужно знать о системе в тот момент когда мы ее разрабатываем,"[музыка] [00:00:00,000] Мой любимый фокус обзоры, вы понимаете, мы понимаем, когда системе станет плохо. [00:00:05,280] Круговая в два часа ночи, ваша система пойдет с отказом по памяти. [00:00:09,640] Будьте готовы к этому, пожалуйста, вот это есть обзоры, это один из аспектов. [00:00:13,720] Второй аспект, который для меня в самом деле самый важный. [00:00:18,000] Обычно мы не знаем, что нам нужно знать о системе в тот момент, когда мы ее разрабатываем.","[музыка] [00:00:00,000] Мой любимый фокус — обзоры, вы понимаете, мы понимаем, когда системе станет плохо. [00:00:05,280] Круговая в два часа ночи, ваша система пойдет с отказом по памяти. [00:00:09,640] Будьте готовы к этому, пожалуйста, вот это есть обзоры, это один из аспектов. [00:00:13,720] Второй аспект, который для меня в самом деле самый важный. [00:00:18,000] Обычно мы не знаем, что нам нужно знать о системе в тот момент, когда мы ее разрабатываем.",0.4769,0.4769
qwen_qwen2_audio_7b,test_00004.wav,потому что по айдишнику клиента уже можно было как то вот эту пачку транзакций связать из разных микросервисов,потому что подишник у клиента уже можно было как-то вот эту пачку транзакций свяжать из разных мега сервисов.,потому что у клиента уже можно было как-то вот эту пачку транзакций связать из разных мега-сервисов.,0.2778,0.2222
qwen_qwen2_audio_7b,test_00005.wav,ну и еще вопрос такой важный лицензирования openstt недоступен для построения коммерческих моделей только академических а у голоса sberdevices golos там нету никаких ограничений фактически это лицензия близкая к creative commons share alike лицензии как это формулируется и это хорошо,[музыка],[музыка],1.0,1.0
qwen_qwen2_audio_7b,test_00006.wav,мой любимый фокус observability мы понимаем когда системе станет плохо грубо говоря в два часа ночи ваша система упадет с отказом по памяти будьте готовы к этому пожалуйста вот это и есть observability это один ее аспект а второй аспект который для меня на самом деле самый важный обычно мы не знаем что нам нужно знать о системе в тот момент когда мы ее разрабатываем,"[музыка] [00:00:00,000] Мой любимый фокус обзоры, вы понимаете, мы понимаем, когда системе станет плохо. [00:00:05,280] Круговая в два часа ночи, ваша система пойдет с отказом по памяти. [00:00:09,640] Будьте готовы к этому, пожалуйста, вот это есть обзоры, это один из аспектов. [00:00:13,720] Второй аспект, который для меня в самом деле самый важный. [00:00:18,000] Обычно мы не знаем, что нам нужно знать о системе в тот момент, когда мы ее разрабатываем.","[музыка] [00:00:00,000] Мой любимый фокус — обзоры, вы понимаете, мы понимаем, когда системе станет плохо. [00:00:05,280] Круговая в два часа ночи, ваша система пойдет с отказом по памяти. [00:00:09,640] Будьте готовы к этому, пожалуйста, вот это есть обзоры, это один из аспектов. [00:00:13,720] Второй аспект, который для меня в самом деле самый важный. [00:00:18,000] Обычно мы не знаем, что нам нужно знать о системе в тот момент, когда мы ее разрабатываем.",0.4769,0.4769
qwen_qwen2_audio_7b,test_00007.wav,вот это первый сигнал его некомпетентности самый правильный способ если у вас там что либо заболело вообще что либо это провести диагностику и попробовать вылечить через упражнения,"вот это первый сигнал его непрофессиональности. Самый правильный способ — если у вас там что-то-то заболел вообще что-то-то, то это провести диагностику и попробовать вылечить через упражнения.","Вот это первый сигнал его непрофессиональности. Самый правильный способ — если у вас там что-то заболело, то это провести диагностику и попробовать вылечить через упражнения.",0.2593,0.1852
qwen_qwen2_audio_7b,test_00008.wav,и вот изначально наша система координат была такова что вот эти клеточки они одинакового размера но потом выяснилось что на самом деле мы расстояние воспринимаем так что чем дальше они от нас эти горы тем расстояние на одну клеточку меньше для нас важно чем вблизи,"И вот изначально наша система координат была такова, что для этих клеточек они одинакового размера. Но потом выяснилось, что на самом деле мы воспринимаем так, что чем дальше они от нас, тем расстояние на одну клеточку меньше для нас важно, чем вблизи.","И вот изначально наша система координат была такова, что для этих клеточек они одинакового размера. Но потом выяснилось, что на самом деле мы воспринимаем так, что чем дальше они от нас, тем расстояние на одну клеточку меньше важно для нас, чем вблизи.",0.1333,0.1778
qwen_qwen2_audio_7b,test_00009.wav,они просто про разработку и про то как он решает задачи в основном там ruby python чуть чуть shell а однако те подходы которые он использует можно перевести и на свою повседневную жизнь и также на destroyallsoft com есть раздел с выступлениями гарри там есть очень полезный доклад который я всем рекомендую он называется boundaries,"[музыка] [00:00:00,000] они просто про разработку и про то как он решает задачу. [0] [00:00:02,360] в основном там руби и тон чуть-чуть шелла [00:00:05,480] однако те подходы которые использует можно перенести и на свою [00:00:09,720] повседневную жизнь и также на пол-софтвей. . . [00:00:15,560] и так же на дестроек. . . [00:00:19,960] есть раздел с выступлениями [00:00:23,280] garry там есть очень полезный доклад который я всем рекомендую [00:00:25,760] называется boundless","[музыка] [00:00:00,000] они просто про разработку и про то, как он решает задачу. [0] [00:00:02,360] в основном там руби и чуть-чуть шелла [00:00:05,480] однако те подходы, которые использует, можно перенести и на свою [00:00:09,720] повседневную жизнь и также на пол-софтвейр. . . [00:00:15,560] и так же на дестроек. . . [00:00:19,960] есть раздел с выступлениями [00:00:23,280] garry там есть очень полезный доклад, который я всем рекомендую [00:00:25,760] называется boundless",0.9091,0.8909
qwen_qwen2_audio_7b,test_00010.wav,и ты такой а тебе приходится делать какие то телодвижения руками потом если у тебя этой связки нет чтобы вытащить информацию,!!,!!,1.0,1.0
qwen_qwen2_audio_7b,test_00011.wav,и мне кажется абсолютно все замечали что детские крики раздражают там и ты на них обращаешь внимание намного сильнее чем какие то низкие частоты здесь кажется то что ну наверное из этого следует что высокие частоты мы слышим там и распознаем лучше чем например низкие,и мне кажется абсолютно все замечали что детские крики раздражают там и ты на них обращаешь внимание намного сильнее чем какие-то низкие частоты здесь кажется то что ну наверное из этого следует что высокие частоты мы слышим там и распознаем лучше чем например низкие.,"И мне кажется абсолютно все замечали, что детские крики раздражают, там и ты на них обращаешь внимание намного сильнее, чем какие-то низкие частоты. Здесь кажется, то что, ну, наверное, из этого следует, что высокие частоты мы слышим там и распознаем лучше, чем, например, низкие.",0.0,0.0
qwen_qwen2_audio_7b,test_00012.wav,хардкорный доклад самый человек занимается криптографией на swift е поэтому там можно ожидать многих интересных фичей технических деталей но по прежнему из за того что два дня и три треда всегда можно будет найти что посмотреть на том же русском языке если у нас будут такие гости,[музыка],[музыка],1.0,1.0
qwen_qwen2_audio_7b,test_00013.wav,ну или даже больше у меня могло быть три часа нагрузки три часа бега в сутках это уже много я там действительно мог бургер съесть так что тут тоже если вы захотите потом уже профессионально еще сильнее упарываться то возможно там уже можно будет и забить на питание мне кажется,"ну или даже больше у меня могло быть три часа нагрузки, три часа бега в сутках, это уже много. Я там действительно мог burgers есть, так что тут тоже если вы захотите потом уже профессионально еще сильнее упарывать, то возможно там уже можно будет изобретать на питание мне кажется.","ну или даже больше у меня могло быть три часа нагрузки, три часа бега в сутках, это уже много. Я там действительно мог есть бургеры, так что тут тоже если вы захотите потом уже профессионально еще сильнее усердно работать, то возможно там уже можно будет изобретать что-то для питания, мне кажется.",0.1,0.18
qwen_qwen2_audio_7b,test_00014.wav,что то происходит не так в очень редком количестве случаев и это вот самое неприятное то есть у тебя там в 99 случаев все работает нормально но вот при таких входных данных система там встает в ступор выполняет это в 10 раз дольше и так далее и тому подобное и ты такой хм как поймать,что-то происходит не так в очень редком количестве случаев. это вот самое неприятное. то есть у тебя там в 99% случаев все работает нормально но при таких входных данных система там встает в ступор выполняет это в десять раз дольше и так далее там подобное. и ты такой как поймать?,"Что-то происходит не так в очень редком количестве случаев. Это вот самое неприятное. То есть у тебя там в 99% случаев все работает нормально, но при таких входных данных система там встает в ступор, выполняет это в десять раз дольше и так далее, там подобное. И ты такой: как поймать?",0.1091,0.1091
qwen_qwen2_audio_7b,test_00015.wav,а это подробности получается именно того как работают форматы музыкальные для соответственно звука или как ты имеешь в виду про перекодировку и почему возникают расхождения или что да да да ну то есть вот ты сказал что даже если мы возьмем там не знаю битрейт поменяем у нас уже изменится и у нас побитового сравнения не получится,[музыка],[музыка],1.0,1.0
qwen_qwen2_audio_7b,test_00016.wav,то в силу того что люди не способны особенно непрофессионалы в точности напевать мелодии соблюдая высоты тайминги между нотами а именно на это я думаю будет обращать внимание алгоритм пытаясь вот построить это преобразование то здесь мы неизбежно будем сталкиваться с тем что какой то диапазон различимых мелодий будет не очень большой,"[ __ ] то в силу того что люди не способны достаточно, особенно не профессионалы, в точности напевать мелодии, следя за высотой и таймингами между нотами. А именно на это я думаю будет обращать внимание алгоритм, пытаясь вот построить это при обучении. Тогда здесь мы неизбежно будем сталкиваться с тем, что какой-то диапазон разнообразных мелодий он будет не очень большой.","то в силу того, что люди не способны достаточно, особенно не профессионалы, в точности напевать мелодии, следя за высотой и таймингами между нотами. А именно на это я думаю будет обращать внимание алгоритм, пытаясь вот построить это при обучении. Тогда здесь мы неизбежно будем сталкиваться с тем, что какой-то диапазон разнообразных мелодий он будет не очень большой.",0.25,0.25
qwen_qwen2_audio_7b,test_00017.wav,и между ними может быть какое то количество дискретных столбиков где каждый столбик это своя частота это если совсем упрощать ну ты что то типа эквалайзера рассказал да да да по сути обычный эквалайзер,"user,!!","user,",1.0,1.0
qwen_qwen2_audio_7b,test_00018.wav,вот пришел запрос мы для него нашли пул кандидатов треков кандидатов и на самом деле из этого пула кандидатов правильный ответ если он даже есть там один или там несколько если там есть дубликаты этого трека в базе а все остальное это вообще говоря другие треки но мы можем посчитать какая похожесть,вот пришел запрос мы для него нашли пол кандидатов треков кандидатов и на самом деле из этого пола кандидатов правильный ответ если он даже есть там один или там несколько с там есть дубликаты этого трека в базе а все остальное это вообще говорят другие треки но мы можем посчитать какая похожесть,"Вот пришел запрос, мы для него нашли пол кандидатов, треков кандидатов. И на самом деле из этого пола кандидатов правильный ответ, если он даже есть там один или там несколько. Там есть дубликаты этого трека в базе, а все остальное это вообще говорят другие треки, но мы можем посчитать какая похожесть.",0.0769,0.0769
qwen_qwen2_audio_7b,test_00019.wav,выводы о том какой следующий шаг надо сделать alphazero как раз вот если говорить о stockfish движке это появилось года четыре пять лет назад и по моему там история такая что за сутки она обучилась через сутки смогла обыгрывать уже гроссмейстеров,"[музыка] Выводы о том, какой следующий шаг нам сделать? Alpha Zero как раз вот если говорить просто, в каждой движке это появилось где-то 4-5 лет назад. И, по-моему там история такая, что за сутки она учила сутки, смогла выиграть уже игру из-за этого.","[музыка] Выводы о том, какой следующий шаг нам сделать? Alpha Zero, как раз вот если говорить просто, в каждой движке это появилось где-то 4-5 лет назад. И, по-моему, там история такая, что за сутки она училась, сутки смогла выиграть уже игру из-за этого.",0.439,0.439
qwen_qwen2_audio_7b,test_00020.wav,то есть мы в каждый момент времени знаем про звук еще какое то такое распределение частот и связано это с тем что наше ухо на самом деле примерно так же и воспринимает звук то есть мы не просто амплитуду понимаем что вот где то там громче где то тише а наше ухо еще понимает что вот этот звук выше этот ниже этот голос более высокий этот голос низкий,[музыка],[музыка],1.0,1.0
qwen_qwen2_audio_7b,test_00021.wav,я точно знаю у нас сейчас есть клиенты которые даже там на warning statement ы в наших логах реагируют такие о вы начали тут warning писать а у нас наши системы реагируют на то что warning и которые мы не знаем появляются в логах нам это мешает можете убрать,[музыка] [аудио] [музыка] [аудио] [музыка] [аудио] [музыка] [аудио] [музыка] [аудио] [музыка] [аудио] [музыка] [аудио] [музыка] [аудио] [музыка] [аудио] [музыка] [аудио] [музыка] [аудио] [музыка] [аудио] [музыка] [аудио] [музыка] [аудио] [музыка] [аудио] [музыка] [аудио] [музыка] [аудио] [музыка] [аудио] [музыка] [аудио] [музыка] [аудио] [музыка] [аудио] [музыка] [аудио] [музыка] [аудио] [музы,[музыка] [аудио] [музыка] [аудио] [музыка] [аудио] [музыка] [аудио] [музыка] [аудио] [музыка] [аудио] [музыка] [аудио] [музыка] [аудио] [музыка] [аудио] [музыка] [аудио] [музыка] [аудио] [музыка] [аудио] [музыка] [аудио] [музыка] [аудио] [музыка] [аудио] [музыка] [аудио] [музыка] [аудио] [музыка] [аудио] [музыка] [аудио] [музыка] [аудио] [музыка] [аудио] [музыка] [аудио] [музыка] [аудио] [музы,1.0,1.0
qwen_qwen2_audio_7b,test_00022.wav,когда у тебя система либо становится распределенной либо асинхронной внутри что по большому счету для целей нашего разговора практически одно и то же у тебя вот эта последовательность выполнения она теряется то есть грубо говоря тебе пришел какой то запрос ты можешь его положить в очередь для клиента и потом что то сделать,"Когда вот эта система либо становится распределенной, либо асинхронной внутри, чтобы по большому счету для целей нашего разговора практически одно и тоже. У тебя вот эта последовательность выполнения она теряется. То есть грубо говоря тебе пришел какой-то запрос, ты можешь его положить в очередь для клиента и потом что-то сделать.","Когда вот эта система либо становится распределенной, либо асинхронной внутри, чтобы по большому счету для целей нашего разговора практически одно и то же. У тебя вот эта последовательность выполнения она теряется. То есть, грубо говоря, тебе пришел какой-то запрос, ты можешь его положить в очередь для клиента и потом что-то сделать.",0.0943,0.0566
qwen_qwen2_audio_7b,test_00023.wav,то в силу того что люди не способны особенно непрофессионалы в точности напевать мелодии соблюдая высоты тайминги между нотами а именно на это я думаю будет обращать внимание алгоритм пытаясь вот построить это преобразование то здесь мы неизбежно будем сталкиваться с тем что какой то диапазон различимых мелодий будет не очень большой,"[ __ ] то в силу того что люди не способны достаточно, особенно не профессионалы, в точности напевать мелодии, следя за высотой и таймингами между нотами. А именно на это я думаю будет обращать внимание алгоритм, пытаясь вот построить это при обучении. Тогда здесь мы неизбежно будем сталкиваться с тем, что какой-то диапазон разнообразных мелодий он будет не очень большой.","то в силу того, что люди не способны достаточно, особенно не профессионалы, в точности напевать мелодии, следя за высотой и таймингами между нотами. А именно на это я думаю будет обращать внимание алгоритм, пытаясь вот построить это при обучении. Тогда здесь мы неизбежно будем сталкиваться с тем, что какой-то диапазон разнообразных мелодий он будет не очень большой.",0.25,0.25
qwen_qwen2_audio_7b,test_00024.wav,то как бы но зачем здесь смотреть в логи прошлой версии системы там все равно же все не так работает это уже все старье надо новое смотреть вот я бы как раз тут не согласился мне скорее всего понадобятся логи предыдущего состояния системы если что то вдруг выкатили и оно стало работать не так как мы ожидали,то как бы ну зачем я смотрите в логи прошлой версии системы там все же все не так работает это уже все старое надо новое смотреть вот я бы как раз тут не согласился мне скорее всего понадобится логи предыдущего состояния системы если что-то вдруг выкатили и оно стало работать не так как мы ожидали,"то как бы ну зачем я смотрел в логи прошлой версии системы? Там все же все не так работает. Это уже все старое, надо новое смотреть. Вот я бы как раз тут не согласился, мне скорее всего понадобится логи предыдущего состояния системы, если что-то вдруг выкатили и оно стало работать не так, как мы ожидали.",0.1053,0.1053
qwen_qwen2_audio_7b,test_00025.wav,и поэтому использовать их в повседневности не получается мы вынуждены поступать зачастую интуитивно,и поэтому использовать их в повседневности не получается мы вынуждены поступать зачастую интуитивно.,"и поэтому использовать их в повседневности не получается, мы вынуждены поступать зачастую интуитивно.",0.0,0.0
qwen_qwen2_audio_7b,test_00026.wav,что если зуб в результате развития кариеса разрушен до 40 то его возможно восстановить пломбой то есть композитным материалом реставрацией ну это пластмасса по существу,What if the zoon in the result of development is destroyed to 40 percent? Then it's possible to restore the plomb by means of composite materials. This plastic will last for existence.,What if the zone in the result of development is destroyed to 40 percent? Then it's possible to restore the plomb by means of composite materials. This plastic will last for existence.,1.28,1.28
qwen_qwen2_audio_7b,test_00027.wav,на примере может быть для тех кто ни разу с этим не сталкивался а я там не знаю как мобильный разработчик например последние сколько то лет сижу и думаю ну у меня логи там ну куда нибудь в centric могут отправиться обычно я вижу что у меня в какой нибудь google play прилетели краши и я просто по названию exception а захожу туда где мне нужно найти логи ctrl c ctrl v найти нахожу конкретные логи все типа конец больше мне делать ничего не нужно,[ Слушаем аудио. ] [ Слово «но» в начале фразы не пишем. ] [ Вопрос: ] [ Аудио: ] [Assistant: ] [ user: ] [ ] [ user: ] [ ] [ user: ] [ ] [ user: ] [ ] [ user: ] [ ] [ user: ] [ ] [ user: ] [ ] [ user: ] [ ] [ user: ] [ ] [ user: ] [ ] [ user: ] [ ] [ user: ] [ ] [ user: ] [ ] [ user: ] [ ] [ user: ] [ ] [ user: ] [ ] [ user: ] [ ] [ user: ] [ ] [ user: ] [ ] [ user: ] [ ] [ user: ] [ ] [ user: ] [ ] [ user: ] [ ] [ user: ] [ ] [ user: ] [ ] [ user: ] [ ] [ user,[ Слушаем аудио. ] [ Слово «но» в начале фразы не пишем. ] [ Вопрос: ] [ Аудио: ] [Assistant: ] [ user: ] [ ] [ user: ] [ ] [ user: ] [ ] [ user: ] [ ] [ user: ] [ ] [ user: ] [ ] [ user: ] [ ] [ user: ] [ ] [ user: ] [ ] [ user: ] [ ] [ user: ] [ ] [ user: ] [ ] [ user: ] [ ] [ user: ] [ ] [ user: ] [ ] [ user: ] [ ] [ user: ] [ ] [ user: ] [ ] [ user: ] [ ] [ user: ] [ ] [ user: ] [ ] [ user: ] [ ] [ user: ] [ ] [ user: ] [ ] [ user: ] [ ] [ user: ] [ ] [ user: ] [ ] [ user: ] [ ] [ user: ] [ ] [ user: ] [ ] [ user: ] [ ] [ user: ] [ ] [ user: ] [ ] [ user: ] [ ] [ user: ] [ ] [ user: ] [ ] [ user: ] [ ] [ user: ] [ ] [ user: ] [ ] [ user: ] [ ] [ user: ] [ ] [ user: ] [ ] [ user: ] [ ] [ user: ] [ ] [ user: ] [ ] [ user: ] [ ] [ user: ] [ ] [ user: ] [ ] [ user: ] [ ] [ user: ] [ ] [ user: ] [ ] [ user: ] [ ] [ user: ] [ ] [ user: ] [ ] [ user: ] [ ] [ user: ] [ ] [ user: ] [ ] [ user: ] [ ] [ user: ] [ ] [ user: ] [ ] [ user: ] [ ] [ user: ] [ ] [ user: ] [ ] [ user: ] [ ] [ user: ] [ ] [ user: ] [ ] [ user: ] [ ] [ user: ] [ ] [ user: ] [ ] [ user: ] [ ] [ user: ] [ ] [ user: ] [ ] [ user: ] [ ] [ user: ] [ ] [ user: ] [ ] [ user: ] [ ] [ user: ] [ ] [ user: ] [ ] [ user: ] [ ] [ user: ] [ ] [ user: ] [ ] [ user: ] [ ] [ user: ] [ ] [ user: ] [ ] [ user: ] [ ] [ user: ] [ ] [ user: ] [ ] [ user: ] [ ] [ user: ] [ ] [ user: ] [ ] [ user: ] [ ] [ user: ] [ ] [ user: ] [ ] [ user: ] [ ] [ user: ] [ ] [ user: ] [ ] [ user: ] [ ] [ user: ] [ ] [ user: ] [ ] [ user: ] [ ] [ user: ] [ ] [ user: ] [ ] [ user: ] [ ] [ user: ] [ ] [ user: ] [ ] [ user: ] [ ] [ user: ] [ ] [ user: ] [ ] [ user: ] [ ] [ user: ] [ ] [ user: ] [ ] [ user: ] [ ] [ user: ] [ ] [ user: ] [ ] [ user: ] [ ] [ user: ] [ ] [ user: ] [ ] [ user: ] [ ] [ user: ] [ ] [ user: ] [ ] [ user: ] [ ] [ user: ] [ ] [ user: ] [ ] [ user: ] [ ] [ user: ] [ ] [ user: ] [ ] [ user: ] [ ] [ user: ] [ ] [ user: ] [ ] [ user: ] [ ] [ user: ] [ ] [ user: ] [ ] [ user: ] [ ] [ user: ] [ ] [ user: ] [ ] [ user: ] [ ] [ user: ] [ ] [ user: ] [ ] [ user: ] [ ] [ user: ] [ ] [ user: ] [ ] [ user: ] [ ] [ user: ] [ ] [ user: ] [ ] [ user: ] [ ] [ user: ] [ ] [ user: ] [ ] [ user: ] [ ] [ user: ] [ ] [ user: ] [ ] [ user: ] [ ] [ user: ] [ ] [ user: ] [ ] [ user: ] [ ] [ user: ] [ ] [ user: ] [ ] [ user: ] [ ] [ user: ] [ ] [ user: ] [ ] [ user: ] [ ] [ user: ] [ ] [ user: ] [ ] [ user: ] [ ] [ user: ] [ ] [ user: ] [,0.9882,2.0824
qwen_qwen2_audio_7b,test_00028.wav,максимально ухудшить идеальную систему вводя туда какие то элементы или условия чтобы итоговая результат должен быть такой мы должны в 22 раза замедлить нашу разработку,!!,!!,1.0,1.0
qwen_qwen2_audio_7b,test_00029.wav,и вот такая архитектура долгое время доминировала ее пытались модифицировать в двухтысячных годах произошел определенный прорыв в области обучения глубоких нейронных сетей с легкой руки джеффри хинтона и его ученика рустама салахутдинова и стали активно использовать вместо скрытых марковских моделей на акустико фонетическом уровне многослойные нейронные сети либо многослойные персептроны либо сверточные нейронные сети,[музыка] : Вопросы к уроку: 1) Какие виды нейронных сетей вы знаете? 2) Что такое глубокая нейронная сеть? 3) Какие из них были разработаны в начале XXI века? : [музыка] : [музыка] : [музыка] : [музыка] : [музыка] : [музыка] : [музыка] : [музыка] : [музыка] : [музыка] : [музыка] : [музыка] : [музыка] : [музыка] : [музыка] : [музыка] : [музыка] : [музыка] : [музыка] : [музыка] : [музыка] : [музыка] : [музыка] : [музыка] : [музыка] : [музыка] : [музыка,[музыка] : Вопросы к уроку: 1) Какие виды нейронных сетей вы знаете? 2) Что такое глубокая нейронная сеть? 3) Какие из них были разработаны в начале XXI века? : [музыка] : [музыка] : [музыка] : [музыка] : [музыка] : [музыка] : [музыка] : [музыка] : [музыка] : [музыка] : [музыка] : [музыка] : [музыка] : [музыка] : [музыка] : [музыка] : [музыка] : [музыка] : [музыка] : [музыка] : [музыка] : [музыка] : [музыка] : [музыка] : [музыка] : [музыка] : [музыка],1.0,1.0
qwen_qwen2_audio_7b,test_00030.wav,убрали весь формализм всю регулярность а это essence мы до этого обсуждали что такое one on one и эти три признака выбыли как характеризующие мы убираем регулярность мы убираем формализм ну вы можете в произвольной форме пообщаться все и это больше не one on one вы просто пообщались,"убрали весь формализм, все регулярность, а это essence, мы до этого обсуждали что-то ван-онлайн эти три признака, выбрали как характеризующие, мы убираем регулярность, мы убираем формализм, вы можете в произвольной форме общаться, все, это больше не ван-онлайн, вы просто пообщались.","Убрали весь формализм, вся регулярность, а это essence. Мы до этого обсуждали что-то, ван-онлайн, эти три признака, выбрали как характеризующие. Мы убираем регулярность, мы убираем формализм. Вы можете в произвольной форме общаться. Всё, это больше не ван-онлайн, вы просто пообщались.",0.2708,0.2917
qwen_qwen2_audio_7b,test_00031.wav,но не все индустрии в одинаковом состоянии они прошли немножко разный путь у меня такой вопрос перед тем как мы начнем набрасывать и в общем закапывать одну индустрию за другой выявлять дисфункции и так далее у меня есть предложение как то договориться на тему того а что мы называем качественным менеджментом как понять что один менеджмент качественный а другой нет,[музыка],[музыка],1.0,1.0
qwen_qwen2_audio_7b,test_00032.wav,и получаем очень много вот таких широты знаний и мне кажется что все остальные причины которые тут можно привести они уже вытекают отсюда ну во первых когда мы смотрим на языки программирования мы всегда видим что они очень тесно между собой связаны,[музыка],[музыка],1.0,1.0
qwen_qwen2_audio_7b,test_00033.wav,он как раз говорил примерно следующее к сожалению мы не все можем измерить но проблема в том что мы вынуждены управлять тем чего измерить не можем,он как раз говорил примерно следующее к сожалению мы не все можем изменить но проблема в том что мы вынуждены управлять тем чего изменить не можем.,"Он как раз говорил примерно следующее: к сожалению, мы не все можем изменить, но проблема в том, что мы вынуждены управлять тем, чего изменить не можем.",0.0769,0.0769
qwen_qwen2_audio_7b,test_00034.wav,а можно задать тебе вопрос да конечно что тебе нравится больше чем спать спокойно по ночам зная что твой сон охраняет observability нашего биллинга podlodka crew построенное на телеграме,nan,NaN,1.0,1.0
qwen_qwen2_audio_7b,test_00035.wav,максимально ухудшить идеальную систему вводя туда какие то элементы или условия чтобы итоговая результат должен быть такой мы должны в 22 раза замедлить нашу разработку,!!,!!,1.0,1.0
qwen_qwen2_audio_7b,test_00036.wav,большой объем знаний который дается в интересной форме и из за этого метода преподношения он воспринимается лучше,"[музыка] большое количество знаний, которые даются в интересной форме и из-за этого метода при обучении он воспринимается лучше.","Большое количество знаний, которые даются в интересной форме и из-за этого метода при обучении он воспринимается лучше.",0.4118,0.3529
qwen_qwen2_audio_7b,test_00037.wav,ты не можешь сразу как это на большом чане ну просто дорого будет делать сразу на большом чане культивацию большого количества клеток,ты не можешь сразу как-то на большом чане просто дорого будет делать сразу на большом чане культивация большого количества клеток,ты не можешь сразу как-то на большом чане просто дорого будет делать сразу на большом чане культивация большого количества клеток,0.1364,0.1364
qwen_qwen2_audio_7b,test_00038.wav,а если эти зубы в зоне улыбки то сразу ставят коронку в один день сразу это занимает ну обычно час спланированная манипуляция занимает обычно час,а если эти зубы в зоне улыбки то сразу ставят коронку в один день. Сразу это занимает но обычный час спланированная манипуляция занимает обычный час.,"а если эти зубы в зоне улыбки то сразу ставят коронку в один день. Сразу это занимает, но обычная спланированная манипуляция занимает обычный час.",0.12,0.16
qwen_qwen2_audio_7b,test_00039.wav,всем привет друзья с вами подкаст подлодка меня зовут женя кателла со мной сегодня стас цыганов стас привет,[музыка] всем привет друзья с вами подкаст подлодка меня зовут дженика телла со мной сегодня стас цыганов стас спрят.,"[музыка] Всем привет, друзья! С вами подкаст «Подлодка». Меня зовут Дженика Телла. Со мной сегодня Стас Цыганов, Стас спрят.",0.2222,0.2222
qwen_qwen2_audio_7b,test_00040.wav,то есть вот нужно доверять учителю с опытом и тут вот это самое главное не мешать ему работать то есть да вот рекомендация вы решите что кого вы будете рекомендовать и потом уже на этот вопрос отвечайте,[музыка],[музыка],1.0,1.0
qwen_qwen2_audio_7b,test_00041.wav,это волчанка да но давайте вот про это я не буду сегодня я готов больше про раковые клетки просто потому что про них лучше изучал да я не думаю что есть принципиальное отличие в производстве,Это волчанка да но давайте вот про это я не буду сегодня готов больше про раковую клетку просто потому что про них лучше изучал.Да я не думаю что есть принципиальная разница в производстве.,"Это волчанка да, но давайте вот про это я не буду сегодня готов больше про раковую клетку, просто потому что про них лучше изучал. Да, я не думаю, что есть принципиальная разница в производстве.",0.1429,0.1429
qwen_qwen2_audio_7b,test_00042.wav,и поэтому использовать их в повседневности не получается мы вынуждены поступать зачастую интуитивно,и поэтому использовать их в повседневности не получается мы вынуждены поступать зачастую интуитивно.,"и поэтому использовать их в повседневности не получается, мы вынуждены поступать зачастую интуитивно.",0.0,0.0
qwen_qwen2_audio_7b,test_00043.wav,ну просто чтобы какое то разумное его количество чтобы можно было его не искать и для скорости да просто это нужно делать там за какие то не знаю сотни миллисекунд ну там за секунды то есть сам поиск работает достаточно быстро и если мы будет вальяжно с каждым треком сравнивать это это просто неподъемно даже на каком то кластере поисковом это невозможно так,"[музыка] [00:00:00] Ну просто чтобы какое-то разумное количество, что можно было в ней искать и для скорости, да просто нужно делать там за какие-то сорок секунд. [00:00:05] Сотни милисекунд, до секунды, то есть сам процесс работает достаточно быстро, если мы будем польностью с каждым треком сравнивать это. [00:00:08] Неподъемно даже на каком-то кластере, поисковый вот это невозможно так.","[музыка] [00:00:00] Ну просто чтобы какое-то разумное количество, что можно было в ней искать и для скорости, да просто нужно делать там за какие-то сорок секунд. [00:00:05] Сотни миллисекунд, до секунды, то есть сам процесс работает достаточно быстро, если мы будем полностью с каждым треком сравнивать это. [00:00:08] Неподъемно даже на каком-то кластере, поисковый вот это невозможно так.",0.4127,0.4127
qwen_qwen2_audio_7b,test_00044.wav,и мне кажется абсолютно все замечали что детские крики раздражают там и ты на них обращаешь внимание намного сильнее чем какие то низкие частоты здесь кажется то что ну наверное из этого следует что высокие частоты мы слышим там и распознаем лучше чем например низкие,и мне кажется абсолютно все замечали что детские крики раздражают там и ты на них обращаешь внимание намного сильнее чем какие-то низкие частоты здесь кажется то что ну наверное из этого следует что высокие частоты мы слышим там и распознаем лучше чем например низкие.,"И мне кажется абсолютно все замечали, что детские крики раздражают, там и ты на них обращаешь внимание намного сильнее, чем какие-то низкие частоты. Здесь кажется, то, что, ну, наверное, из этого следует, что высокие частоты мы слышим и распознаем лучше, чем, например, низкие.",0.0,0.0222
qwen_qwen2_audio_7b,test_00045.wav,и вводить его нужно на сайте podlodka io gocrew вот и позвали поговорить про observability мы михаила дружинина михаил engineering manager в компании datadog управляет разработкой всех клиентских библиотек на восьми языках разработки для application performance мониторинга и distributed трейсинга,[музыка],[музыка],1.0,1.0
qwen_qwen2_audio_7b,test_00046.wav,где важны будут классы насколько я вообще java понимаю там ты без классов никуда не двинешься и там ну как бы хочешь не хочешь у тебя будут классы это первое а второе я считаю что если этого требует архитектура то пусть это будет класс например это фабрика или какой то билдер,"[музыка] [00:00:00,000] где важны будут классы. [00:00:04,680] насколько я вообще джава понимаю, [00:00:05,720] там ты без классов, [00:00:09,320] никуда не двинешься и там ну как бы, [00:00:10,000] хочешь не хочешь у тебя будет классы. [00:00:11,680] это первое, второе. [00:00:12,680] я считаю что если этого [00:00:13,680] требует архитектура, [00:00:14,680] то пусть это будет класс. [00:00:15,680] например это фабрика или какой-то бUILDER.","[музыка] [00:00:00,000] где важны будут классы. [00:00:04,680] насколько я вообще Java понимаю, [00:00:05,720] там ты без классов, [00:00:09,320] никуда не двинешься и там ну как бы, [00:00:10,000] хочешь не хочешь у тебя будет классы. [00:00:11,680] это первое, второе. [00:00:12,680] я считаю что если этого [00:00:13,680] требует архитектура, [00:00:14,680] то пусть это будет класс. [00:00:15,680] например это фабрика или какой-то билдер.",0.8824,0.8431
qwen_qwen2_audio_7b,test_00047.wav,установка куплена для врача а врач поймет врач поймет что он ездит на мерседесе и приезжает на работу как бы все хорошо вот это все мелочи но они формируют поэтому питать иллюзию о том что будет очень крутой врач в очень дешевом месте ну как бы очень маловероятно и я когда был молодым специалистом меня сильно возмущала цена имплантации в америке прям сильно возмущала блин то же самое в четыре раза дороже не может быть,установка куплена для врача. А врач пойдет врач пойдет что он ездит на Mercedes и приезжает на работу. Как бы все хорошо вот это все мелочи но они формируют поэтому питать иллюзию о том что будет очень крутой врач в очень дешевом месте. Ну как бы очень мало вероятно и я когда была молодым специалистом меня сильно возмущал цена имплантации в Америке прям сильно возмутила эту вы были то же самое в четыре раз дороже не может быть.,"Установка куплена для врача. А врач пойдет, врач пойдет, что он ездит на Mercedes и приезжает на работу. Как бы все хорошо, вот это все мелочи, но они формируют поэтому питать иллюзию о том, что будет очень крутой врач в очень дешевом месте. Ну как бы очень мало вероятно, и я, когда была молодым специалистом, меня сильно возмущала цена имплантации в Америке, прям сильно возмутила. Это вы были то же самое в четыре раза дороже, не может быть.",0.16,0.1333
qwen_qwen2_audio_7b,test_00048.wav,и он еще мелкий был то есть я быстрее смогу и он талантливый на самом деле я тебе так скажу там ключевое будет играть это талант там не то что ты возьмешь выучишь подготовишься там уже играет составляющая таланта именно что ты действительно обыгрываешь уже да я бы все таки тут предложил бы немножко эту идею закопать почему потому что у меня опять же нет статы но насколько помню там есть какая то корреляция да достаточно сильная между условно возрастом и рейтингом,user 38,user 38,1.0,1.0
qwen_qwen2_audio_7b,test_00049.wav,практически не знаю насколько булшитно это прозвучит скорее бизнесово ориентированный пайплайн который сырые технические данные превращает в информацию для принятия решений каких то там оперативных здесь и сейчас возможно или там в будушем да технический бизнесовый инструмент который позволяет тебе управлять своей системой и позволяет тебе понимать а что же происходит внутри нее,[музыка],[музыка],1.0,1.0
qwen_qwen2_audio_7b,test_00050.wav,построить запросы как раз вот между многими хостами одновременно и по большому счету на этом все и останавливается то есть люди такие окей у нас логи в централизованном хранилище у нас данные где то в центральном месте,1] построить запросы как раз вот между многими хостами одновременно и большем счету на этом все останавливается. Ну что-то так у нас логи централизованно хранятся еще у нас данные где-то в центральном месте.,"1] построить запросы как раз вот между многими хостами одновременно и большем счету на этом все останавливается. Ну что-то так у нас логи централизованно хранятся, еще у нас данные где-то в центральном месте.",0.3243,0.3243
qwen_qwen2_audio_7b,test_00051.wav,да это отсутствие долго живущих бранчей другими словами отсутствие какого то кода но код сам по себе даже если он не проинтегрирован это ведь не такая уж и проблема казалось бы ну да ну фича неможко пылится на полке ну чуть позже ее там юзер получит ну все так,[музыка],[музыка],1.0,1.0
qwen_qwen2_audio_7b,test_00052.wav,то есть мы в каждый момент времени знаем про звук еще какое то такое распределение частот и связано это с тем что наше ухо на самом деле примерно так же и воспринимает звук то есть мы не просто амплитуду понимаем что вот где то там громче где то тише а наше ухо еще понимает что вот этот звук выше этот ниже этот голос более высокий этот голос низкий,[музыка],[музыка],1.0,1.0
qwen_qwen2_audio_7b,test_00053.wav,краеугольным камнем любых алгоритмов машинного обучения является прежде всего обобщающая способность когда мы обучаем некоторую модель у нас есть обучающая выборка у нас есть функция ошибки и наша задача сводится в общем то к оптимизационной задаче мы минимизируем функцию ошибки по параметрам нашей модели на обучающей выборке но на самом деле хотим то мы не этого мы не обучающую ошибку хотим минимизировать,"квадратным камнем у любых алгоритмов машинного обучения является, прежде всего, обучающая способность. когда мы обучаем определенную модель, у нас есть обучающая выборка, у нас есть функция ошибки и наша задача сводится к общему мы минимизируем функцию ошибки по параметрам нашей модели на обучающей выборке. но на самом деле хотим там и не этого. Мы не обучающую ошибку хотим минимизировать. и мы будем это делать с помощью стохастического градиентного спуска. в этом видео мы рассмотрим как работают эти два алгоритма. и что они делают с вашей информацией. и что вы можете сделать с этой информацией. и что вы можете сделать с этой информацией. и что вы можете сделать с этой информаци","квадратным камнем у любых алгоритмов машинного обучения является, прежде всего, обучающая способность. Когда мы обучаем определенную модель, у нас есть обучающая выборка, у нас есть функция ошибки и наша задача сводится к тому, чтобы минимизировать функцию ошибки по параметрам нашей модели на обучающей выборке. Но на самом деле хотим и не этого. Мы не обучающую ошибку хотим минимизировать, и мы будем это делать с помощью стохастического градиентного спуска. В этом видео мы рассмотрим, как работают эти два алгоритма, и что они делают с вашей информацией, и что вы можете сделать с этой информацией, и что вы можете сделать с этой информацией, и что вы можете сделать с этой информацией.",1.0,1.0323
qwen_qwen2_audio_7b,test_00054.wav,ничего страшного не произойдет я так понимаю мы наверное скорее всего один только совет дадим ставим opcode и в общем смотрим что opcode указал серым удаляем это все,nan,NaN,1.0,1.0
qwen_qwen2_audio_7b,test_00055.wav,если твоя ситуация зашла в проблемную область или в тупик это автоматически означает что твоих интеллектуальных усилий недостаточно для того чтобы она туда не зашла сейчас попытаюсь другую аналогию привести есть такая фраза в программировании отладка программы требует в два раза или в три раза больше интеллектуальных усилий чем написание кода поэтому если код ты написал на максимуме своих интеллектуальных возможностей отладить эту программу ты уже не сможешь,"если твоя ситуация зашла в проблемную область или в тупик, это автоматически означает, что твоих интеллектуальных усилий не достаточно для того, чтобы она туда не зашла. сейчас попытаюсь другую аналогию провести. есть такая фраза в программировании: отладка программы требует в два раза или три раза больше интеллектуальных усилий, чем написание кода. поэтому если ты писал на максимуме своих интеллектуальных возможностей, отладить эту программу ты уже не сможешь.","если твоя ситуация зашла в проблемную область или в тупик, это автоматически означает, что твоих интеллектуальных усилий не достаточно для того, чтобы она туда не зашла. сейчас попытаюсь другую аналогию провести. есть такая фраза в программировании: отладка программы требует в два раза или три раза больше интеллектуальных усилий, чем написание кода. поэтому если ты писал на максимуме своих интеллектуальных возможностей, отладить эту программу ты уже не сможешь.",0.0882,0.0882
qwen_qwen2_audio_7b,test_00056.wav,но этому было посвящено первые 10 минут поэтому я сразу подумал а что будет еще 50 и идея всего доклада что человек или спикер рассказывает про разные кейсы какой паттерн можно было бы юзать для каждого и почему нет то есть там будет целая табличка с тем какие профиты и какие минусы для каждого кейса я помню был прекрасный доклад на медиуме для ну не то что новичков а даже для средних разработчиков где человек быстро прошелся по всем архитектурам,"[музыка] [00:00:00] но этому было посвящено первые десять минут, поэтому я сразу подумал, что будет еще пятьдесят. [01:00:02] идея всего доклада, что человек или спикер [01:00:03] рассказывает про разные случаи, [01:00:04] какую модель можно было бы использовать для каждого и почему нет? [01:00:05] то есть там будут целые таблички с тем, что какие прибыли, какие минусы для каждого случая. [01:00:06] я помню был прекрасный доклад на медиуме для ну не тошнотворных ковров даже для средних разработчиков, где человек просто быстро прошелся по всем архитектурам.","[музыка] [00:00:00] но этому было посвящено первые десять минут, поэтому я сразу подумал, что будет еще пятьдесят. [01:00:02] идея всего доклада, что человек или спикер рассказывает про разные случаи, [01:00:04] какую модель можно было бы использовать для каждого и почему нет? [01:00:05] то есть там будут целые таблички с тем, что какие плюсы, какие минусы для каждого случая. [01:00:06] я помню был прекрасный доклад на медиуме для ну не тошнотворных ковров даже для средних разработчиков, где человек просто быстро прошелся по всем архитектурам.",0.475,0.4375
qwen_qwen2_audio_7b,test_00057.wav,смотри во первых мы когда отбирали датасет для обучения мы валидировали что вот здесь скорее всего плохое совпадение это надо выкинуть и брали то где мы были уверены что совпадение есть,смотри во-первых мы когда отбирали дтс для обучения мы.,"Смотри, во-первых, мы, когда отбирали DTS для обучения, мы.",0.7097,0.7097
qwen_qwen2_audio_7b,test_00058.wav,но егор конечно прав что при обучении студентов нехватка проблем в их жизни которые бы нужно было решать с помощью языков программирования она безусловно сказывается это всегда так это вот когда например какие нибудь haskell евские монады начинают объяснять javascript ерам а там на хабре миллион статей на эту тему мы на самом деле сталкиваемся ровно с тем же,"[музыка] : [Текст] Ну, Егор конечно прав, что при обучении студентов не хватает проблем в их жизни, которые бы нужно было решать с помощью языков программирования. Она безусловно, [музыка] : сказываетется, это всегда так, это вот когда например какие-нибудь каскилевские манады начинают объяснять джаваскриптером, а там на хабре миллион статей на эту тему. : Мы на самом деле сталкиваемся с ровно с тем же. : [музыка]","[музыка] : [Текст] Ну, Егор конечно прав, что при обучении студентов не хватает проблем в их жизни, которые бы нужно было решать с помощью языков программирования. Она безусловно сказывается, это всегда так, это вот когда например какие-нибудь каскилевские менеджеры начинают объяснять JavaScript, а там на хабре миллион статей на эту тему. Мы на самом деле сталкиваемся с ровно тем же. : [музыка]",0.2373,0.2034
qwen_qwen2_audio_7b,test_00059.wav,они были очень продвинутые в плане управленческих компетенций там были лучшие из лучших мировые менеджеры у них были все возможные метрики и все возможные ресурсы вычислительные и прочие для того чтобы строить свою стратегию на этих метриках и все эти компании просрали все полимеры,"Они были очень продвинутые в плане управленческих компетенций, там были лучшие из лучших мировые менеджеры, у них были все возможные метрики и все возможные ресурсы вычислительные и прочее для того чтобы строить свою стратегию на этих метриках. И все эти компании проросли все полимеры.","Они были очень продвинутые в плане управленческих компетенций, там были лучшие из лучших мировые менеджеры, у них были все возможные метрики и все возможные ресурсы, вычислительные и прочее, для того чтобы строить свою стратегию на этих метриках. И все эти компании проросли во все полимеры.",0.0455,0.0682
qwen_qwen2_audio_7b,test_00060.wav,человек недавно ставший тимлидом и который сказал знаешь заходит в чатик и говорит ребята меня вчера сделали тимлидом с чего мне начать и ему там дают ссылку что в первые девяносто дней ты должен и дальше там по порядку one on one performance review там пятое десятое очень легко натащить этого всего,nan,NaN,1.0,1.0
qwen_qwen2_audio_7b,test_00061.wav,и бывает такое что вот здесь могут путаться просто потому что картины вот этих вот пиков найденных особенно если вот говорить про старые алгоритмы они могут быть очень похожи такое может быть,"[музыка] И бывает такое, что вот здесь могут путаться просто потому, что картины вот этих вот пиксов найдены их, например, про старался говорить, но они могут быть очень похожи.","[музыка] И бывает такое, что вот здесь могут путаться просто потому, что картины вот этих вот пикселей найдены их, например, про старался говорить, но они могут быть очень похожи.",0.4062,0.4062
qwen_qwen2_audio_7b,test_00062.wav,да это отсутствие долго живущих бранчей другими словами отсутствие какого то кода но код сам по себе даже если он не проинтегрирован это ведь не такая уж и проблема казалось бы ну да ну фича неможко пылится на полке ну чуть позже ее там юзер получит ну все так,[музыка],[музыка],1.0,1.0
qwen_qwen2_audio_7b,test_00063.wav,каждый должен подстраивать под себя кстати вот про разминку мне кажется это хороший поинт ну то есть мы там до этого обсуждали историю про травмы и так далее мне кажется то что в принципе история про сделать какую то разминку разогреть мышцы это фактор который позволит те же самые мышцы травмировать в конечном счете,[музыка],[музыка],1.0,1.0
qwen_qwen2_audio_7b,test_00064.wav,про то как сейчас принято делать как раз таки в распределенных больших системах ну то есть мне нужно там логи посмотреть собрать их в кучу как это сейчас работает мы собираем логи с разных сервисов или мы с разных сервисов логи все сваливаем в одну кучу и смотрим там о это все по разному работает минутка рекламы у нас даже есть отдельный продукт для логов под названием вектор который помогает тебе настроить целый пайплайн обработки своих логов,"про то как сейчас принято делать, как раз таки в распределенных их-то больших системах. Ну, то есть мне нужно там логи посмотреть, собрать их в кучу. Как это сейчас работает? Мы собираем логи с разных сервисов или мы с разных сервисов логи все сваливают в одну кучу и смотрим там. А это все по-разному работает. Минутка реклама у нас даже есть отдельный продукт для логов под названием «Вектор» который помогает тебе настроить целый pipeline обработки своих логов.","про то как сейчас принято делать, как раз таки в распределенных, больших системах. Ну, то есть мне нужно там логи посмотреть, собрать их в кучу. Как это сейчас работает? Мы собираем логи с разных сервисов или мы с разных сервисов логи все сваливаем в одну кучу и смотрим там. А это все по-разному работает. Минутка рекламы: у нас даже есть отдельный продукт для логов под названием «Вектор», который помогает тебе настроить целый pipeline обработки своих логов.",0.0779,0.026
vibevoice_asr_4bit,test_00000.wav,не я делал карты потом я ушел делать яндекс поиск потом этот яндекс поиск стал яндекс браузером там я руководил группой,"Я, я делал карты, потом я ушел делать Яндекс поиск, потом этот Яндекс поиск стал Яндекс браузером, там я руководил группой.","Я, я делал карты, потом я ушел делать Яндекс Поиск, потом этот Яндекс Поиск стал Яндекс Браузером, там я руководил группой.",0.0476,0.0476
vibevoice_asr_4bit,test_00001.wav,егор мне перед выпуском уже показывал в гости мы сегодня позвали даню пилина создателя онлайн школы по шахматам skyeng product owner а и сейчас развивает стартап по лидогенерации,"Егор, мне перед выпуском уже показывал, а в гости мы сегодня позвали Даню Пилина, создателя онлайн-школы по шахматам Skyank, продукт-онера, и сейчас развивает стартап по лидогенерации.","Егор, мне перед выпуском уже показывал, а в гости мы сегодня позвали Даню Пилина, создателя онлайн-школы по шахматам Skyank, продукт-оунера, и сейчас развивает стартап по лидогенерации.",0.1786,0.1786
vibevoice_asr_4bit,test_00002.wav,это очень хороший вопрос вот ну вы правы потому что 500 часов на разборах падений вот я достаточно долгое время работал в aws aws очень хорошая практика именно того как мы смотрим на операции различные системы что мы делаем когда они падают что мы делаем когда они не падают что мы делаем чтобы они не падали вот идеально вообще очень хорошо когда они не падают и сейчас я занимаюсь как раз application performance мониторингом в компании datadog то есть,"Это очень хороший вопрос, вот, ну, вы правы, потому что 500 часов на разборах падений, вот, я достаточно долгое время работал в AWS, в AWS очень хорошая практика именно того, как мы смотрим на операции различных систем, что мы делаем, когда они падают, что мы делаем, когда они не падают, что мы делаем, чтобы они не падали, вот, идеально вообще, очень хорошо, когда они не падают, и сейчас я занимаюсь как раз application performance monitoring в компании DataDog, то есть.","Это очень хороший вопрос, вот, ну, вы правы, потому что 500 часов на разборах падений, вот, я достаточно долгое время работал в AWS, в AWS очень хорошая практика именно того, как мы смотрим на операции различных систем, что мы делаем, когда они падают, что мы делаем, когда они не падают, что мы делаем, чтобы они не падали, вот, идеально вообще, очень хорошо, когда они не падают, и сейчас я занимаюсь как раз application performance monitoring в компании DataDog, то есть.",0.0506,0.0506
vibevoice_asr_4bit,test_00003.wav,мой любимый фокус observability мы понимаем когда системе станет плохо грубо говоря в два часа ночи ваша система упадет с отказом по памяти будьте готовы к этому пожалуйста вот это и есть observability это один ее аспект а второй аспект который для меня на самом деле самый важный обычно мы не знаем что нам нужно знать о системе в тот момент когда мы ее разрабатываем,"Мой любимый фокус обезопасить, мы понимаем, когда системе станет плохо. Грубо говоря, в два часа ночи ваша система упадёт с отказом по памяти. Будьте готовы к этому, пожалуйста. Вот это и есть обезопасить, это один её аспект. А второй аспект, который для меня на самом деле самый важный, обычно мы не знаем, что нам нужно знать о системе в тот момент, когда мы её разрабатываем.","Мой любимый фокус — обезопасить, мы понимаем, когда системе станет плохо. Грубо говоря, в два часа ночи ваша система упадёт с отказом по памяти. Будьте готовы к этому, пожалуйста. Вот это и есть обезопасить, это один её аспект. А второй аспект, который для меня на самом деле самый важный, обычно мы не знаем, что нам нужно знать о системе в тот момент, когда мы её разрабатываем.",0.0769,0.0769
vibevoice_asr_4bit,test_00004.wav,потому что по айдишнику клиента уже можно было как то вот эту пачку транзакций связать из разных микросервисов,Потому что по ИДшнику клиента уже можно было как-то вот эту пачку транзакций связать из разных микросервисов.,Потому что по ID клиенту уже можно было как-то вот эту пачку транзакций связать из разных микросервисов.,0.0556,0.1111
vibevoice_asr_4bit,test_00005.wav,ну и еще вопрос такой важный лицензирования openstt недоступен для построения коммерческих моделей только академических а у голоса sberdevices golos там нету никаких ограничений фактически это лицензия близкая к creative commons share alike лицензии как это формулируется и это хорошо,"Ну и ещё вопрос такой важный, лицензирование. OpenSTT недоступен для построения коммерческих моделей, только академических. А у голоса, забердавайся с голос, там нету никаких ограничений, фактически это лицензия, близкая к Creative Commons Share Alike, лицензии. Ну у меня немножко выливается, это хорошо.","Ну и ещё вопрос такой важный, лицензирование. OpenSTT недоступен для построения коммерческих моделей, только академических. А у голоса, забудься с голос, там нет никаких ограничений, фактически это лицензия, близкая к Creative Commons Share Alike, лицензии. Ну у меня немножко выливается, это хорошо.",0.25,0.275
vibevoice_asr_4bit,test_00006.wav,мой любимый фокус observability мы понимаем когда системе станет плохо грубо говоря в два часа ночи ваша система упадет с отказом по памяти будьте готовы к этому пожалуйста вот это и есть observability это один ее аспект а второй аспект который для меня на самом деле самый важный обычно мы не знаем что нам нужно знать о системе в тот момент когда мы ее разрабатываем,"Мой любимый фокус обезопасить, мы понимаем, когда системе станет плохо. Грубо говоря, в два часа ночи ваша система упадёт с отказом по памяти. Будьте готовы к этому, пожалуйста. Вот это и есть обезопасить, это один её аспект. А второй аспект, который для меня на самом деле самый важный, обычно мы не знаем, что нам нужно знать о системе в тот момент, когда мы её разрабатываем.","Мой любимый фокус — обезопасить, мы понимаем, когда системе станет плохо. Грубо говоря, в два часа ночи ваша система упадёт с отказом по памяти. Будьте готовы к этому, пожалуйста. Вот это и есть обезопасить, это один её аспект. А второй аспект, который для меня на самом деле самый важный, обычно мы не знаем, что нам нужно знать о системе в тот момент, когда мы её разрабатываем.",0.0769,0.0769
vibevoice_asr_4bit,test_00007.wav,вот это первый сигнал его некомпетентности самый правильный способ если у вас там что либо заболело вообще что либо это провести диагностику и попробовать вылечить через упражнения,"Вот это первый сигнал его некомпетентности. Самый правильный способ, если у вас там что-либо заболел, вообще что-либо, это провести диагностику и попробовать вылечить через упражнения.","Вот это первый сигнал его некомпетентности. Самый правильный способ, если у вас там что-либо заболело, вообще что-либо, это провести диагностику и попробовать вылечить через упражнения.",0.037,0.0
vibevoice_asr_4bit,test_00008.wav,и вот изначально наша система координат была такова что вот эти клеточки они одинакового размера но потом выяснилось что на самом деле мы расстояние воспринимаем так что чем дальше они от нас эти горы тем расстояние на одну клеточку меньше для нас важно чем вблизи,"И вот изначально наша система координат была такова, что вот эти клеточки, они одинакового размера. Но потом выяснилось, что на самом деле мы расстояние воспринимаем так, что чем дальше они от нас, эти горы, тем расстояние на одну клеточку меньше для нас важно, чем вблизи.","И вот изначально наша система координат была такова, что вот эти клеточки, они одинакового размера. Но потом выяснилось, что на самом деле мы расстояние воспринимаем так, что чем дальше они от нас, эти горы, тем расстояние на одну клеточку меньше важно для нас, чем вблизи.",0.0,0.0444
vibevoice_asr_4bit,test_00009.wav,они просто про разработку и про то как он решает задачи в основном там ruby python чуть чуть shell а однако те подходы которые он использует можно перевести и на свою повседневную жизнь и также на destroyallsoft com есть раздел с выступлениями гарри там есть очень полезный доклад который я всем рекомендую он называется boundaries,"Они просто про разработку и про то, как по наришаешь задачи. В основном там Ruby, Python чуть-чуть, Shell, однако те подходы, которые используют, можно перенести и на свою повседневную жизнь. А и также на destroyallsoftware.com есть раздел с выступлениями Гарри, там есть очень полезный доклад, который я всем рекомендую, называется Boundaries.","Они просто про разработку и про то, как по настраиваешь задачи. В основном там Ruby, Python чуть-чуть, Shell, однако те подходы, которые используют, можно перенести и на свою повседневную жизнь. А и также на destroyallsoftware.com есть раздел с выступлениями Гарри, там есть очень полезный доклад, который я всем рекомендую, называется Boundaries.",0.1636,0.1636
vibevoice_asr_4bit,test_00010.wav,и ты такой а тебе приходится делать какие то телодвижения руками потом если у тебя этой связки нет чтобы вытащить информацию,"И ты такой, а! Тебе приходится делать какие-то телодвижения руками, потом, если у тебя этой связки нет, чтобы вытащить информацию.","И ты такой, а! Тебе приходится делать какие-то телодвижения руками, потом, если у тебя этой связки нет, чтобы вытащить информацию.",0.0,0.0
vibevoice_asr_4bit,test_00011.wav,и мне кажется абсолютно все замечали что детские крики раздражают там и ты на них обращаешь внимание намного сильнее чем какие то низкие частоты здесь кажется то что ну наверное из этого следует что высокие частоты мы слышим там и распознаем лучше чем например низкие,"И, мне кажется, абсолютно все замечали, что детские крики раздражают, там, и ты на них обращаешь внимание намного сильнее, чем какие-то низкие частоты. Здесь кажется то, что, ну, наверное, из этого следует, что высокие частоты мы слышим, там, и распознаём лучше, чем, например, низкие.","И, мне кажется, абсолютно все замечали, что детские крики раздражают, там, и ты на них обращаешь внимание намного сильнее, чем какие-то низкие частоты. Здесь кажется, что, ну, наверное, из этого следует, что высокие частоты мы слышим, там, и распознаём лучше, чем, например, низкие.",0.0222,0.0444
vibevoice_asr_4bit,test_00012.wav,хардкорный доклад самый человек занимается криптографией на swift е поэтому там можно ожидать многих интересных фичей технических деталей но по прежнему из за того что два дня и три треда всегда можно будет найти что посмотреть на том же русском языке если у нас будут такие гости,"Хардкорный зек лад, там человек занимается криптографией на Swift, поэтому там можно ожидать многих интересных технических деталей. Но по-прежнему из-за того, что два дня и три трейда, всегда можно будет найти, что посмотреть на том же русском языке, если у нас будут такие гости.","Хардкорный зек лад, там человек занимается криптографией на Swift, поэтому там можно ожидать многих интересных технических деталей. Но по-прежнему из-за того, что два дня и три трека, всегда можно будет найти, что посмотреть на том же русском языке, если у нас будут такие гости.",0.1277,0.1277
vibevoice_asr_4bit,test_00013.wav,ну или даже больше у меня могло быть три часа нагрузки три часа бега в сутках это уже много я там действительно мог бургер съесть так что тут тоже если вы захотите потом уже профессионально еще сильнее упарываться то возможно там уже можно будет и забить на питание мне кажется,"Ну или даже больше, у меня могло быть три часа нагрузки, три часа бега в сутках, это уже много. Я там действительно мог бургер съесть, так что тут тоже, если вы захотите потом уже профессионально ещё сильнее упарываться, то, возможно, там уже можно будет и забить на питание, мне кажется.","Ну или даже больше, у меня могло быть три часа нагрузки, три часа бега в сутках, это уже много. Я там действительно мог бургер съесть, так что тут тоже, если вы захотите потом ещё сильнее упираться, то, возможно, там уже можно будет и забить на питание, мне кажется.",0.02,0.08
vibevoice_asr_4bit,test_00014.wav,что то происходит не так в очень редком количестве случаев и это вот самое неприятное то есть у тебя там в 99 случаев все работает нормально но вот при таких входных данных система там встает в ступор выполняет это в 10 раз дольше и так далее и тому подобное и ты такой хм как поймать,"Что-то происходит не так в очень редком количестве случаев, и это вот самое неприятное. То есть у тебя там в девяноста девяти процентах случаев всё работает нормально, но вот при такой входных данных Система там встаёт в ступор, выполняет это в десять раз дольше и так далее и тому подобное. И ты такой, м, как поймать?","Что-то происходит не так в очень редком количестве случаев, и это вот самое неприятное. То есть у тебя там в девяноста девяти процентах случаев всё работает нормально, но вот при такой входных данных система там встаёт в ступор, выполняет это в десять раз дольше и так далее и тому подобное. И ты такой, м, как поймать?",0.1455,0.1455
vibevoice_asr_4bit,test_00015.wav,а это подробности получается именно того как работают форматы музыкальные для соответственно звука или как ты имеешь в виду про перекодировку и почему возникают расхождения или что да да да ну то есть вот ты сказал что даже если мы возьмем там не знаю битрейт поменяем у нас уже изменится и у нас побитового сравнения не получится,"А это подробности, получается, именно того, как работают форматы музыкально, для, соответственно, звука или как? Ты имеешь в виду про перекодировку и почему возникает расхождение или что? Да, да, да. Ну, то есть вот ты сказал то, что даже если мы возьмём, там, не знаю, битрейт поменяем, у нас уже изменится, и у нас по битовому сравнению не получится.","А это подробности, получается, именно того, как работают форматы музыкально, для, соответственно, звука или как? Ты имеешь в виду про перекодировку и почему возникает расхождение или что? Да, да, да. Ну, то есть вот ты сказал то, что даже если мы возьмём, там, не знаю, битрейт поменяем, у нас уже изменится, и у нас по битовому сравнению не получится.",0.1404,0.1404
vibevoice_asr_4bit,test_00016.wav,то в силу того что люди не способны особенно непрофессионалы в точности напевать мелодии соблюдая высоты тайминги между нотами а именно на это я думаю будет обращать внимание алгоритм пытаясь вот построить это преобразование то здесь мы неизбежно будем сталкиваться с тем что какой то диапазон различимых мелодий будет не очень большой,"То, в силу того, што люди не способны, достаточно, особенно профессионалы, в точности напевать мелодии, соблюдая высоты, тайминги между нотами, а именно на это, я думаю, будет обращать внимание алгоритм, пытаясь вот построить это препознавание, то здесь мы неизбежно будем сталкиваться с тем, што какой-то диапазон различаемых мелодий, он будет не очень большой,","То, в силу того, что люди не способны, достаточно, особенно профессионалы, в точности напевать мелодии, соблюдая высоты, тайминги между нотами, а именно на это я думаю, будет обращать внимание алгоритм, пытаясь вот построить это распознавание, то здесь мы неизбежно будем сталкиваться с тем, что какой-то диапазон различаемых мелодий он будет не очень большой.",0.1346,0.0962
vibevoice_asr_4bit,test_00017.wav,и между ними может быть какое то количество дискретных столбиков где каждый столбик это своя частота это если совсем упрощать ну ты что то типа эквалайзера рассказал да да да по сути обычный эквалайзер,"Между ними может быть какое-то количество дискретных столбиков, где каждый столбик - это своя частота, это если совсем упрощать. Ну это что-то типа коллизора рассказал. Да, да, да, по сути обычная коллизия.","Между ними может быть какое-то количество дискретных столбиков, где каждый столбик - это своя частота, это если совсем упрощать. Ну это что-то типа коллизия рассказал. Да, да, да, по сути обычная коллизия.",0.1471,0.1471
vibevoice_asr_4bit,test_00018.wav,вот пришел запрос мы для него нашли пул кандидатов треков кандидатов и на самом деле из этого пула кандидатов правильный ответ если он даже есть там один или там несколько если там есть дубликаты этого трека в базе а все остальное это вообще говоря другие треки но мы можем посчитать какая похожесть,"Вот, почему запрос. Мы для него нашли пул кандидатов, треков кандидатов. И на самом деле из этого пула кандидатов правильный ответ, если он даже есть там один или там несколько, если там есть дубликаты этого трека в базе. А всё остальное, это, вообще говоря, другие треки. Но мы можем посчитать, какая похожесть","Вот, почему запрос. Мы для него нашли пул кандидатов, треков кандидатов. И на самом деле из этого пула кандидатов правильный ответ, если он даже есть там один или там несколько, если там есть дубликаты этого трека в базе. А всё остальное — это, вообще говоря, другие треки. Но мы можем посчитать, какая похожесть.",0.0385,0.0385
vibevoice_asr_4bit,test_00019.wav,выводы о том какой следующий шаг надо сделать alphazero как раз вот если говорить о stockfish движке это появилось года четыре пять лет назад и по моему там история такая что за сутки она обучилась через сутки смогла обыгрывать уже гроссмейстеров,"выводы, о том, какой следующий шаг нам сделать. Альфа-зеро, как раз, вот если говорить про сток, фиш-движки, это появилось куда-то четыре-пять лет назад, и, по-моему, там история такая, чтобы за сутки она обучилась, в течение сутки смогла обыгрывать уже как раз вместе с роботом.","Выводы о том, какой следующий шаг нам сделать. Альфа-зеро, как раз, вот если говорить про сток, фиш-движки, это появилось где-то четыре-пять лет назад, и, по-моему, там история такая, чтобы за сутки она обучилась, в течение суток смогла обыгрывать уже как раз вместе с роботом.",0.4146,0.439
vibevoice_asr_4bit,test_00020.wav,то есть мы в каждый момент времени знаем про звук еще какое то такое распределение частот и связано это с тем что наше ухо на самом деле примерно так же и воспринимает звук то есть мы не просто амплитуду понимаем что вот где то там громче где то тише а наше ухо еще понимает что вот этот звук выше этот ниже этот голос более высокий этот голос низкий,"То есть мы в каждый момент времени знаем про звук, а ещё и какое-то такое распределение частот, и связано это с тем, что наше ухо на самом деле примерно так же и воспринимает звук. То есть мы не просто амплитуду понимаем, что вот где-то там громче, где-то тише, а наше ухо ещё понимает, что вот этот звук выше, этот ниже, этот голос более высокий, этот голос низкий.","То есть мы в каждый момент времени знаем про звук, а ещё и какое-то такое распределение частот, и связано это с тем, что наше ухо на самом деле примерно так же и воспринимает звук. То есть мы не просто амплитуду понимаем, что вот где-то там громче, где-то тише, а наше ухо ещё понимает, что вот этот звук выше, этот ниже, этот голос более высокий, этот голос низкий.",0.0588,0.0588
vibevoice_asr_4bit,test_00021.wav,я точно знаю у нас сейчас есть клиенты которые даже там на warning statement ы в наших логах реагируют такие о вы начали тут warning писать а у нас наши системы реагируют на то что warning и которые мы не знаем появляются в логах нам это мешает можете убрать,"Я точно знаю, у нас есть клиенты, которые даже там на warning statement'ы в наших логах реагируют, такие: ""О, вы начали этот warning писать"", а у нас наша система реагирует на то, что warning'и, которые мы не знаем, появляются в логах. Нам это мешает. Можете убрать?","Я точно знаю, у нас есть клиенты, которые даже там на warning statement'ы в наших логах реагируют, такие: ""О, вы начали этот warning писать"", а у нас наша система реагирует на то, что warning'и, которые мы не знаем, появляются в логах. Нам это мешает. Можете убрать?",0.102,0.102
vibevoice_asr_4bit,test_00022.wav,когда у тебя система либо становится распределенной либо асинхронной внутри что по большому счету для целей нашего разговора практически одно и то же у тебя вот эта последовательность выполнения она теряется то есть грубо говоря тебе пришел какой то запрос ты можешь его положить в очередь для клиента и потом что то сделать,"Когда у тебя система либо становится распределённой, либо асинхронной внутри, что по большому счёту для целей нашего разговора практически одно и то же, у тебя вот эта последовательность выполнения, она теряется. То есть, грубо говоря, к тебе пришёл какой-то запрос, ты можешь его положить в очередь для клиента и потом что-то сделать.","Когда у тебя система либо становится распределённой, либо асинхронной внутри, что по большому счёту для целей нашего разговора практически одно и то же, у тебя вот эта последовательность выполнения она теряется. То есть, грубо говоря, к тебе пришёл какой-то запрос, ты можешь его положить в очередь для клиента и потом что-то сделать.",0.0755,0.0755
vibevoice_asr_4bit,test_00023.wav,то в силу того что люди не способны особенно непрофессионалы в точности напевать мелодии соблюдая высоты тайминги между нотами а именно на это я думаю будет обращать внимание алгоритм пытаясь вот построить это преобразование то здесь мы неизбежно будем сталкиваться с тем что какой то диапазон различимых мелодий будет не очень большой,"То, в силу того, што люди не способны, достаточно, особенно непрофессионалы, в точности напевать мелодии, соблюдая высоты, тайминги между нотами, а именно на это, я думаю, будет обращать внимание алгоритм, пытаясь вот построить это препознавание, то здесь мы неизбежно будем сталкиваться с тем, што какой-то диапазон различаемых мелодий, он будет не очень большой,","То, в силу того, что люди не способны, достаточно, особенно непрофессионалы, в точности напевать мелодии, соблюдая высоты, тайминги между нотами, а именно на это я думаю, будет обращать внимание алгоритм, пытаясь вот построить это распознавание, то здесь мы неизбежно будем сталкиваться с тем, что какой-то диапазон различаемых мелодий он будет не очень большой.",0.1154,0.0769
vibevoice_asr_4bit,test_00024.wav,то как бы но зачем здесь смотреть в логи прошлой версии системы там все равно же все не так работает это уже все старье надо новое смотреть вот я бы как раз тут не согласился мне скорее всего понадобятся логи предыдущего состояния системы если что то вдруг выкатили и оно стало работать не так как мы ожидали,"То, как бы, ну, зачем мне смотреть в логи прошлой версии системы? Там все равно же все не так работает. Это же все старье, надо новое смотреть. Вот я бы как раз тут не согласился. Мне, скорее всего, понадобятся логи предыдущего состояния системы, если что-то вдруг выкатили, и оно стало работать не так, как мы ожидали.","То, как бы, ну, зачем мне смотреть в логи прошлой версии системы? Там все равно же все не так работает. Это же все старье, надо новое смотреть. Вот я бы как раз тут не согласился. Мне, скорее всего, понадобятся логи предыдущего состояния системы, если что-то вдруг выкатили, и оно стало работать не так, как мы ожидали.",0.0526,0.0526
vibevoice_asr_4bit,test_00025.wav,и поэтому использовать их в повседневности не получается мы вынуждены поступать зачастую интуитивно,И поэтому использовать их в повседневности не получается. Мы вынуждены поступать зачастую интуитивно.,И поэтому использовать их в повседневности не получается. Мы вынуждены поступать зачастую интуитивно.,0.0,0.0
vibevoice_asr_4bit,test_00026.wav,что если зуб в результате развития кариеса разрушен до 40 то его возможно восстановить пломбой то есть композитным материалом реставрацией ну это пластмасса по существу,"Что если зуб в результате развития кариеса разрушен до 40%, то его возможно восстановить пломбой, то есть композитным материалом реставрации. Это пластмассовое существо.","Что если зуб в результате развития кариеса разрушен до 40%, то его возможно восстановить пломбой, то есть композитным материалом реставрации. Это пластиковое изделие.",0.2,0.2
vibevoice_asr_4bit,test_00027.wav,на примере может быть для тех кто ни разу с этим не сталкивался а я там не знаю как мобильный разработчик например последние сколько то лет сижу и думаю ну у меня логи там ну куда нибудь в centric могут отправиться обычно я вижу что у меня в какой нибудь google play прилетели краши и я просто по названию exception а захожу туда где мне нужно найти логи ctrl c ctrl v найти нахожу конкретные логи все типа конец больше мне делать ничего не нужно,"На примере, может быть, для тех, кто с этим ни разу не сталкивался, а я там, не знаю, как мобильный разработчик, например, последние сколько-то лет сижу и думаю, ну, у меня логи там, ну, куда-нибудь в центре могут отправиться. Обычно я вижу, что у меня в какой-нибудь Google Play прилетели краши, я просто по названию exception захожу туда, где мне нужно найти логи, Ctrl+C, Ctrl+V, найти, нахожу конкретные логи, всё, типа, конец. Больше мне делать ничего не нужно.","На примере, может быть, для тех, кто с этим ни разу не сталкивался, а я там, не знаю, как мобильный разработчик, например, последние сколько-то лет сижу и думаю, ну, у меня логи там, ну, куда-нибудь в центр могут отправиться. Обычно я вижу, что у меня в какой-нибудь Google Play прилетают краши, я просто по названию exception захожу туда, где мне нужно найти логи, Ctrl+C, Ctrl+V, нахожу, нахожу конкретные логи, всё, типа, конец. Больше мне делать ничего не нужно.",0.0941,0.1176
vibevoice_asr_4bit,test_00028.wav,максимально ухудшить идеальную систему вводя туда какие то элементы или условия чтобы итоговая результат должен быть такой мы должны в 22 раза замедлить нашу разработку,"Максимально ухудшить идеальную систему, вводя туда какие-то элементы или условия, чтобы итоговый результат должен быть такой: мы должны в двадцать два раза замедлить нашу разработку.","Максимально ухудшить идеальную систему, вводя туда какие-то элементы или условия, чтобы итоговый результат должен быть такой: мы должны в двадцать два раза замедлить нашу разработку.",0.12,0.12
vibevoice_asr_4bit,test_00029.wav,и вот такая архитектура долгое время доминировала ее пытались модифицировать в двухтысячных годах произошел определенный прорыв в области обучения глубоких нейронных сетей с легкой руки джеффри хинтона и его ученика рустама салахутдинова и стали активно использовать вместо скрытых марковских моделей на акустико фонетическом уровне многослойные нейронные сети либо многослойные персептроны либо сверточные нейронные сети,"И вот такая архитектура долгое время доминировала. Её пытались модифицировать. В 2000-е годах произошёл определённый прорыв в области обучения глубоких нейронных сетей с трёхруких Джеффри Хинтона и его ученика Рустама Салахуддинова. И стали активно использовать вместо скрытых маркерских моделей на кустарно-интеллектуальном уровне многослойные нейронные сети, либо многослойные перцептроны, либо свёрточные нейронные сети.","И вот такая архитектура долгое время доминировала. Её пытались модифицировать. В 2000-е годах произошёл определённый прорыв в области обучения глубоких нейронных сетей с трёхмерной Джеффри Хинтона и его ученика Рустама Салахуддинова. И стали активно использовать вместо скрытых марковских моделей на кустарно-интеллектуальном уровне многослойные нейронные сети, либо многослойные перцептроны, либо свёрточные нейронные сети.",0.2407,0.2222
vibevoice_asr_4bit,test_00030.wav,убрали весь формализм всю регулярность а это essence мы до этого обсуждали что такое one on one и эти три признака выбыли как характеризующие мы убираем регулярность мы убираем формализм ну вы можете в произвольной форме пообщаться все и это больше не one on one вы просто пообщались,"Убрали весь формализм, всю регулярность, а это essence. Мы до этого обсуждали, что такое one on one, эти три признака, э-э, выборочно характеризующие. Мы убираем регулярность, мы убираем формализм, ну вы можете в прямой форме пообщаться. Всё, это больше не one on one. Вы просто пообщались.","Убрали весь формализм, всю регулярность, а это essence. Мы до этого обсуждали, что такое one on one, эти три признака, э-э, выборочно характеризующие. Мы убираем регулярность, мы убираем формализм, ну вы можете в прямой форме пообщаться. Всё, это больше не one on one. Вы просто пообщались.",0.1458,0.1458
vibevoice_asr_4bit,test_00031.wav,но не все индустрии в одинаковом состоянии они прошли немножко разный путь у меня такой вопрос перед тем как мы начнем набрасывать и в общем закапывать одну индустрию за другой выявлять дисфункции и так далее у меня есть предложение как то договориться на тему того а что мы называем качественным менеджментом как понять что один менеджмент качественный а другой нет,"Но не все индустрии в одинаковом состоянии. Они прошли немножко разный путь. У меня такой вопрос. Перед тем, как мы начнём набрасывать и, в общем, закапывать одну индустрию за другой, выявлять дисфункции и так далее, у меня есть предложение как-то договориться на тему того, а что мы называем качественным менеджментом? Как понять, что один менеджмент качественный, а другой нет?","Но не все индустрии в одинаковом состоянии. Они прошли немножко разный путь. У меня такой вопрос. Перед тем, как мы начнём набрасывать и, в общем, закапывать одну индустрию за другой, выявлять дисфункции и так далее, у меня есть предложение как-то договориться на тему того, а что мы называем качественным менеджментом? Как понять, что один менеджмент качественный, а другой нет?",0.0167,0.0167
vibevoice_asr_4bit,test_00032.wav,и получаем очень много вот таких широты знаний и мне кажется что все остальные причины которые тут можно привести они уже вытекают отсюда ну во первых когда мы смотрим на языки программирования мы всегда видим что они очень тесно между собой связаны,"И получаем очень много вот таких широты знаний. И мне кажется, что все остальные причины, которые тут можно привести, они уже вытекают отсюда. Ну, во-первых, когда мы смотрим на языки программирования, мы всегда видим, что они очень тесно между собой связаны.","И получаем очень много вот таких широты знаний. И мне кажется, что все остальные причины, которые тут можно привести, они уже вытекают отсюда. Ну, во-первых, когда мы смотрим на языки программирования, мы всегда видим, что они очень тесно связаны между собой.",0.0,0.0476
vibevoice_asr_4bit,test_00033.wav,он как раз говорил примерно следующее к сожалению мы не все можем измерить но проблема в том что мы вынуждены управлять тем чего измерить не можем,"Он как раз говорил примерно следующее: к сожалению, мы не всё можем измерить, но проблема в том, что мы вынуждены управлять тем, чего измерить не можем.","Он как раз говорил примерно следующее: к сожалению, мы не всё можем измерить, но проблема в том, что мы вынуждены управлять тем, чего измерить не можем.",0.0385,0.0385
vibevoice_asr_4bit,test_00034.wav,а можно задать тебе вопрос да конечно что тебе нравится больше чем спать спокойно по ночам зная что твой сон охраняет observability нашего биллинга podlodka crew построенное на телеграме,"Можешь задать вопрос? М, да, конечно. А, что тебе нравится больше, чем спать спокойно по ночам, зная, что твой сон охраняет оберабилити нашего биллинга под лодкой Крю, построенного на телеграме?","Можешь задать вопрос? М, да, конечно. А, что тебе нравится больше, чем спать спокойно по ночам, зная, что твой сон охраняет observability нашего биллинга под лодкой Крю, построенного на телеграме?",0.3448,0.3103
vibevoice_asr_4bit,test_00035.wav,максимально ухудшить идеальную систему вводя туда какие то элементы или условия чтобы итоговая результат должен быть такой мы должны в 22 раза замедлить нашу разработку,"Максимально ухудшить идеальную систему, вводя туда какие-то элементы или условия, чтобы итоговый результат должен быть такой: мы должны в двадцать два раза замедлить нашу разработку.","Максимально ухудшить идеальную систему, вводя туда какие-то элементы или условия, чтобы итоговый результат должен быть такой: мы должны в двадцать два раза замедлить нашу разработку.",0.12,0.12
vibevoice_asr_4bit,test_00036.wav,большой объем знаний который дается в интересной форме и из за этого метода преподношения он воспринимается лучше,"Большое объём знаний, который даётся в интересной форме, и из-за этого метода преподношения он воспринимается лучше.","Большой объём знаний, который даётся в интересной форме, и из-за этого метода преподношения он воспринимается лучше.",0.1765,0.1176
vibevoice_asr_4bit,test_00037.wav,ты не можешь сразу как это на большом чане ну просто дорого будет делать сразу на большом чане культивацию большого количества клеток,"Ты не можешь сразу как-то на большом чаянии, просто дорого будет делать сразу на большом чаянии, культивацию большого количества клеток.","Ты не можешь сразу как-то на большом числении, просто дорого будет делать сразу на большом числении, культивацию большого количества клеток.",0.1818,0.1818
vibevoice_asr_4bit,test_00038.wav,а если эти зубы в зоне улыбки то сразу ставят коронку в один день сразу это занимает ну обычно час спланированная манипуляция занимает обычно час,"А если эти зубы в зоне улыбки, то сразу ставят коронку. В один день. Сразу. Это занимает, ну, обычно час. Спланированная манипуляция занимает обычно час.","А если эти зубы в зоне улыбки, то сразу ставят коронку. В один день. Сразу. Это занимает, ну, обычно час. Спланированная манипуляция занимает обычно час.",0.0,0.0
vibevoice_asr_4bit,test_00039.wav,всем привет друзья с вами подкаст подлодка меня зовут женя кателла со мной сегодня стас цыганов стас привет,"Всем привет, друзья. С вами подкаст Подлодка. Меня зовут Женя Котелло, со мной сегодня Стас Цыганов. Стас, привет.","Всем привет, друзья. С вами подкаст Подлодка. Меня зовут Женя Котелло, со мной сегодня Стас Цыганов. Стас, привет.",0.0556,0.0556
vibevoice_asr_4bit,test_00040.wav,то есть вот нужно доверять учителю с опытом и тут вот это самое главное не мешать ему работать то есть да вот рекомендация вы решите что кого вы будете рекомендовать и потом уже на этот вопрос отвечайте,"То есть вот нужно доверять учителю с опытом. И тут вот это самое главное, не мешать ему работать. То есть да, вот рекомендация. Вы решите, что, кого вы будете рекомендовать. И потом уже на этот вопрос отвечайте.","То есть вот нужно доверять учителю с опытом. И тут вот это самое главное, не мешать ему работать. То есть да, вот рекомендация. Вы решите, кого вы будете рекомендовать. И потом уже на этот вопрос отвечайте.",0.0,0.027
vibevoice_asr_4bit,test_00041.wav,это волчанка да но давайте вот про это я не буду сегодня я готов больше про раковые клетки просто потому что про них лучше изучал да я не думаю что есть принципиальное отличие в производстве,"Это Волчанка, да, но давайте вот про это я не буду сегодня готов больше про раковик лететь, просто потому что про них лучше изучал. Да. Я не думаю, что есть принципиальное отличие в производстве.","Это Волчанка, да, но давайте вот про это я не буду сегодня готов больше про раковик лететь, просто потому что про них лучше изучал. Да. Я не думаю, что есть принципиальное отличие в производстве.",0.0857,0.0857
vibevoice_asr_4bit,test_00042.wav,и поэтому использовать их в повседневности не получается мы вынуждены поступать зачастую интуитивно,И поэтому использовать их в повседневности не получается. Мы вынуждены поступать зачастую интуитивно.,И поэтому использовать их в повседневности не получается. Мы вынуждены поступать зачастую интуитивно.,0.0,0.0
vibevoice_asr_4bit,test_00043.wav,ну просто чтобы какое то разумное его количество чтобы можно было его не искать и для скорости да просто это нужно делать там за какие то не знаю сотни миллисекунд ну там за секунды то есть сам поиск работает достаточно быстро и если мы будет вальяжно с каждым треком сравнивать это это просто неподъемно даже на каком то кластере поисковом это невозможно так,"Ну, просто, чтобы какое-то разумное было количество, что можно было в ней искать. И для скорости, да, просто это нужно делать там за какие-то, не знаю, сотни миллисекунд, секунды. То есть, там поиск работает достаточно быстро, и если мы будем вальяжно с каждым треком сравнивать, это просто подъемно даже на каком-то классе поисковом, это невозможно так.","Ну, просто, чтобы какое-то разумное было количество, что можно было в ней искать. И для скорости, да, просто это нужно делать там за какие-то, не знаю, сотни миллисекунд, секунды. То есть, там поиск работает достаточно быстро, и если мы будем вальяжно с каждым треком сравнивать, это просто неподъемно даже на каком-то классе поисковом, это невозможно так.",0.1905,0.1746
vibevoice_asr_4bit,test_00044.wav,и мне кажется абсолютно все замечали что детские крики раздражают там и ты на них обращаешь внимание намного сильнее чем какие то низкие частоты здесь кажется то что ну наверное из этого следует что высокие частоты мы слышим там и распознаем лучше чем например низкие,"И, мне кажется, абсолютно все замечали, что детские крики раздражают, там, и ты на них обращаешь внимание намного сильнее, чем какие-то низкие частоты. Здесь кажется то, что, ну, наверное, из этого следует, что высокие частоты мы слышим, там, и распознаём лучше, чем, например, низкие.","И, мне кажется, абсолютно все замечали, что детские крики раздражают, там, и ты на них обращаешь внимание намного сильнее, чем какие-то низкие частоты. Здесь кажется, что, ну, наверное, из этого следует, что высокие частоты мы слышим, там, и распознаём лучше, чем, например, низкие.",0.0222,0.0444
vibevoice_asr_4bit,test_00045.wav,и вводить его нужно на сайте podlodka io gocrew вот и позвали поговорить про observability мы михаила дружинина михаил engineering manager в компании datadog управляет разработкой всех клиентских библиотек на восьми языках разработки для application performance мониторинга и distributed трейсинга,"Переводить его нужно на сайте podlotka.co, слэш go crew. Вот. И позвали поговорить про обзиробилити. Мы, Михаил Дружинин, Михаил, инженер-менеджер в компании DataDoc, управляющий разработкой всех клиентских библиотек на восьми языках разработки, для application performance monitoring и distributed tracing.","Переводить его нужно на сайте podlotka.co, слеш go crew. Вот. И позвали поговорить про observability. Мы, Михаил Дружинин, Михаил, инженер-менеджер в компании DataDoc, управляющий разработкой всех клиентских библиотек на восьми языках разработки для application performance monitoring и distributed tracing.",0.4,0.375
vibevoice_asr_4bit,test_00046.wav,где важны будут классы насколько я вообще java понимаю там ты без классов никуда не двинешься и там ну как бы хочешь не хочешь у тебя будут классы это первое а второе я считаю что если этого требует архитектура то пусть это будет класс например это фабрика или какой то билдер,"Где должны быть классы? Насколько я вообще Джаву понимаю, там ты без классов никуда не двинешься. И там, ну, как бы хочешь не хочешь, у тебя будут классы. Это первое. Второе, я считаю, что если этого требует архитектура, то пусть это будет класс. Например, это фабрика или какой-то builder.","Где должны быть классы? Насколько я вообще Джаву понимаю, там ты без классов никуда не двинешься. И там, ну, как бы хочешь не хочешь, у тебя будут классы. Это первое. Второе, я считаю, что если этого требует архитектура, то пусть это будет класс. Например, это фабрика или какой-то builder.",0.098,0.098
vibevoice_asr_4bit,test_00047.wav,установка куплена для врача а врач поймет врач поймет что он ездит на мерседесе и приезжает на работу как бы все хорошо вот это все мелочи но они формируют поэтому питать иллюзию о том что будет очень крутой врач в очень дешевом месте ну как бы очень маловероятно и я когда был молодым специалистом меня сильно возмущала цена имплантации в америке прям сильно возмущала блин то же самое в четыре раза дороже не может быть,"Установка куплена для врача. А врач поймёт, врач поймёт, что он ездит на Мерседесе и приезжает на работу. Как бы всё хорошо. Вот. Это всё мелочи, но они формируют. Поэтому питать иллюзию о том, что будет очень крутой врач в очень дешёвом месте. Ну, как бы, очень маловероятно. И я когда был молодым специалистом, меня сильно возмущала цена имплантации в Америке, прям сильно возмущала. Я думал, блин, то же самое в четыре раза дороже не может быть.","Установка куплена для врача. А врач поймёт, врач поймёт, что он ездит на Мерседесе и приезжает на работу. Как бы всё хорошо. Вот. Это всё мелочи, но они формируют. Поэтому питать иллюзию о том, что будет очень крутой врач в очень дешёвом месте. Ну, как бы, очень маловероятно. И я когда был молодым специалистом, меня сильно возмущала цена имплантации в Америке, прямо сильно возмущала. Я думал, блин, то же самое в четыре раза дороже не может быть.",0.0933,0.1067
vibevoice_asr_4bit,test_00048.wav,и он еще мелкий был то есть я быстрее смогу и он талантливый на самом деле я тебе так скажу там ключевое будет играть это талант там не то что ты возьмешь выучишь подготовишься там уже играет составляющая таланта именно что ты действительно обыгрываешь уже да я бы все таки тут предложил бы немножко эту идею закопать почему потому что у меня опять же нет статы но насколько помню там есть какая то корреляция да достаточно сильная между условно возрастом и рейтингом,"И он на семёрке был, то есть я быстрее смогу. И он талантливый. На самом деле, я тебе так скажу, там ключевой будет играть этот талант. Там не то, что ты возьмёшь, выучишь, подготовишься, там уже играет составляющая талант именно, что ты действительно обыгрываешь уже, да. И я бы всё-таки тут предложил бы немножко эту идею закопать. Потому что у меня, опять же, не статы, но насколько помню, там есть какая-то корреляция, да, достаточно сильная между, словно, возрастом и рейтингом.","И он на семёрке был, то есть я быстрее смогу. И он талантливый. На самом деле, я тебе так скажу, там ключевой будет играть этот талант. Там не то, что ты возьмёшь, выучишь, подготовишься, там уже играет составляющая таланта, именно что ты действительно обыгрываешь уже, да. И я бы всё-таки тут предложил бы немножко эту идею закопать. Потому что у меня, опять же, не статы, но насколько помню, там есть какая-то корреляция, да, достаточно сильная между, словно, возрастом и рейтингом.",0.1341,0.122
vibevoice_asr_4bit,test_00049.wav,практически не знаю насколько булшитно это прозвучит скорее бизнесово ориентированный пайплайн который сырые технические данные превращает в информацию для принятия решений каких то там оперативных здесь и сейчас возможно или там в будушем да технический бизнесовый инструмент который позволяет тебе управлять своей системой и позволяет тебе понимать а что же происходит внутри нее,"Практически, не знаю, насколько это bullshit-но прозвучит, скорее бизнес-овый ориентированный pipeline, который сырые технические данные превращает в информацию для принятия решений каких-то там оперативных здесь, сейчас, возможно, или там, в будущем. Да, технический бизнес-овый инструмент, который позволяет тебе управлять своей системой и позволяет тебе понимать, а что же происходит внутри неё.","Практически, не знаю, насколько это bullshit-но прозвучит, скорее бизнес-ориентированный pipeline, который сырые технические данные превращает в информацию для принятия решений каких-то там оперативных здесь, сейчас, возможно, или там, в будущем. Да, технический бизнес-ориентированный инструмент, который позволяет тебе управлять своей системой и позволяет тебе понимать, а что же происходит внутри неё.",0.2075,0.1887
gemma_3n_e4b,test_00000.wav,не я делал карты потом я ушел делать яндекс поиск потом этот яндекс поиск стал яндекс браузером там я руководил группой,"А нет, я делал карты, потом я ушёл делать Яндекс Поиск, потом этот Яндекс Поиск стал Яндекс Браузером. А там я руководил группой.","А нет, я делал карты, потом я ушёл делать Яндекс Поиск, потом этот Яндекс Поиск стал Яндекс Браузером. А там я руководил группой.",0.1905,0.1905
gemma_3n_e4b,test_00001.wav,егор мне перед выпуском уже показывал в гости мы сегодня позвали даню пилина создателя онлайн школы по шахматам skyeng product owner а и сейчас развивает стартап по лидогенерации,"На екорм мне предвыпускном уже показывал. А в гости мы сегодня позвали Данину Пилина, создателя онлайн-школы по шахматам Skayank, продуктонера и сейчас развивает стартап по лид-генерации.","На ежекорм мне предвыпускном уже показывал. А в гости мы сегодня позвали Данину Пилину, создателя онлайн-школы по шахматам Skayank, продуктового менеджера и сейчас развивает стартап по лид-генерации.",0.4286,0.4643
gemma_3n_e4b,test_00002.wav,это очень хороший вопрос вот ну вы правы потому что 500 часов на разборах падений вот я достаточно долгое время работал в aws aws очень хорошая практика именно того как мы смотрим на операции различные системы что мы делаем когда они падают что мы делаем когда они не падают что мы делаем чтобы они не падали вот идеально вообще очень хорошо когда они не падают и сейчас я занимаюсь как раз application performance мониторингом в компании datadog то есть,"Это очень хороший вопрос. Вот, ну, вы правы, потому что 500 часов на разборах падений, вот, я достаточно долгое время работал в WDS, WDS очень хорошая практика именно того, как мы смотрим на операции различных систем, что мы делаем, когда они падают, что мы делаем, когда они не падают, что мы делаем, чтобы они не падали. Вот, идеально вообще, очень хорошо, когда они не падают. И сейчас я занимаюсь как раз application performance monitoring-ом в компании DataDog.","Это очень хороший вопрос. Вот, ну, вы правы, потому что 500 часов на разборах падений, вот, я достаточно долгое время работал в WDS, WDS — очень хорошая практика именно того, как мы смотрим на операции различных систем, что мы делаем, когда они падают, что мы делаем, когда они не падают, что мы делаем, чтобы они не падали. Вот, идеально вообще, очень хорошо, когда они не падают. И сейчас я занимаюсь как раз application performance monitoring-ом в компании DataDog.",0.1013,0.1013
gemma_3n_e4b,test_00003.wav,мой любимый фокус observability мы понимаем когда системе станет плохо грубо говоря в два часа ночи ваша система упадет с отказом по памяти будьте готовы к этому пожалуйста вот это и есть observability это один ее аспект а второй аспект который для меня на самом деле самый важный обычно мы не знаем что нам нужно знать о системе в тот момент когда мы ее разрабатываем,"Мой любимый фокус - обсервируемость. Мы понимаем, когда система станет плохой. Грубо говоря, в 2:00 ночи ваша система упадёт с отказом памяти. Будьте готовы к этому, пожалуйста. Вот это и есть обсервируемость, это один из аспектов, а второй аспект, который для меня на самом деле самый важный, обычно мы не знаем, что нам нужно знать о системе в тот момент, когда мы её разрабатываем.","Мой любимый фокус - observability. Мы понимаем, когда система станет плохой. Грубо говоря, в 2:00 ночи ваша система упадёт с отказом памяти. Будьте готовы к этому, пожалуйста. Вот это и есть observability, это один из аспектов, а второй аспект, который для меня на самом деле самый важный, обычно мы не знаем, что нам нужно знать о системе в тот момент, когда мы её разрабатываем.",0.1692,0.1385
gemma_3n_e4b,test_00004.wav,потому что по айдишнику клиента уже можно было как то вот эту пачку транзакций связать из разных микросервисов,потому что по идишнику клиента уже можно было как-то вот эту пачку транзакций связать из разных микросервисов.,потому что по идентификатору клиента уже можно было как-то вот эту пачку транзакций связать из разных микросервисов.,0.0556,0.0556
gemma_3n_e4b,test_00005.wav,ну и еще вопрос такой важный лицензирования openstt недоступен для построения коммерческих моделей только академических а у голоса sberdevices golos там нету никаких ограничений фактически это лицензия близкая к creative commons share alike лицензии как это формулируется и это хорошо,"Ну и ещё просто такой важный лицензирования. Open AI по статье недоступен для построения коммерческих моделей, только академических. А у Голоса сберегается Голос, там нет никаких ограничений, фактически это лицензия близкая к Creative Commons Share alike лицензии. Для меня всё моделируется, это хорошо.","Ну и ещё просто такой важный вопрос лицензирования. OpenAI по статье недоступен для построения коммерческих моделей, только академических. А у Голоса сохраняется Голос, там нет никаких ограничений, фактически это лицензия, близкая к Creative Commons Share alike лицензии. Для меня всё моделируется, это хорошо.",0.325,0.325
gemma_3n_e4b,test_00006.wav,мой любимый фокус observability мы понимаем когда системе станет плохо грубо говоря в два часа ночи ваша система упадет с отказом по памяти будьте готовы к этому пожалуйста вот это и есть observability это один ее аспект а второй аспект который для меня на самом деле самый важный обычно мы не знаем что нам нужно знать о системе в тот момент когда мы ее разрабатываем,"Мой любимый фокус - обсервируемость. Мы понимаем, когда система станет плохой. Грубо говоря, в 2:00 ночи ваша система упадёт с отказом памяти. Будьте готовы к этому, пожалуйста. Вот это и есть обсервируемость, это один из аспектов, а второй аспект, который для меня на самом деле самый важный, обычно мы не знаем, что нам нужно знать о системе в тот момент, когда мы её разрабатываем.","Мой любимый фокус - observability. Мы понимаем, когда система станет плохой. Грубо говоря, в 2:00 ночи ваша система упадёт с отказом памяти. Будьте готовы к этому, пожалуйста. Вот это и есть observability, это один из аспектов, а второй аспект, который для меня на самом деле самый важный, обычно мы не знаем, что нам нужно знать о системе в тот момент, когда мы её разрабатываем.",0.1692,0.1385
gemma_3n_e4b,test_00007.wav,вот это первый сигнал его некомпетентности самый правильный способ если у вас там что либо заболело вообще что либо это провести диагностику и попробовать вылечить через упражнения,"Вот это первый сигнал его некомпетентности. Самый правильный способ - если у вас там что-либо заболело, вообще что-либо - это провести диагностику и попробовать вылечить через упражнения.","Вот это первый сигнал его некомпетентности. Самый правильный способ - если у вас там что-либо заболело, вообще что-либо - это провести диагностику и попробовать вылечить через упражнения.",0.0,0.0
gemma_3n_e4b,test_00008.wav,и вот изначально наша система координат была такова что вот эти клеточки они одинакового размера но потом выяснилось что на самом деле мы расстояние воспринимаем так что чем дальше они от нас эти горы тем расстояние на одну клеточку меньше для нас важно чем вблизи,"И вот изначально наша система координат была таковая, что эти клеточки, они одинакового размера. Но потом выяснилось, что на самом деле мы расстояние воспринимаем так, что чем дальше они от нас эти горы, тем расстояние на одну клеточку меньше для нас важно, чем вблизи.","И вот изначально наша система координат была таковая, что эти клеточки, они одинакового размера. Но потом выяснилось, что на самом деле мы расстояние воспринимаем так, что чем дальше они от нас, эти горы, тем расстояние на одну клеточку меньше для нас важно, чем вблизи.",0.0444,0.0444
gemma_3n_e4b,test_00009.wav,они просто про разработку и про то как он решает задачи в основном там ruby python чуть чуть shell а однако те подходы которые он использует можно перевести и на свою повседневную жизнь и также на destroyallsoft com есть раздел с выступлениями гарри там есть очень полезный доклад который я всем рекомендую он называется boundaries,"Они просто про разработку и про то, как он решает задачи. В основном там Ruby, Python, чуть-чуть Shell, однако те подходы, которые он использует, можно перенести и на свою повседневную жизнь. А и также на destroy.iosoftware.com есть раздел выступлениями Гари, там есть очень полезный доклад, который я всем рекомендую, называется Boundaries.","Они просто про разработку и про то, как он решает задачи. В основном там Ruby, Python, чуть-чуть Shell, однако те подходы, которые он использует, можно перенести и на свою повседневную жизнь. А также на destroy.iosoftware.com есть раздел с выступлениями Гари, там есть очень полезный доклад, который я всем рекомендую, называется Boundaries.",0.1455,0.1273
gemma_3n_e4b,test_00010.wav,и ты такой а тебе приходится делать какие то телодвижения руками потом если у тебя этой связки нет чтобы вытащить информацию,"И ты такой: а. Тебе приходится делать какие-то телодвижения руками, потом, если у тебя есть связки нет, чтобы вытащить информацию.","И ты такой: а. Тебе приходится делать какие-то телодвижения руками, потом, если у тебя есть связи, нет, чтобы вытащить информацию.",0.0476,0.0952
gemma_3n_e4b,test_00011.wav,и мне кажется абсолютно все замечали что детские крики раздражают там и ты на них обращаешь внимание намного сильнее чем какие то низкие частоты здесь кажется то что ну наверное из этого следует что высокие частоты мы слышим там и распознаем лучше чем например низкие,"И, мне кажется, абсолютно все замечали, что детские крики раздражают там и ты на них обращаешь внимание намного сильнее, чем какие-то низкие частоты. Здесь кажется, что, ну, наверное, из этого следует, что высокие частоты мы слышим там и распознаём лучше, чем, например, низкие.","И, мне кажется, абсолютно все замечали, что детские крики раздражают там, и ты на них обращаешь внимание намного сильнее, чем какие-то низкие частоты. Здесь кажется, что, ну, наверное, из этого следует, что высокие частоты мы слышим там и распознаём лучше, чем, например, низкие.",0.0444,0.0444
gemma_3n_e4b,test_00012.wav,хардкорный доклад самый человек занимается криптографией на swift е поэтому там можно ожидать многих интересных фичей технических деталей но по прежнему из за того что два дня и три треда всегда можно будет найти что посмотреть на том же русском языке если у нас будут такие гости,"Харкорный заклад. Самый человек занимается криптографией на все типы, поэтому там можно ожидать много интересных течей технических деталей. Но по-прежнему из-за того, что два дня и три треда, всегда можно будет найти что посмотреть на том же русском языке, у нас будут какие гости.","Харкорный закоммит. Самый человек занимается криптографией на все типы, поэтому там можно ожидать много интересных вещей, технических деталей. Но по-прежнему из-за того, что два дня и три треда, всегда можно будет найти что посмотреть на том же русском языке, у нас будут какие гости.",0.1702,0.1702
gemma_3n_e4b,test_00013.wav,ну или даже больше у меня могло быть три часа нагрузки три часа бега в сутках это уже много я там действительно мог бургер съесть так что тут тоже если вы захотите потом уже профессионально еще сильнее упарываться то возможно там уже можно будет и забить на питание мне кажется,"Ну или даже больше, у меня могло бы быть три часа нагрузки, три часа бега в сутки - это уже много. Я там действительно мог бургер съесть, так что тут тоже, если вы захотите потом уже профессионально ещё сильнее упараться, то, возможно, там уже можно будет избыточное питание, мне кажется.","Ну или даже больше, у меня могло бы быть три часа нагрузки, три часа бега в сутки - это уже много. Я там действительно мог съесть бургер, так что тут тоже, если вы захотите потом ещё сильнее упараться, то, возможно, там уже можно будет избыточное питание, мне кажется.",0.14,0.22
gemma_3n_e4b,test_00014.wav,что то происходит не так в очень редком количестве случаев и это вот самое неприятное то есть у тебя там в 99 случаев все работает нормально но вот при таких входных данных система там встает в ступор выполняет это в 10 раз дольше и так далее и тому подобное и ты такой хм как поймать,"Что-то происходит не так в очень редком количестве случаев. Это вот самое неприятное. То есть у 99 в 99% случаев всё работает нормально, но вот при таких входных данных система там встаёт в ступор, выполняет это в 10 раз дольше и так далее, там подобное. И ты такой: ""Мм, как поймать?""","Что-то происходит не так в очень редком количестве случаев. Это вот самое неприятное. То есть у 99 из 99% случаев всё работает нормально, но вот при таких входных данных система встаёт в ступор, выполняет это в 10 раз дольше и так далее, там подобное. И ты такой: ""Мм, как поймать?""",0.1455,0.1818
gemma_3n_e4b,test_00015.wav,а это подробности получается именно того как работают форматы музыкальные для соответственно звука или как ты имеешь в виду про перекодировку и почему возникают расхождения или что да да да ну то есть вот ты сказал что даже если мы возьмем там не знаю битрейт поменяем у нас уже изменится и у нас побитового сравнения не получится,"А это подробности, получается, именно того, как работают форматы музыкальные для соответственно звука или как? Ты имеешь в виду про перекодировку и почему возникает расхождение или что? Да, да, да. Ну то есть вот ты сказал то, что даже если мы возьмём там, не знаю, битрейт поменяем, у нас уже изменится, у нас по битову сравнение не получится.","А это подробности, получается, именно того, как работают форматы музыкальные для соответственно звука или как? Ты имеешь в виду про перекодировку и почему возникает расхождение или что? Да, да, да. Ну то есть вот ты сказал то, что даже если мы возьмём там, не знаю, битрейт поменяем, у нас уже изменится, у нас по битам сравнение не получится.",0.1404,0.1404
gemma_3n_e4b,test_00016.wav,то в силу того что люди не способны особенно непрофессионалы в точности напевать мелодии соблюдая высоты тайминги между нотами а именно на это я думаю будет обращать внимание алгоритм пытаясь вот построить это преобразование то здесь мы неизбежно будем сталкиваться с тем что какой то диапазон различимых мелодий будет не очень большой,"То, в силу того, что люди, не способные, особенно не профессионалы, точности напивать мелодии, соблюдая высоты, тайминги между нотами, а именно на это, я думаю, будет обращать внимание алгоритм, пытаясь вот построить это приказание, то здесь мы неизбежно будем сталкиваться с тем, что какой-то диапазон развичимых мелодий он будет не очень большой.","То, в силу того, что люди, не способные, особенно не профессионалы, не способны напивать мелодии, соблюдая высоты и тайминги между нотами, а именно на это, я думаю, будет обращать внимание алгоритм, пытаясь вот построить это приказание, то здесь мы неизбежно будем сталкиваться с тем, что какой-то диапазон воспроизводимых мелодий он будет не очень большой.",0.1346,0.1923
gemma_3n_e4b,test_00017.wav,и между ними может быть какое то количество дискретных столбиков где каждый столбик это своя частота это если совсем упрощать ну ты что то типа эквалайзера рассказал да да да по сути обычный эквалайзер,"Ими жение может быть какое-то количество дискретных столбиков, где каждый столбик - это своя частота. Если совсем упрощать. Ну ты что-то типа эквалайзера рассказал. Да, да, да, по сути обычный эквалайзер.","Имение может быть какое-то количество дискретных столбиков, где каждый столбик - это своя частота. Если совсем упрощать, ну ты что-то типа эквалайзера рассказал. Да, да, да, по сути обычный эквалайзер.",0.1176,0.1176
gemma_3n_e4b,test_00018.wav,вот пришел запрос мы для него нашли пул кандидатов треков кандидатов и на самом деле из этого пула кандидатов правильный ответ если он даже есть там один или там несколько если там есть дубликаты этого трека в базе а все остальное это вообще говоря другие треки но мы можем посчитать какая похожесть,"Вот пришёл запрос, мы для него нашли пул кандидатов, треков кандидатов, и на самом деле, из этого пула кандидатов правильный ответ, если он даже есть там, один или там несколько из там есть дубликаты этого трека в базе, а всё остальное это вообще говоря другие треки. Но мы можем посчитать, какая похожесть","Вот пришёл запрос, мы для него нашли пул кандидатов, треков кандидатов, и на самом деле, из этого пула кандидатов правильный ответ, если он даже есть там, один или там несколько, там есть дубликаты этого трека в базе, а всё остальное это вообще говоря другие треки. Но мы можем посчитать, какая похожесть.",0.0577,0.0577
gemma_3n_e4b,test_00019.wav,выводы о том какой следующий шаг надо сделать alphazero как раз вот если говорить о stockfish движке это появилось года четыре пять лет назад и по моему там история такая что за сутки она обучилась через сутки смогла обыгрывать уже гроссмейстеров,"выводы, потом какой следующий шаг надо сделать. Альфа-Зиро, как раз, вот если говорить про Stockfish, движке, это появилось где-то 4-5 лет назад, и, по-моему, там история такая, что за сутки она обучилась, через сутки могла бы играть уже гроссмейстера.","Выводы, потом какой следующий шаг надо сделать. Альфа-Зиро, как раз, вот если говорить про Stockfish, движке, это появилось где-то 4-5 лет назад, и, по-моему, там история такая, что за сутки она обучилась, через сутки могла бы играть уже гроссмейстера.",0.3171,0.3171
gemma_3n_e4b,test_00020.wav,то есть мы в каждый момент времени знаем про звук еще какое то такое распределение частот и связано это с тем что наше ухо на самом деле примерно так же и воспринимает звук то есть мы не просто амплитуду понимаем что вот где то там громче где то тише а наше ухо еще понимает что вот этот звук выше этот ниже этот голос более высокий этот голос низкий,"То есть мы в каждом моменте времени знаем про звук ещё и какое-то такое распределение частот, и связано это с тем, что наше ухо на самом деле примерно так же и воспринимает звук. То есть мы не просто амплитуду понимаем, что вот где-то там громче, где-то тише, а наше ухо ещё понимает, что вот этот звук выше, этот ниже, этот голос более высокий, этот голос низкий.","То есть мы в каждом моменте времени знаем про звук ещё и какое-то такое распределение частот, и связано это с тем, что наше ухо на самом деле примерно так же и воспринимает звук. То есть мы не просто амплитуду понимаем, что вот где-то там громче, где-то тише, а наше ухо ещё понимает, что вот этот звук выше, этот ниже, этот голос более высокий, этот голос низкий.",0.0735,0.0735
gemma_3n_e4b,test_00021.wav,я точно знаю у нас сейчас есть клиенты которые даже там на warning statement ы в наших логах реагируют такие о вы начали тут warning писать а у нас наши системы реагируют на то что warning и которые мы не знаем появляются в логах нам это мешает можете убрать,"Я точно знаю, у нас есть клиенты, которые даже там на warning statements в наших логах, э, реагируют такие: ""О, вы начали это warning писать, а у нас наша система реагирует на то, что warning-и, которые мы не знаем, появляются в логах"". Нам это мешает. Можете убрать?","Я точно знаю, у нас есть клиенты, которые даже там на warning statements в наших логах, э, реагируют такие: ""О, вы начали это warning писать, а у нас наша система реагирует на то, что warning-и, которые мы не знаем, появляются в логах"". Нам это мешает. Можете убрать?",0.1633,0.1633
gemma_3n_e4b,test_00022.wav,когда у тебя система либо становится распределенной либо асинхронной внутри что по большому счету для целей нашего разговора практически одно и то же у тебя вот эта последовательность выполнения она теряется то есть грубо говоря тебе пришел какой то запрос ты можешь его положить в очередь для клиента и потом что то сделать,"Когда у тебя система либо становится распределённой, либо асинхронной внутри, то, по большому счёту, для целей нашего разговора практически одно и то же. У тебя вот эта последовательность выполнения, она теряется? То есть, грубо говоря, ты прошёл какой-то запрос, можешь его положить в очередь для клиента и потом что-то сделать?","Когда у тебя система либо становится распределённой, либо асинхронной внутри, то, по большому счёту, для целей нашего разговора практически одно и то же. У тебя вот эта последовательность выполнения, она теряется? То есть, грубо говоря, ты прошёл какой-то запрос, можешь его положить в очередь для клиента и потом что-то сделать?",0.1132,0.1132
gemma_3n_e4b,test_00023.wav,то в силу того что люди не способны особенно непрофессионалы в точности напевать мелодии соблюдая высоты тайминги между нотами а именно на это я думаю будет обращать внимание алгоритм пытаясь вот построить это преобразование то здесь мы неизбежно будем сталкиваться с тем что какой то диапазон различимых мелодий будет не очень большой,"То, в силу того, что люди, не способные, особенно не профессионалы, точности напивать мелодии, соблюдая высоты, тайминги между нотами, а именно на это, я думаю, будет обращать внимание алгоритм, пытаясь вот построить это приказание, то здесь мы неизбежно будем сталкиваться с тем, что какой-то диапазон развичимых мелодий он будет не очень большой.","То, в силу того, что люди, не способные, особенно не профессионалы, не способны напивать мелодии, соблюдая высоты и тайминги между нотами, а именно на это, я думаю, будет обращать внимание алгоритм, пытаясь вот построить это приказание, то здесь мы неизбежно будем сталкиваться с тем, что какой-то диапазон воспроизводимых мелодий он будет не очень большой.",0.1346,0.1923
gemma_3n_e4b,test_00024.wav,то как бы но зачем здесь смотреть в логи прошлой версии системы там все равно же все не так работает это уже все старье надо новое смотреть вот я бы как раз тут не согласился мне скорее всего понадобятся логи предыдущего состояния системы если что то вдруг выкатили и оно стало работать не так как мы ожидали,"То как бы ну зачем я смотрю влоги прошлой версии системы, там сейчас уже всё не так работает. Это же всё старьё, надо новое смотреть. Вот я как раз тут не согласился, мне скорее всего понадобятся логи предыдущего состояния системы, если что-то вдруг выкатили и оно стало работать не так, как мы ожидали.","То как бы ну зачем я смотрю влоги прошлой версии системы, там сейчас уже всё не так работает. Это же всё старьё, надо новое смотреть. Вот я как раз тут не согласился, мне скорее всего понадобятся логи предыдущего состояния системы, если что-то вдруг выкатили и оно стало работать не так, как мы ожидали.",0.2281,0.2281
gemma_3n_e4b,test_00025.wav,и поэтому использовать их в повседневности не получается мы вынуждены поступать зачастую интуитивно,И поэтому в повседневности не получается. Мы вынуждены поступать зачастую интуитивно.,И поэтому в повседневности не получается. Мы вынуждены поступать зачастую интуитивно.,0.1538,0.1538
gemma_3n_e4b,test_00026.wav,что если зуб в результате развития кариеса разрушен до 40 то его возможно восстановить пломбой то есть композитным материалом реставрацией ну это пластмасса по существу,"Что, если зуб в результате развития кариеса разрушен до 40%, то его возможно восстановить пломбой, то есть композитным материалом, реставрацией. Это пластик по существу.","Что, если зуб в результате развития кариеса разрушен до 40%, то его возможно восстановить пломбой, то есть композитным материалом, реставрацией. Это пластик по существу.",0.08,0.08
gemma_3n_e4b,test_00027.wav,на примере может быть для тех кто ни разу с этим не сталкивался а я там не знаю как мобильный разработчик например последние сколько то лет сижу и думаю ну у меня логи там ну куда нибудь в centric могут отправиться обычно я вижу что у меня в какой нибудь google play прилетели краши и я просто по названию exception а захожу туда где мне нужно найти логи ctrl c ctrl v найти нахожу конкретные логи все типа конец больше мне делать ничего не нужно,"Например, может быть, для тех, кто с этим никогда не сталкивался, а я там, не знаю, как мобильный разработчик, например, э последние сколько-то лет сижу и думаю, ну, у меня логи там куда-нибудь в центр мозга отправятся. Обычно я вижу, что мне в какой-нибудь Google Play прилетели краши. Я просто по названию эксепшена захожу туда, где нужно найти логи, Ctrl-C, Ctrl-V, найти, нахожу конкретные логи, всё, типа, конец. Больше мне делать ничего не нужно.","Например, может быть, для тех, кто с этим никогда не сталкивался, а я там, не знаю, как мобильный разработчик, например, последние сколько-то лет сижу и думаю, ну, у меня логи там куда-нибудь в центр мозга отправятся. Обычно я вижу, что мне в какой-нибудь Google Play прилетели краши. Я просто по названию эксепшена захожу туда, где нужно найти логи, Ctrl+C, Ctrl+V, найти, нахожу конкретные логи, всё, типа, конец. Больше мне делать ничего не нужно.",0.2,0.1882
gemma_3n_e4b,test_00028.wav,максимально ухудшить идеальную систему вводя туда какие то элементы или условия чтобы итоговая результат должен быть такой мы должны в 22 раза замедлить нашу разработку,"Максимально ухудшить идеальную систему, в воде туда какие-то элементы или условия, чтобы итоговый результат должен быть такой: мы должны в 22 раза замедлить нашу разработку.","Максимально ухудшить идеальную систему, во внедрении туда какие-то элементы или условия, чтобы итоговый результат должен быть такой: мы должны в 22 раза замедлить нашу разработку.",0.12,0.12
gemma_3n_e4b,test_00029.wav,и вот такая архитектура долгое время доминировала ее пытались модифицировать в двухтысячных годах произошел определенный прорыв в области обучения глубоких нейронных сетей с легкой руки джеффри хинтона и его ученика рустама салахутдинова и стали активно использовать вместо скрытых марковских моделей на акустико фонетическом уровне многослойные нейронные сети либо многослойные персептроны либо сверточные нейронные сети,"И вот такая архитектура долгое время доминировала. Её пытались модифицировать. В 2000-х годах произошёл определённый прорыв в области обучения глубоких нейронных сетей, лёгкой руки Джеффри Хинтона и его ученика Ростома Самаслодина, и стали активно использовать вместо скрытых марковских моделей на акустическом уровне многослойные нейронные сети, либо многослойные перцептроны, либо свёрточные нейронные сети.","И вот такая архитектура долгое время доминировала. Её пытались модифицировать. В 2000-х годах произошёл определённый прорыв в области обучения глубоких нейронных сетей, лёгкой руки Джеффри Хинтона и его ученика Ростома Самаслодина, и стали активно использовать вместо скрытых марковских моделей на акустическом уровне многослойные нейронные сети, либо многослойные перцептроны, либо свёрточные нейронные сети.",0.2407,0.2407
gemma_3n_e4b,test_00030.wav,убрали весь формализм всю регулярность а это essence мы до этого обсуждали что такое one on one и эти три признака выбыли как характеризующие мы убираем регулярность мы убираем формализм ну вы можете в произвольной форме пообщаться все и это больше не one on one вы просто пообщались,"Убрали весь формализм, всю регулярность, а это эссенс. Мы до этого обсуждали что-то one-on-one, и эти три признака э-э выбрали как характеризующие. Мы убираем регулярность, мы убираем формализм, ну вы можете в произвольной форме общаться. Всё, это больше не one-on-one. Вы просто пообщались.","Убрали весь формализм, всю регулярность, а это эссенс. Мы до этого обсуждали one-on-one, и эти три признака выбрали как характеризующие. Мы убираем регулярность, мы убираем формализм, ну вы можете в произвольной форме общаться. Всё, это больше не one-on-one. Вы просто пообщались.",0.1667,0.1458
gemma_3n_e4b,test_00031.wav,но не все индустрии в одинаковом состоянии они прошли немножко разный путь у меня такой вопрос перед тем как мы начнем набрасывать и в общем закапывать одну индустрию за другой выявлять дисфункции и так далее у меня есть предложение как то договориться на тему того а что мы называем качественным менеджментом как понять что один менеджмент качественный а другой нет,"Но не все индустрии в одинаковом состоянии. Они прошли немножко разный путь. У меня такой вопрос, прежде чем мы начнём набрасывать и в общем закладывать одну индустрию за другой, э выявлять дисфункции и так далее, у меня есть предложение как-то договориться на тему того, а что мы называем качеством менеджментом, как понять, что один менеджмент качественный, а другой нет?","Но не все индустрии в одинаковом состоянии. Они прошли немножко разный путь. У меня такой вопрос, прежде чем мы начнём набрасывать и в общем закладывать одну индустрию за другой, выявлять дисфункции и так далее, у меня есть предложение как-то договориться на тему того, а что мы называем качественным менеджментом, как понять, что один менеджмент качественный, а другой нет?",0.1167,0.0833
gemma_3n_e4b,test_00032.wav,и получаем очень много вот таких широты знаний и мне кажется что все остальные причины которые тут можно привести они уже вытекают отсюда ну во первых когда мы смотрим на языки программирования мы всегда видим что они очень тесно между собой связаны,"и э получаем очень много вот таких э широты знаний. И мне кажется, что все остальные причины, которые тут можно привести, они уже вытекают отсюда. Ну, во-первых, когда мы смотрим на языки программирования, мы всегда видим, что они очень тесно между собой связаны.","И э получаем очень много вот таких э широты знаний. И мне кажется, что все остальные причины, которые тут можно привести, они уже вытекают отсюда. Ну, во-первых, когда мы смотрим на языки программирования, мы всегда видим, что они очень тесно между собой связаны.",0.0476,0.0476
gemma_3n_e4b,test_00033.wav,он как раз говорил примерно следующее к сожалению мы не все можем измерить но проблема в том что мы вынуждены управлять тем чего измерить не можем,"Он как раз говорил примерно следующее: К сожалению, мы не всё можем измерить, но проблема в том, что мы вынуждены управлять тем, чего измерить не можем.","Он как раз говорил примерно следующее: К сожалению, мы не всё можем измерить, но проблема в том, что мы вынуждены управлять тем, чего измерить не можем.",0.0385,0.0385
gemma_3n_e4b,test_00034.wav,а можно задать тебе вопрос да конечно что тебе нравится больше чем спать спокойно по ночам зная что твой сон охраняет observability нашего биллинга podlodka crew построенное на телеграме,"Можно задать вам вопрос? Да, конечно. Что тебе нравится больше, чем спать спокойно по ночам, зная, что твой сон охраняет обсервибилити нашего билнинга подлодки крю, построенная на Telegrame?","Можно задать вам вопрос? Да, конечно. Что тебе нравится больше, чем спать спокойно по ночам, зная, что твой сон охраняет observability нашего billing'а подлодки, построенная на Telegram?",0.2759,0.2414
gemma_3n_e4b,test_00035.wav,максимально ухудшить идеальную систему вводя туда какие то элементы или условия чтобы итоговая результат должен быть такой мы должны в 22 раза замедлить нашу разработку,"Максимально ухудшить идеальную систему, в воде туда какие-то элементы или условия, чтобы итоговый результат должен быть такой: мы должны в 22 раза замедлить нашу разработку.","Максимально ухудшить идеальную систему, во внедрении туда какие-то элементы или условия, чтобы итоговый результат должен быть такой: мы должны в 22 раза замедлить нашу разработку.",0.12,0.12
gemma_3n_e4b,test_00036.wav,большой объем знаний который дается в интересной форме и из за этого метода преподношения он воспринимается лучше,"А большой объём знаний, который даётся в интересной форме, и из-за этого метода преподавания он воспринимается лучше.","А большой объём знаний, который даётся в интересной форме, и из-за этого метода преподавания он воспринимается лучше.",0.2353,0.2353
gemma_3n_e4b,test_00037.wav,ты не можешь сразу как это на большом чане ну просто дорого будет делать сразу на большом чане культивацию большого количества клеток,"Ты не можешь сразу как-то на большом чае, просто дорого будет делать сразу на большом чае, э, культивацию большого количества клеток.","Ты не можешь сразу как-то на большом чае, просто дорого будет делать сразу на большом чае, э, культивацию большого количества клеток.",0.2273,0.2273
gemma_3n_e4b,test_00038.wav,а если эти зубы в зоне улыбки то сразу ставят коронку в один день сразу это занимает ну обычно час спланированная манипуляция занимает обычно час,"А есть эти зубы в зоне улыбки, то сразу ставят коронку. В один день, сразу. Это занимает, но обычно час. Спланированная манипуляция занимает обычно час.","А есть эти зубы в зоне улыбки, то сразу ставят коронку. В один день, сразу. Это занимает, но обычно час. Спланированная манипуляция занимает обычно час.",0.08,0.08
gemma_3n_e4b,test_00039.wav,всем привет друзья с вами подкаст подлодка меня зовут женя кателла со мной сегодня стас цыганов стас привет,"Всем привет, друзья. С вами подкаст Подлодка. Меня зовут Женя Котелова. Со мной сегодня Стас Цыганов, Стас.","Всем привет, друзья. С вами подкаст Подлодка. Меня зовут Женя Котелова. Со мной сегодня Стас Цыганов, Стас.",0.1111,0.1111
gemma_3n_e4b,test_00040.wav,то есть вот нужно доверять учителю с опытом и тут вот это самое главное не мешать ему работать то есть да вот рекомендация вы решите что кого вы будете рекомендовать и потом уже на этот вопрос отвечайте,"То есть вот нужно доверять учителю с опытом. И тут вот это самое главное - не мешать ему работать. То есть да, вот рекомендации. Вы решите, что кого вы будете рекомендовать. И потом уже на этот вопрос отвечайте.","То есть вот нужно доверять учителю с опытом. И тут вот это самое главное - не мешать ему работать. То есть да, вот рекомендации. Вы решите, кого вы будете рекомендовать. И потом уже на этот вопрос отвечайте.",0.027,0.0541
gemma_3n_e4b,test_00041.wav,это волчанка да но давайте вот про это я не буду сегодня я готов больше про раковые клетки просто потому что про них лучше изучал да я не думаю что есть принципиальное отличие в производстве,"Это волчанка, да, но давайте вот про это я не буду сегодня готов больше проракивать клетки, просто потому что про них лучше ещё. Да. Я не думаю, что есть принципиальное отличие в производстве","Это волчанка, да, но давайте вот про это я не буду сегодня готов больше проракивать клетки, просто потому что про них лучше ещё. Да. Я не думаю, что есть принципиальное отличие в производстве.",0.1143,0.1143
gemma_3n_e4b,test_00042.wav,и поэтому использовать их в повседневности не получается мы вынуждены поступать зачастую интуитивно,И поэтому в повседневности не получается. Мы вынуждены поступать зачастую интуитивно.,И поэтому в повседневности не получается. Мы вынуждены поступать зачастую интуитивно.,0.1538,0.1538
gemma_3n_e4b,test_00043.wav,ну просто чтобы какое то разумное его количество чтобы можно было его не искать и для скорости да просто это нужно делать там за какие то не знаю сотни миллисекунд ну там за секунды то есть сам поиск работает достаточно быстро и если мы будет вальяжно с каждым треком сравнивать это это просто неподъемно даже на каком то кластере поисковом это невозможно так,"Ну просто чтобы какое-то разумное и волокалическое, что можно было бы мне искать. И для скорости, да, просто это нужно делать там за какие-то, не знаю, сотни миллисекунд, там до секунды. То есть, э сам поиск работы достаточно быстрый, и если мы будем вольжано скажем, трек-он сравнивать, это просто неподъёмно даже на каком-то кластере поисковом, это невозможно так.","Ну просто чтобы какое-то разумное и волокалическое, что можно было бы мне искать. И для скорости, да, просто это нужно делать там за какие-то, не знаю, сотни миллисекунд, там до секунды. То есть, сам поиск работы достаточно быстрый, и если мы будем, скажем, трек-он сравнивать, это просто неподъемно даже на каком-то кластере поисковом, это невозможно так.",0.2698,0.2381
gemma_3n_e4b,test_00044.wav,и мне кажется абсолютно все замечали что детские крики раздражают там и ты на них обращаешь внимание намного сильнее чем какие то низкие частоты здесь кажется то что ну наверное из этого следует что высокие частоты мы слышим там и распознаем лучше чем например низкие,"И, мне кажется, абсолютно все замечали, что детские крики раздражают там и ты на них обращаешь внимание намного сильнее, чем какие-то низкие частоты. Здесь кажется, что, ну, наверное, из этого следует, что высокие частоты мы слышим там и распознаём лучше, чем, например, низкие.","И, мне кажется, абсолютно все замечали, что детские крики раздражают там, и ты на них обращаешь внимание намного сильнее, чем какие-то низкие частоты. Здесь кажется, что, ну, наверное, из этого следует, что высокие частоты мы слышим там и распознаём лучше, чем, например, низкие.",0.0444,0.0444
gemma_3n_e4b,test_00045.wav,и вводить его нужно на сайте podlodka io gocrew вот и позвали поговорить про observability мы михаила дружинина михаил engineering manager в компании datadog управляет разработкой всех клиентских библиотек на восьми языках разработки для application performance мониторинга и distributed трейсинга,"И вводить его нужно на сайте podlota.os/go/krю. Вот. И позвали поговорить про Observability. Мы Михаил Дружнин, Михаил, Engineering Manager в компании DataDog, управляет разработкой всех клиентских библиотек на восьми языках разработки для Application Performance Monitoring и Distributed Tracing.","И вводить его нужно на сайте podlota.os/go/krю. Вот. И позвали поговорить про Observability. Мы Михаил Дружнин, Михаил, Engineering Manager в компании DataDog, управляю разработкой всех клиентских библиотек на восьми языках разработки для Application Performance Monitoring и Distributed Tracing.",0.2,0.225
gemma_3n_e4b,test_00046.wav,где важны будут классы насколько я вообще java понимаю там ты без классов никуда не двинешься и там ну как бы хочешь не хочешь у тебя будут классы это первое а второе я считаю что если этого требует архитектура то пусть это будет класс например это фабрика или какой то билдер,"где должны быть классы. Э насколько я вообще Java понимаю, там ты без классов никуда не двинешься. И там, ну, как бы, хочешь-не хочешь, у тебя будут классы. Это первое. А второе, э я считаю, что если этого э требует э архитектура, то пусть это будет класс. Например, это фабрика или какой-то билдер.","Где должны быть классы? Э насколько я вообще Java понимаю, там ты без классов никуда не двинешься. И там, ну, как бы, хочешь-не хочешь, у тебя будут классы. Это первое. А второе, э я считаю, что если этого э требует э архитектура, то пусть это будет класс. Например, это фабрика или какой-то билдер.",0.1176,0.1176
gemma_3n_e4b,test_00047.wav,установка куплена для врача а врач поймет врач поймет что он ездит на мерседесе и приезжает на работу как бы все хорошо вот это все мелочи но они формируют поэтому питать иллюзию о том что будет очень крутой врач в очень дешевом месте ну как бы очень маловероятно и я когда был молодым специалистом меня сильно возмущала цена имплантации в америке прям сильно возмущала блин то же самое в четыре раза дороже не может быть,"Установка куплена для врача. А врач поймёт, что он ездит на Мерседесе и приезжает на работу, как бы всё хорошо. Вот, это всё мелочи, но они формируют. Поэтому питать иллюзию о том, что будет очень крутой врач в очень дешёвом месте, ну, как бы, очень маловероятно. И я когда был молодым специалистом, меня сильно возмущала цена имплантации в Америке, прям сильно возмущала. Это было, блин, тоже самое, в четыре раза дороже, не может быть.","Установка куплена для врача. А врач поймёт, что он ездит на Мерседесе и приезжает на работу, как бы всё хорошо. Вот, это всё мелочи, но они формируют. Поэтому питать иллюзию о том, что будет очень крутой врач в очень дешёвом месте, ну, как бы, очень маловероятно. И я когда был молодым специалистом, меня сильно возмущала цена имплантации в Америке, прямо сильно возмущала. Это было, блин, тоже самое, в четыре раза дороже, не может быть.",0.1333,0.1467
gemma_3n_e4b,test_00048.wav,и он еще мелкий был то есть я быстрее смогу и он талантливый на самом деле я тебе так скажу там ключевое будет играть это талант там не то что ты возьмешь выучишь подготовишься там уже играет составляющая таланта именно что ты действительно обыгрываешь уже да я бы все таки тут предложил бы немножко эту идею закопать почему потому что у меня опять же нет статы но насколько помню там есть какая то корреляция да достаточно сильная между условно возрастом и рейтингом,"И он ещё мелкий был, то есть я быстрее смогу. И он талантливый. На самом деле, это так скажем, там ключевое будет играть этот талант. Там не то что ты возьмёшь, выучишь, подготовишься, там уже играет, составляющий талант, именно, что действительно обыгрываешь уже, да. Я бы всё-таки тут предложил бы немножко это видео зарыть, почему? Потому что у меня опять же нет статьи, но насколько помню, там есть какая-то корреляция достаточно сильная между, условно, возрастом и рейтингом.","И он ещё мелкий был, то есть я быстрее смогу. И он талантливый. На самом деле, это так скажем, там ключевое будет играть этот талант. Там не то что ты возьмёшь, выучишь, подготовишься, там уже играет, составляющий талант, именно что действительно обыгрываешь уже, да. Я бы всё-таки тут предложил бы немножко это видео зарыть, почему? Потому что у меня опять же нет статьи, но насколько помню, там есть какая-то корреляция достаточно сильная между, условно, возрастом и рейтингом.",0.1829,0.1829
gemma_3n_e4b,test_00049.wav,практически не знаю насколько булшитно это прозвучит скорее бизнесово ориентированный пайплайн который сырые технические данные превращает в информацию для принятия решений каких то там оперативных здесь и сейчас возможно или там в будушем да технический бизнесовый инструмент который позволяет тебе управлять своей системой и позволяет тебе понимать а что же происходит внутри нее,"практически, из-за насколько это больше шитно развито, скорее, бизнесовый ориентированный пайплайн, который сырые технические данные превращает в информацию для принятия решений каких-то там оперативных здесь и сейчас, возможные или там будущем. Да, технически бизнесовый инструмент, который позволяет тебе управлять своей системой и позволяет тебе понимать, а что же происходит внутри неё.","Практически, из-за насколько это больше развито, скорее, бизнесовый ориентированный пайплайн, который сырые технические данные превращает в информацию для принятия решений, каких-то там оперативных здесь и сейчас, возможных или там в будущем. Да, технически бизнесовый инструмент, который позволяет тебе управлять своей системой и позволяет тебе понимать, что же происходит внутри неё.",0.2264,0.2075
whisper-small-int8_beam1,test_00000.wav,не я делал карты потом я ушел делать яндекс поиск потом этот яндекс поиск стал яндекс браузером там я руководил группой,"Не, я делал карты, потом я ушел делать Яндекс. поэск, потом этот Яндекс. поэск стал Яндекс. браузером, там я руководил группой.","Не, я делал карты, потом я ушел делать Яндекс. Поиск, потом этот Яндекс. Поиск стал Яндекс. Браузером, там я руководил группой.",0.0952,0.0
whisper-small-int8_beam1,test_00001.wav,егор мне перед выпуском уже показывал в гости мы сегодня позвали даню пилина создателя онлайн школы по шахматам skyeng product owner а и сейчас развивает стартап по лидогенерации,"Егор мне перед выпуском уже показывал. В гости мы сегодня позвали Даню Пилина, создателя онлайн школы по шахматам Скайанг, продуктовнера и сейчас развивает стартап по лидогенерации.","Егор мне перед выпуском уже показывал. В гости мы сегодня позвали Даню Пилина, создателя онлайн-школы по шахматам Скайанг, продюсера и сейчас развивает стартап по лидогенерации.",0.1429,0.1429
whisper-small-int8_beam1,test_00002.wav,это очень хороший вопрос вот ну вы правы потому что 500 часов на разборах падений вот я достаточно долгое время работал в aws aws очень хорошая практика именно того как мы смотрим на операции различные системы что мы делаем когда они падают что мы делаем когда они не падают что мы делаем чтобы они не падали вот идеально вообще очень хорошо когда они не падают и сейчас я занимаюсь как раз application performance мониторингом в компании datadog то есть,"Это очень хороший вопрос, но выправа потому, что 500 часов на разборах падений, я достаточно долгое время работал в AWS. В AWS очень хорошая практика именно того, как мы смотрим на операции различных систем, что мы делаем, когда они падают, что мы делаем, когда они не падают, что мы делаем, чтобы они не падали. Вот, идеально вообще. Очень хорошо, когда они не падают. И сейчас я занимаюсь как раз аппликающим перформансмодитовингом в компании Data.Doc.","Это очень хороший вопрос, но вы, правда, потому что 500 часов на разборах падений, я достаточно долгое время работал в AWS. В AWS очень хорошая практика именно того, как мы смотрим на операции различных систем, что мы делаем, когда они падают, что мы делаем, когда они не падают, что мы делаем, чтобы они не падали. Вот, идеально вообще. Очень хорошо, когда они не падают. И сейчас я занимаюсь аппликационным перформанс-мониторингом в компании Data.Doc.",0.1772,0.1772
whisper-small-int8_beam1,test_00003.wav,мой любимый фокус observability мы понимаем когда системе станет плохо грубо говоря в два часа ночи ваша система упадет с отказом по памяти будьте готовы к этому пожалуйста вот это и есть observability это один ее аспект а второй аспект который для меня на самом деле самый важный обычно мы не знаем что нам нужно знать о системе в тот момент когда мы ее разрабатываем,"мой любимый фокус обзерубилити мы понимаем когда системе станет плохо, грубо говоря, в два часа ночи ваша система упадет с отказом по памяти. Будьте готовы к этому пожалуйста. Вот это и есть обзерубилити, это один ее аспект, а второй аспект который для меня на самом деле самый важный обычно мы не знаем что нам нужно знать о системе в тот момент когда мы ее разрабатываем.","мой любимый фокус observability мы понимаем когда системе станет плохо, грубо говоря, в два часа ночи ваша система упадет с отказом по памяти. Будьте готовы к этому пожалуйста. Вот это и есть observability, это один ее аспект, а второй аспект который для меня на самом деле самый важный обычно мы не знаем что нам нужно знать о системе в тот момент когда мы ее разрабатываем.",0.0308,0.0
whisper-small-int8_beam1,test_00004.wav,потому что по айдишнику клиента уже можно было как то вот эту пачку транзакций связать из разных микросервисов,Потому что поедишнику клиента уже можно было как-то вот эту пачку транзакции связать из разных микросервисов.,Потому что поединку клиента уже можно было как-то вот эту пачку транзакций связать из разных микросервисов.,0.1667,0.1111
whisper-small-int8_beam1,test_00005.wav,ну и еще вопрос такой важный лицензирования openstt недоступен для построения коммерческих моделей только академических а у голоса sberdevices golos там нету никаких ограничений фактически это лицензия близкая к creative commons share alike лицензии как это формулируется и это хорошо,"Ну и еще просто такое важное лицензирование. OpenSTT недоступен для построения коммерческих моделей, только академических. А у голоса, с Бердавайсс, есть голос. Там нет никаких ограничений, фактически это лицензия, близкая к Creative Commons ShareLike лицензии. Я помню, что это молируется. Это хорошо.","Ну и еще просто такое важное лицензирование. OpenSTT недоступен для построения коммерческих моделей, только академических. А у голоса, с Бердавайсс, есть голос. Там нет никаких ограничений, фактически это лицензия, близкая к Creative Commons ShareAlike лицензии. Я помню, что это монетизируется. Это хорошо.",0.4,0.4
whisper-small-int8_beam1,test_00006.wav,мой любимый фокус observability мы понимаем когда системе станет плохо грубо говоря в два часа ночи ваша система упадет с отказом по памяти будьте готовы к этому пожалуйста вот это и есть observability это один ее аспект а второй аспект который для меня на самом деле самый важный обычно мы не знаем что нам нужно знать о системе в тот момент когда мы ее разрабатываем,"мой любимый фокус обзерубилити мы понимаем когда системе станет плохо, грубо говоря, в два часа ночи ваша система упадет с отказом по памяти. Будьте готовы к этому пожалуйста. Вот это и есть обзерубилити, это один ее аспект, а второй аспект который для меня на самом деле самый важный обычно мы не знаем что нам нужно знать о системе в тот момент когда мы ее разрабатываем.","мой любимый фокус observability мы понимаем когда системе станет плохо, грубо говоря, в два часа ночи ваша система упадет с отказом по памяти. Будьте готовы к этому пожалуйста. Вот это и есть observability, это один ее аспект, а второй аспект который для меня на самом деле самый важный обычно мы не знаем что нам нужно знать о системе в тот момент когда мы ее разрабатываем.",0.0308,0.0
whisper-small-int8_beam1,test_00007.wav,вот это первый сигнал его некомпетентности самый правильный способ если у вас там что либо заболело вообще что либо это провести диагностику и попробовать вылечить через упражнения,"Вот это первый сигнал его некомпетентности. Самый правильный способ, если у вас там что-либо заболел вообще что-либо, это провести диагностику и попробовать вылечить через упражнения.","Вот это первый сигнал его некомпетентности. Самый правильный способ, если у вас там что-либо заболело, вообще что-либо, это провести диагностику и попробовать вылечить через упражнения.",0.037,0.0
whisper-small-int8_beam1,test_00008.wav,и вот изначально наша система координат была такова что вот эти клеточки они одинакового размера но потом выяснилось что на самом деле мы расстояние воспринимаем так что чем дальше они от нас эти горы тем расстояние на одну клеточку меньше для нас важно чем вблизи,"И вот изначально наша система координат была такова, что для этих клеточек они одинаково размера. Но потом выяснилось, что на самом деле мы расстояние воспринимаем так, что чем дальше они от нас, эти горы, тем расстояние на одну клеточку меньше для нас важно, чем вблизи.","И вот изначально наша система координат была такова, что для этих клеточек они одинакового размера. Но потом выяснилось, что на самом деле мы расстояние воспринимаем так, что чем дальше они от нас, эти горы, тем расстояние на одну клеточку меньше для нас важно, чем вблизи.",0.0889,0.0667
whisper-small-int8_beam1,test_00009.wav,они просто про разработку и про то как он решает задачи в основном там ruby python чуть чуть shell а однако те подходы которые он использует можно перевести и на свою повседневную жизнь и также на destroyallsoft com есть раздел с выступлениями гарри там есть очень полезный доклад который я всем рекомендую он называется boundaries,"они просто про разработку и про то, как он решает задачу. В основном там Ruby и то он чуть-чуть шелло, однако те подходы, которые он использует, можно перенести и на свою повседневную жизнь. А также на дестрой.com есть раздел с выступлениями Гарри. Там есть очень полезный доклад, который я всем рекомендую. Он называется Boundaries.","они просто про разработку и про то, как он решает задачу. В основном там Ruby и немного shell, однако те подходы, которые он использует, можно перенести и на свою повседневную жизнь. А также на destroy.com есть раздел с выступлениями Гарри. Там есть очень полезный доклад, который я всем рекомендую. Он называется Boundaries.",0.1636,0.1455
whisper-small-int8_beam1,test_00010.wav,и ты такой а тебе приходится делать какие то телодвижения руками потом если у тебя этой связки нет чтобы вытащить информацию,"И ты такой, а, тебе приходится делать какие-то телодвижения руками, потом, если у тебя это связки нет, чтобы вытащить информацию.","И ты такой, а тебе приходится делать какие-то телодвижения руками, потом, если у тебя это связки нет, чтобы вытащить информацию.",0.0476,0.0476
whisper-small-int8_beam1,test_00011.wav,и мне кажется абсолютно все замечали что детские крики раздражают там и ты на них обращаешь внимание намного сильнее чем какие то низкие частоты здесь кажется то что ну наверное из этого следует что высокие частоты мы слышим там и распознаем лучше чем например низкие,"И мне кажется абсолютно все замечали, что детские крики раздражают, и ты на них обращаешь внимание намного сильнее, чем какие-то низкие частоты. Здесь кажется то, что, наверное, из этого следует, что высокие частоты мы слышим, там и распознаем лучше, чем, например, низкие.","И мне кажется абсолютно все замечали, что детские крики раздражают, и ты на них обращаешь внимание намного сильнее, чем какие-то низкие частоты. Здесь кажется то, что, наверное, из этого следует, что высокие частоты мы слышим и распознаем лучше, чем, например, низкие.",0.0444,0.0667
whisper-small-int8_beam1,test_00012.wav,хардкорный доклад самый человек занимается криптографией на swift е поэтому там можно ожидать многих интересных фичей технических деталей но по прежнему из за того что два дня и три треда всегда можно будет найти что посмотреть на том же русском языке если у нас будут такие гости,"Харкорный заклад сам человек занимается криптографией на свежте, поэтому можно ожидать многих интересных технических деталей. Но по-прежнему, из-за того, что два дня и три трэда всегда можно будет найти, чтобы посмотреть на том же русском языке, если у нас будут какие гости.","Харкорный заклад сам человек занимается криптографией на свежести, поэтому можно ожидать многих интересных технических деталей. Но по-прежнему, из-за того, что два дня и три треда всегда можно будет найти, чтобы посмотреть на том же русском языке, если у нас будут какие гости.",0.2128,0.1915
whisper-small-int8_beam1,test_00013.wav,ну или даже больше у меня могло быть три часа нагрузки три часа бега в сутках это уже много я там действительно мог бургер съесть так что тут тоже если вы захотите потом уже профессионально еще сильнее упарываться то возможно там уже можно будет и забить на питание мне кажется,"Ну или даже больше, у меня могло быть три часа нагрузки, три часа бега в сутках, это уже много. Я там действительно мог бургер съесть, так что тут тоже. Если вы захотите потом уже профессионально, еще сильнее упарывать 100, возможно там уже можно будет и забить на питание, мне кажется.","Ну или даже больше, у меня могло быть три часа нагрузки, три часа бега в сутках, это уже много. Я там действительно мог бургер съесть, так что тут тоже. Если вы захотите потом уже профессионально еще сильнее усердно работать, 100%, возможно там уже можно будет и забить на питание, мне кажется.",0.04,0.06
whisper-small-int8_beam1,test_00014.wav,что то происходит не так в очень редком количестве случаев и это вот самое неприятное то есть у тебя там в 99 случаев все работает нормально но вот при таких входных данных система там встает в ступор выполняет это в 10 раз дольше и так далее и тому подобное и ты такой хм как поймать,"Что-то происходит не так в очень редком количестве случаев, и это самое неприятное. То есть у тебя в 99% случаев все работает нормально, но при таких входных данных система встает в ступор, выполняет это в 10 раз дольше и так далее, и так далее. И ты такой, как поймать?","Что-то происходит не так в очень редком количестве случаев, и это самое неприятное. То есть у тебя в 99% случаев все работает нормально, но при таких входных данных система встает в ступор, выполняет это в 10 раз дольше и так далее, и так далее. И ты такой, как поймать?",0.1273,0.1273
whisper-small-int8_beam1,test_00015.wav,а это подробности получается именно того как работают форматы музыкальные для соответственно звука или как ты имеешь в виду про перекодировку и почему возникают расхождения или что да да да ну то есть вот ты сказал что даже если мы возьмем там не знаю битрейт поменяем у нас уже изменится и у нас побитового сравнения не получится,"А это подробности получается именно того, как работают форматы музыкально для соответственно звука или как. Ты имеешь в виду проблокодировку и почему возникает расхождения или что? Да-да-да. То есть вот ты сказал то, что даже если мы возьмем, там не знаю, битрейт поменяем, у нас уже изменится и у нас побитого сравнения не получится.","А это подробности получается именно того, как работают форматы музыкальные, для соответственно звука или как? Ты имеешь в виду проблокировку и почему возникают расхождения или что? Да-да-да. То есть вот ты сказал то, что даже если мы возьмем, там не знаю, битрейт поменяем, у нас уже изменится и у нас побитового сравнения не получится.",0.1228,0.0702
whisper-small-int8_beam1,test_00016.wav,то в силу того что люди не способны особенно непрофессионалы в точности напевать мелодии соблюдая высоты тайминги между нотами а именно на это я думаю будет обращать внимание алгоритм пытаясь вот построить это преобразование то здесь мы неизбежно будем сталкиваться с тем что какой то диапазон различимых мелодий будет не очень большой,"то в силу того, что люди не способны достаточно особо не профессионалы в точности напивать мелодии соблюдая высоты, тайминги между нотами а именно на это, я думаю, будет обращать внимание алгоритм, пытаясь вот построить это припознание то здесь мы неизбежно будем сталкаться тем, что какой-то диапазон различимых мелодий он будет не очень большой","то в силу того, что люди не способны достаточно, особо, не профессионалы в точности записывать мелодии, соблюдая высоты, тайминги между нотами, а именно на это, я думаю, будет обращать внимание алгоритм, пытаясь вот построить это при распознание. То здесь мы неизбежно будем сталкиваться тем, что какой-то диапазон различимых мелодий он будет не очень большой.",0.1731,0.1731
whisper-small-int8_beam1,test_00017.wav,и между ними может быть какое то количество дискретных столбиков где каждый столбик это своя частота это если совсем упрощать ну ты что то типа эквалайзера рассказал да да да по сути обычный эквалайзер,"Им же да не может быть какое-то количество дискретных столбиков, где каждый столбик это своя частота, если совсем упрощать. Ты что-то типа эквалайзера рассказал? Да-да-да, по сути обычный эквалайзер.","Им же да, не может быть какое-то количество дискретных столбиков, где каждый столбик это своя частота, если совсем упрощать. Ты что-то типа эквалайзера рассказал? Да-да-да, по сути обычный эквалайзер.",0.1765,0.1765
whisper-small-int8_beam1,test_00018.wav,вот пришел запрос мы для него нашли пул кандидатов треков кандидатов и на самом деле из этого пула кандидатов правильный ответ если он даже есть там один или там несколько если там есть дубликаты этого трека в базе а все остальное это вообще говоря другие треки но мы можем посчитать какая похожесть,"Вот пришел запрос, мы для него нашли пул кандидатов треков кандидатов. И на самом деле из этого пулу кандидатов правильный ответ, если он даже есть там, одейный или там несколько есть дубликат этого трека в базе. А все остальное это вообще говорят другие треки, но мы можем посчитать какая похожесть","Вот пришел запрос, мы для него нашли пул кандидатов, треков кандидатов. И на самом деле из этого пула кандидатов правильный ответ, если он даже есть там, один или там несколько, есть дубликат этого трека в базе. А все остальное это вообще говорят другие треки, но мы можем посчитать какая похожесть.",0.1154,0.0769
whisper-small-int8_beam1,test_00019.wav,выводы о том какой следующий шаг надо сделать alphazero как раз вот если говорить о stockfish движке это появилось года четыре пять лет назад и по моему там история такая что за сутки она обучилась через сутки смогла обыгрывать уже гроссмейстеров,"выводы в том, какой следующий шаг надо сделать. Альфа Зира как раз, если говорить про стоквиш движки, появилась куда-то 4-5 лет назад. И по-моему, история такая, что за сутки она обучилась, через сутки смогла бы обыгрывать уже Грассмейстеров.","Выводы в том, какой следующий шаг надо сделать. Альфа Зира как раз, если говорить про стоквиш движки, появилась куда-то 4-5 лет назад. И, по-моему, история такая, что за сутки она обучилась, через сутки смогла бы обыгрывать уже гроссмейстеров.",0.3659,0.3415
whisper-small-int8_beam1,test_00020.wav,то есть мы в каждый момент времени знаем про звук еще какое то такое распределение частот и связано это с тем что наше ухо на самом деле примерно так же и воспринимает звук то есть мы не просто амплитуду понимаем что вот где то там громче где то тише а наше ухо еще понимает что вот этот звук выше этот ниже этот голос более высокий этот голос низкий,"то есть мы в каждый момент времени знаем про звук еще и какое-то такое распределение частот и связано это с тем, что наша уха на самом деле примерно так же и воспринимает звук то есть мы не просто амплитуду понимаем что вот где-то там громчик где-то тише а наша уха еще понимает что вот этот звук выше этот ниже этот голос более высокий этот голос низкий","то есть мы в каждый момент времени знаем про звук еще и какое-то такое распределение частот и связано это с тем, что наша ухо на самом деле примерно так же и воспринимает звук то есть мы не просто амплитуду понимаем, что вот где-то там громче, где-то тише, а наша ухо еще понимает, что вот этот звук выше, этот ниже, этот голос более высокий, этот голос низкий.",0.0882,0.0441
whisper-small-int8_beam1,test_00021.wav,я точно знаю у нас сейчас есть клиенты которые даже там на warning statement ы в наших логах реагируют такие о вы начали тут warning писать а у нас наши системы реагируют на то что warning и которые мы не знаем появляются в логах нам это мешает можете убрать,"Я точно знаю, у нас есть клиенты, которые даже на ворнинг-стейтменты в наших логах реагируют такие, «О, вы начали этот ворнинг писать, а у нас наша система реагирует на то, что ворнинги, которые мы не знаем, появляются в логах». Нам это мешает, можете убрать.","Я точно знаю, у нас есть клиенты, которые даже на ворнинг-стейтменты в наших логах реагируют так: «О, вы начали этот ворнинг писать, а у нас наша система реагирует на то, что ворнинги, которые мы не знаем, появляются в логах». Нам это мешает, можете убрать.",0.2449,0.2653
whisper-small-int8_beam1,test_00022.wav,когда у тебя система либо становится распределенной либо асинхронной внутри что по большому счету для целей нашего разговора практически одно и то же у тебя вот эта последовательность выполнения она теряется то есть грубо говоря тебе пришел какой то запрос ты можешь его положить в очередь для клиента и потом что то сделать,"когда у тебя система либо становится распределённой, либо асинхронной внутри, чтобы по большому счёту, для цели нашего разговора практически одно и то же, у тебя вот эта последовательность выполнения, она теряется. То есть, грубо говоря, я пришёл какой-то запрос, ты можешь его положить в очередь для клиента и потом что-то сделать.","когда у тебя система либо становится распределённой, либо асинхронной внутри, чтобы по большому счёту, для цели нашего разговора практически одно и то же, у тебя вот эта последовательность выполнения она теряется. То есть, грубо говоря, я пришёл какой-то запрос, ты можешь его положить в очередь для клиента и потом что-то сделать.",0.1132,0.1132
whisper-small-int8_beam1,test_00023.wav,то в силу того что люди не способны особенно непрофессионалы в точности напевать мелодии соблюдая высоты тайминги между нотами а именно на это я думаю будет обращать внимание алгоритм пытаясь вот построить это преобразование то здесь мы неизбежно будем сталкиваться с тем что какой то диапазон различимых мелодий будет не очень большой,"то в силу того, что люди не способны достаточно особо не профессионалы в точности напивать мелодии соблюдая высоты, тайминги между нотами а именно на это, я думаю, будет обращать внимание алгоритм, пытаясь вот построить это припознание то здесь мы неизбежно будем сталкаться тем, что какой-то диапазон различимых мелодий он будет не очень большой","то в силу того, что люди не способны достаточно, особо, не профессионалы в точности записывать мелодии, соблюдая высоты, тайминги между нотами, а именно на это, я думаю, будет обращать внимание алгоритм, пытаясь вот построить это при распознание. То здесь мы неизбежно будем сталкиваться тем, что какой-то диапазон различимых мелодий он будет не очень большой.",0.1731,0.1731
whisper-small-int8_beam1,test_00024.wav,то как бы но зачем здесь смотреть в логи прошлой версии системы там все равно же все не так работает это уже все старье надо новое смотреть вот я бы как раз тут не согласился мне скорее всего понадобятся логи предыдущего состояния системы если что то вдруг выкатили и оно стало работать не так как мы ожидали,то как бы ну зачем не смотреть в логи прошлой версии системы там все равно же все не так работает это же все старье надо новое смотреть вот я бы как раз тут не согласился мне скорее все понадобится логи предыдущего состояния системы если что-то вдруг выкатили и оно стало работать не так как мы ожидали,"то как бы ну зачем не смотреть в логи прошлой версии системы, там все равно же все не так работает. Это же все старье, надо новое смотреть. Вот я бы как раз тут не согласился, мне скорее всего понадобится логи предыдущего состояния системы, если что-то вдруг выкатили и оно стало работать не так, как мы ожидали.",0.0877,0.0702
whisper-small-int8_beam1,test_00025.wav,и поэтому использовать их в повседневности не получается мы вынуждены поступать зачастую интуитивно,и поэтому использовать их в повседневности не получается. Мы вынуждены поступать зачастую интуитивно.,и поэтому использовать их в повседневности не получается. Мы вынуждены поступать зачастую интуитивно.,0.0,0.0
whisper-small-int8_beam1,test_00026.wav,что если зуб в результате развития кариеса разрушен до 40 то его возможно восстановить пломбой то есть композитным материалом реставрацией ну это пластмасса по существу,"что если зуб в результате развития карицы разрушен до 40%, то его возможно восстановить пломбой, то есть композитным материалом в реставрации. Это пластмасса по существу.","что если зуб в результате развития кариеса разрушен до 40%, то его возможно восстановить пломбой, то есть композитным материалом в реставрации. Это пластмасса по существу.",0.12,0.08
whisper-small-int8_beam1,test_00027.wav,на примере может быть для тех кто ни разу с этим не сталкивался а я там не знаю как мобильный разработчик например последние сколько то лет сижу и думаю ну у меня логи там ну куда нибудь в centric могут отправиться обычно я вижу что у меня в какой нибудь google play прилетели краши и я просто по названию exception а захожу туда где мне нужно найти логи ctrl c ctrl v найти нахожу конкретные логи все типа конец больше мне делать ничего не нужно,"Но примере, может быть, для тех, кто с этим ни разу не сталкивался, а я, там, не знаю, как мобильный разработчик, например, последние сколько-то лет, сижу и думаю, ну, у меня логи там, ну, куда-нибудь в центре могут отправиться, обычно вижу, что мне в какой-нибудь Google Play прилетели кроши, и я просто по названию exception захожу туда, где мне нужно найти логи, Ctrl C, Ctrl V, найти, нахожу конкретные логи, все, типа, конец, больше мне делать ничего не нужно.","На примере, может быть, для тех, кто с этим ни разу не сталкивался, а я, там, не знаю, как мобильный разработчик, например, последние сколько-то лет, сижу и думаю, ну, у меня логи там, ну, куда-нибудь в центре могут отправиться, обычно вижу, что мне в какой-нибудь Google Play прилетели краши, и я просто по названию exception захожу туда, где мне нужно найти логи, Ctrl+C, Ctrl+V, найти, нахожу конкретные логи, все, типа, конец, больше мне делать ничего не нужно.",0.1294,0.1059
whisper-small-int8_beam1,test_00028.wav,максимально ухудшить идеальную систему вводя туда какие то элементы или условия чтобы итоговая результат должен быть такой мы должны в 22 раза замедлить нашу разработку,"максимально ухудшить идеальную систему, вводя туда какие-то элементы или условия, чтобы итоговая результата должна быть такой. Мы должны в 22 раза замедлить нашу разработку.","Максимально ухудшить идеальную систему, вводя туда какие-то элементы или условия, чтобы итоговый результат должен был такой. Мы должны в 22 раза замедлить нашу разработку.",0.08,0.08
whisper-small-int8_beam1,test_00029.wav,и вот такая архитектура долгое время доминировала ее пытались модифицировать в двухтысячных годах произошел определенный прорыв в области обучения глубоких нейронных сетей с легкой руки джеффри хинтона и его ученика рустама салахутдинова и стали активно использовать вместо скрытых марковских моделей на акустико фонетическом уровне многослойные нейронные сети либо многослойные персептроны либо сверточные нейронные сети,"И вот такая архитектура долгое время доминировала. Ее пытались модифицировать. В 2000-х годах произошел определенный прорыв в области обучения глубоких нейронных сетей с техкой руки Джеффри Хинтона и его ученикару Стамасова Худинова. И стали активно использовать вместо скрытых маркерских моделей на акустиковый инициальный уровень многоислоинной нейронной сети, многоислоинной персептронной, либо сверточной нейронной сети.","И вот такая архитектура долгое время доминировала. Ее пытались модифицировать. В 2000-х годах произошел определенный прорыв в области обучения глубоких нейронных сетей с тех пор Джеффри Хинтона и его учениками Стамасова Худинова. И стали активно использовать вместо скрытых марковских моделей на акустический инициальный уровень многослойную нейронную сеть, многослойный персептрон либо сверточную нейронную сеть.",0.3148,0.3519
whisper-small-int8_beam1,test_00030.wav,убрали весь формализм всю регулярность а это essence мы до этого обсуждали что такое one on one и эти три признака выбыли как характеризующие мы убираем регулярность мы убираем формализм ну вы можете в произвольной форме пообщаться все и это больше не one on one вы просто пообщались,"убрали весь формализм, всю регулярность, а это эссент. Мы до этого обсуждали, что такое one-on-one, эти три признака выбрали как характеризующие. Мы убираем регулярность, мы убираем формализм, ну вы можете в произвольной форме общаться. Все, это больше не one-on-one, вы просто пообщались.","убрали весь формализм, всю регулярность, а это эссен. Мы до этого обсуждали, что такое one-on-one, эти три признака выбрали как характеризующие. Мы убираем регулярность, мы убираем формализм, ну вы можете в произвольной форме общаться. Всё, это больше не one-on-one, вы просто пообщались.",0.1042,0.125
whisper-small-int8_beam1,test_00031.wav,но не все индустрии в одинаковом состоянии они прошли немножко разный путь у меня такой вопрос перед тем как мы начнем набрасывать и в общем закапывать одну индустрию за другой выявлять дисфункции и так далее у меня есть предложение как то договориться на тему того а что мы называем качественным менеджментом как понять что один менеджмент качественный а другой нет,"Но не все индустрии в одинаковом состоянии. Они прошли немножко разный путь. У меня такой вопрос перед тем, как мы начнём набрасывать и закапывать одну индустрию из-за другой, выявлять дисфункцию и так далее. У меня есть предложение как-то договориться на тему того, что мы называем качественным менеджментом. Как понять, что один менеджмент качества и другой нет?","Но не все индустрии в одинаковом состоянии. Они прошли немножко разный путь. У меня такой вопрос перед тем, как мы начнём набрасывать и закапывать одну индустрию из-за другой, выявлять дисфункцию и так далее. У меня есть предложение как-то договориться на тему того, что мы называем качественным менеджментом. Как понять, что один менеджмент качества и другой нет?",0.1333,0.1333
whisper-small-int8_beam1,test_00032.wav,и получаем очень много вот таких широты знаний и мне кажется что все остальные причины которые тут можно привести они уже вытекают отсюда ну во первых когда мы смотрим на языки программирования мы всегда видим что они очень тесно между собой связаны,"и получаем очень много вот таких широты знаний. И мне кажется, что все остальные причины, которые тут можно привести, они уже вытекают отсюда. Во-первых, когда мы смотрим на языки программирования, мы всегда видим, что они очень тесно между собой связаны.","и получаем очень много вот таких широты знаний. И мне кажется, что все остальные причины, которые тут можно привести, они уже вытекают отсюда. Во-первых, когда мы смотрим на языки программирования, мы всегда видим, что они очень тесно между собой связаны.",0.0238,0.0238
whisper-small-int8_beam1,test_00033.wav,он как раз говорил примерно следующее к сожалению мы не все можем измерить но проблема в том что мы вынуждены управлять тем чего измерить не можем,"Он как раз говорил примерно следующее. К сожалению, мы не всё можем измерить. Но проблема в том, что мы вынуждены управлять тем, чего измерить не можем.","Он как раз говорил примерно следующее. К сожалению, мы не всё можем измерить. Но проблема в том, что мы вынуждены управлять тем, чего измерить не можем.",0.0385,0.0385
whisper-small-int8_beam1,test_00034.wav,а можно задать тебе вопрос да конечно что тебе нравится больше чем спать спокойно по ночам зная что твой сон охраняет observability нашего биллинга podlodka crew построенное на телеграме,"Можно за тебя вопрос? Да, конечно. Что тебе нравится больше, чем спать спокойно по ночам, зная, что твой сон охраняет абзервабилити нашего билинга под лодкой Крю, построенной на телеграмме?","Можно за тебя вопрос? Да, конечно. Что тебе нравится больше, чем спать спокойно по ночам, зная, что твой сон охраняет observability нашего биллинга под лодкой Крю, построенной на телеграмме?",0.3448,0.2759
whisper-small-int8_beam1,test_00035.wav,максимально ухудшить идеальную систему вводя туда какие то элементы или условия чтобы итоговая результат должен быть такой мы должны в 22 раза замедлить нашу разработку,"максимально ухудшить идеальную систему, вводя туда какие-то элементы или условия, чтобы итоговая результата должна быть такой. Мы должны в 22 раза замедлить нашу разработку.","Максимально ухудшить идеальную систему, вводя туда какие-то элементы или условия, чтобы итоговый результат должен был такой. Мы должны в 22 раза замедлить нашу разработку.",0.08,0.08
whisper-small-int8_beam1,test_00036.wav,большой объем знаний который дается в интересной форме и из за этого метода преподношения он воспринимается лучше,"Большой объем знаний, который дается в интересной форме и из-за этого метода преподношения он воспринимается лучше.","Большой объем знаний, который дается в интересной форме и из-за этого метода преподношения он воспринимается лучше.",0.0,0.0
whisper-small-int8_beam1,test_00037.wav,ты не можешь сразу как это на большом чане ну просто дорого будет делать сразу на большом чане культивацию большого количества клеток,"Ты не можешь сразу как это на большом чане, просто дорого будет делать сразу на большом чане культивацию большого количества клеток.","Ты не можешь сразу как это, просто дорого будет делать сразу на большом чане культивацию большого количества клеток.",0.0455,0.1818
whisper-small-int8_beam1,test_00038.wav,а если эти зубы в зоне улыбки то сразу ставят коронку в один день сразу это занимает ну обычно час спланированная манипуляция занимает обычно час,"А если эти зубы в зоне улыбки, то сразу ставят коронку. В один день. Сразу. Это занимает, но обычно час. Спланированная манипуляция занимает обычный час.","А если эти зубы в зоне улыбки, то сразу ставят коронку. В один день. Сразу. Это занимает, но обычно час. Спланированная манипуляция занимает обычный час.",0.08,0.08
whisper-small-int8_beam1,test_00039.wav,всем привет друзья с вами подкаст подлодка меня зовут женя кателла со мной сегодня стас цыганов стас привет,"Всем привет, друзья! С вами подкаст подлодка, меня зовут Женя Кателла, со мной сегодня Стас Цыганов. Стас, привет!","Всем привет, друзья! С вами подкаст Подлодка, меня зовут Женя Кателла, со мной сегодня Стас Цыганов. Стас, привет!",0.0,0.0
whisper-small-int8_beam1,test_00040.wav,то есть вот нужно доверять учителю с опытом и тут вот это самое главное не мешать ему работать то есть да вот рекомендация вы решите что кого вы будете рекомендовать и потом уже на этот вопрос отвечайте,"То есть нужно доверять учителю с опытом. И тут вот это самое главное. Не мешать ему работать. То есть, да, вот рекомендация. Вы решите, что, кого вы будете рекомендовать. И потом уже на этот вопрос отвечайте.","То есть нужно доверять учителю с опытом. И тут вот это самое главное. Не мешать ему работать. То есть, да, вот рекомендация. Вы решите, кого вы будете рекомендовать. И потом уже на этот вопрос отвечайте.",0.027,0.0541
whisper-small-int8_beam1,test_00041.wav,это волчанка да но давайте вот про это я не буду сегодня я готов больше про раковые клетки просто потому что про них лучше изучал да я не думаю что есть принципиальное отличие в производстве,"Это волчанка, да, но давайте вот про это я не буду сегодня готов больше прораковые клетки просто потому что там не хуже изучал. Да. Я не думаю, что есть принципиальные отличия в производстве.","Это волчанка, да, но давайте вот про это я не буду сегодня готов больше про раковые клетки, просто потому что там не хуже изучал. Да. Я не думаю, что есть принципиальные отличия в производстве.",0.2286,0.1714
whisper-small-int8_beam1,test_00042.wav,и поэтому использовать их в повседневности не получается мы вынуждены поступать зачастую интуитивно,и поэтому использовать их в повседневности не получается. Мы вынуждены поступать зачастую интуитивно.,и поэтому использовать их в повседневности не получается. Мы вынуждены поступать зачастую интуитивно.,0.0,0.0
whisper-small-int8_beam1,test_00043.wav,ну просто чтобы какое то разумное его количество чтобы можно было его не искать и для скорости да просто это нужно делать там за какие то не знаю сотни миллисекунд ну там за секунды то есть сам поиск работает достаточно быстро и если мы будет вальяжно с каждым треком сравнивать это это просто неподъемно даже на каком то кластере поисковом это невозможно так,"Ну просто, чтобы какое-то разумное было количество, что можно было бы не искать. И для скорости, да, просто это нужно делать там за какие-то сотни мере секунд, до секунды. То есть сам поиск работает достаточно быстро, и если мы будем вольяженно с каждым треком сравнивать, то это просто не подъемно даже на каком-то кластере поисковым. Это невозможно так.","Ну просто, чтобы какое-то разумное было количество, что можно было бы не искать. И для скорости, да, просто это нужно делать там за какие-то сотни миллисекунд, до секунды. То есть сам поиск работает достаточно быстро, и если мы будем возиться с каждым треком сравнивать, то это просто не подъемно даже на каком-то кластере поисковым. Это невозможно так.",0.2381,0.2222
whisper-small-int8_beam1,test_00044.wav,и мне кажется абсолютно все замечали что детские крики раздражают там и ты на них обращаешь внимание намного сильнее чем какие то низкие частоты здесь кажется то что ну наверное из этого следует что высокие частоты мы слышим там и распознаем лучше чем например низкие,"И мне кажется абсолютно все замечали, что детские крики раздражают, и ты на них обращаешь внимание намного сильнее, чем какие-то низкие частоты. Здесь кажется то, что, наверное, из этого следует, что высокие частоты мы слышим, там и распознаем лучше, чем, например, низкие.","И мне кажется абсолютно все замечали, что детские крики раздражают, и ты на них обращаешь внимание намного сильнее, чем какие-то низкие частоты. Здесь кажется, что, наверное, из этого следует, что высокие частоты мы слышим и распознаем лучше, чем, например, низкие.",0.0444,0.0889
whisper-small-int8_beam1,test_00045.wav,и вводить его нужно на сайте podlodka io gocrew вот и позвали поговорить про observability мы михаила дружинина михаил engineering manager в компании datadog управляет разработкой всех клиентских библиотек на восьми языках разработки для application performance мониторинга и distributed трейсинга,"И вводить его нужно на сайте подлодка.io.slash.go.crew. И позвали поговорить про абзиробилити. Мы Михаила Дружинина, Михаил инженерег-менеджер в компании DataDoc, управляет разработкой всех клиентских библиотек на восьми языках разработки для аппликейшен-профомос-мониторинга и дистрибютой трейсинга.","И вводить его нужно на сайте подлодка.io/go/crew. И позвали поговорить про observability. Мы Михаил Дружинин, Михаил инженер-менеджер в компании DataDoc, управляет разработкой всех клиентских библиотек на восьми языках разработки для application performance monitoring и distributed tracing.",0.275,0.25
whisper-small-int8_beam1,test_00046.wav,где важны будут классы насколько я вообще java понимаю там ты без классов никуда не двинешься и там ну как бы хочешь не хочешь у тебя будут классы это первое а второе я считаю что если этого требует архитектура то пусть это будет класс например это фабрика или какой то билдер,"где должны быть классы. Насколько я вообще, Джау, понимаю, там ты без классов никуда не двинешься. И там, ну, как бы, хочешь не хочешь, у тебя будут классы. Это первое, а второе, я считаю, что если этого требует архитектура, то пусть это будет класс. Например, это фабрика или какой-то билдер.","Где должны быть классы? Насколько я вообще, Джо, понимаю, там ты без классов никуда не двинешься. И там, ну, как бы, хочешь не хочешь, у тебя будут классы. Это первое, а второе, я считаю, что если этого требует архитектура, то пусть это будет класс. Например, это фабрика или какой-то билдер.",0.0588,0.0588
whisper-small-int8_beam1,test_00047.wav,установка куплена для врача а врач поймет врач поймет что он ездит на мерседесе и приезжает на работу как бы все хорошо вот это все мелочи но они формируют поэтому питать иллюзию о том что будет очень крутой врач в очень дешевом месте ну как бы очень маловероятно и я когда был молодым специалистом меня сильно возмущала цена имплантации в америке прям сильно возмущала блин то же самое в четыре раза дороже не может быть,"Установка куплена для врача. А врач поймет, врач поймет, что он ездит на мерседесе и приезжает на работу. Как бы все хорошо. Вот это все мелочи, но они формируют. Поэтому питать иллюзию о том, что будет очень крутой врач в очень дешевом месте. Ну, как бы очень маловероятно. И я когда был молодым специалистом, меня сильно возмущала цена имплантации в Америке. Прям сильно возмущал. Я думал, блин, то же самое в четыре раз дороже не может быть.","Установка куплена для врача. А врач поймет, врач поймет, что он ездит на мерседесе и приезжает на работу. Как бы все хорошо. Вот это все мелочи, но они формируют. Поэтому питать иллюзию о том, что будет очень крутой врач в очень дешевом месте. Ну, как бы очень маловероятно. И я когда был молодым специалистом, меня сильно возмущала цена имплантации в Америке. Прям сильно возмущал. Я думал, блин, то же самое в четыре раза дороже не может быть.",0.0533,0.04
whisper-small-int8_beam1,test_00048.wav,и он еще мелкий был то есть я быстрее смогу и он талантливый на самом деле я тебе так скажу там ключевое будет играть это талант там не то что ты возьмешь выучишь подготовишься там уже играет составляющая таланта именно что ты действительно обыгрываешь уже да я бы все таки тут предложил бы немножко эту идею закопать почему потому что у меня опять же нет статы но насколько помню там есть какая то корреляция да достаточно сильная между условно возрастом и рейтингом,"И он очень мелкий был, то есть я быстрее смогу. И он талантливый. На самом деле, я тебе так скажу, там ключевое будет играть все этот талант. Там не то, что ты возьмешь, будешь подготовиться, там уже играет оставляющий талант именно. Что тебе действительно обыгрываешь уже, да. Я бы все-таки тут предложил бы немножко эту идею закопать, почему? Потому что у меня опять же не статы, но насколько помню, там есть какая-то корреляция достаточно сильная между взломным возрастом и рейтингом.","И он очень мелкий был, то есть я быстрее смогу. И он талантливый. На самом деле, я тебе так скажу, там ключевое будет играть весь этот талант. Там не то, что ты возьмешь, будешь подготовиться, там уже играет оставляющий талант именно. Что тебе действительно обыгрываешь уже, да. Я бы все-таки тут предложил бы немножко эту идею закопать, почему? Потому что у меня опять же не статы, но насколько помню, там есть какая-то корреляция достаточно сильная между взрослом возрастом и рейтингом.",0.1341,0.1341
whisper-small-int8_beam1,test_00049.wav,практически не знаю насколько булшитно это прозвучит скорее бизнесово ориентированный пайплайн который сырые технические данные превращает в информацию для принятия решений каких то там оперативных здесь и сейчас возможно или там в будушем да технический бизнесовый инструмент который позволяет тебе управлять своей системой и позволяет тебе понимать а что же происходит внутри нее,"Практически, не знаю, насколько это был шитно прозвучит, скорее бизнесовый ориентированный пайплайн, который сыр и технические данные превращает в информацию для принятия решения каких-то там оперативных здесь сейчас возможно или там в будущем. Да, технический бизнесовый инструмент, который позволяет тебе управлять своей системой, позволяет тебе понимать, а что же происходит внутри нее.","Практически, не знаю, насколько это будет звучать шикарно, скорее бизнесовый ориентированный пайплайн, который сырые технические данные превращает в информацию для принятия решения каких-то там оперативных здесь сейчас или там в будущем. Да, технический, бизнесовый инструмент, который позволяет тебе управлять своей системой, позволяет тебе понимать, а что же происходит внутри нее.",0.1887,0.1887
