model_name,audio_path,audio_filename,source_audio_path,source_audio_filename,augmentation,duration_sec,duration_bucket,reference_original,reference_normalized,hypothesis_raw,hypothesis_normalized,is_correct,wer,cer,rtf,inference_time_sec,gpu_memory_peak_mb
whisper-medium-int8_beam5,C:\Users\dex\Desktop\repos\tts\data\processed\test\test_00000.wav,test_00000.wav,C:\Users\dex\Desktop\repos\tts\data\processed\test\test_00000.wav,test_00000.wav,clean,27.423,long,и вот такая архитектура долгое время доминировала её пытались модифицировать в двухтысячных годах произошёл определённый прорыв в области обучения глубоких нейронных сетей с лёгкой руки джеффри хинтона и его ученика рустама салахутдинова и стали активно использовать вместо скрытых марковских моделей на акустико фонетическом уровне многослойные нейронные сети либо многослойные персептроны либо свёрточные нейронные сети,и вот такая архитектура долгое время доминировала её пытались модифицировать в двухтысячных годах произошёл определённый прорыв в области обучения глубоких нейронных сетей с лёгкой руки джеффри хинтона и его ученика рустама салахутдинова и стали активно использовать вместо скрытых марковских моделей на акустико фонетическом уровне многослойные нейронные сети либо многослойные персептроны либо свёрточные нейронные сети,"И вот такая архитектура долгое время доминировала. Её пытались модифицировать. В 2000-е годах произошёл определённый прорыв в области обучения глубоких нейронных сетей с лёгкой руки Джеффри Хинтона и его ученика Рустама Салахудинова. И стали активно использовать вместо скрытых марковских моделей на акустикофоническом уровне многослойные нейронные сети, либо многослойные персептроны, либо свёрточные нейронные сети.",и вот такая архитектура долгое время доминировала её пытались модифицировать в 2000 е годах произошёл определённый прорыв в области обучения глубоких нейронных сетей с лёгкой руки джеффри хинтона и его ученика рустама салахудинова и стали активно использовать вместо скрытых марковских моделей на акустикофоническом уровне многослойные нейронные сети либо многослойные персептроны либо свёрточные нейронные сети,False,0.0926,0.038,0.0413,1.1315,0.0
whisper-medium-int8_beam5,C:\Users\dex\Desktop\repos\tts\results\quick_aug\augmented_audio\noise_20db\test_00000.wav,test_00000.wav,C:\Users\dex\Desktop\repos\tts\data\processed\test\test_00000.wav,test_00000.wav,noise_20db,27.423,long,и вот такая архитектура долгое время доминировала её пытались модифицировать в двухтысячных годах произошёл определённый прорыв в области обучения глубоких нейронных сетей с лёгкой руки джеффри хинтона и его ученика рустама салахутдинова и стали активно использовать вместо скрытых марковских моделей на акустико фонетическом уровне многослойные нейронные сети либо многослойные персептроны либо свёрточные нейронные сети,и вот такая архитектура долгое время доминировала её пытались модифицировать в двухтысячных годах произошёл определённый прорыв в области обучения глубоких нейронных сетей с лёгкой руки джеффри хинтона и его ученика рустама салахутдинова и стали активно использовать вместо скрытых марковских моделей на акустико фонетическом уровне многослойные нейронные сети либо многослойные персептроны либо свёрточные нейронные сети,"И вот такая архитектура долгое время доминировала. Её пытались модифицировать. В 2000-е годах произошёл определённый прорыв в области обучения глубоких нейронных сетей с лёгкой руки Джеффри Хинтона и его ученика Рустама Салахудинова. И стали активно использовать место скрытых марковских моделей на акустическом уровне многослойные нейронные сети, либо многослойные персептроны, либо свёрточные нейронные сети.",и вот такая архитектура долгое время доминировала её пытались модифицировать в 2000 е годах произошёл определённый прорыв в области обучения глубоких нейронных сетей с лёгкой руки джеффри хинтона и его ученика рустама салахудинова и стали активно использовать место скрытых марковских моделей на акустическом уровне многослойные нейронные сети либо многослойные персептроны либо свёрточные нейронные сети,False,0.1111,0.0546,0.0403,1.1065,0.0
whisper-medium-int8_beam5,C:\Users\dex\Desktop\repos\tts\results\quick_aug\augmented_audio\noise_10db\test_00000.wav,test_00000.wav,C:\Users\dex\Desktop\repos\tts\data\processed\test\test_00000.wav,test_00000.wav,noise_10db,27.423,long,и вот такая архитектура долгое время доминировала её пытались модифицировать в двухтысячных годах произошёл определённый прорыв в области обучения глубоких нейронных сетей с лёгкой руки джеффри хинтона и его ученика рустама салахутдинова и стали активно использовать вместо скрытых марковских моделей на акустико фонетическом уровне многослойные нейронные сети либо многослойные персептроны либо свёрточные нейронные сети,и вот такая архитектура долгое время доминировала её пытались модифицировать в двухтысячных годах произошёл определённый прорыв в области обучения глубоких нейронных сетей с лёгкой руки джеффри хинтона и его ученика рустама салахутдинова и стали активно использовать вместо скрытых марковских моделей на акустико фонетическом уровне многослойные нейронные сети либо многослойные персептроны либо свёрточные нейронные сети,"И вот такая архитектура долгое время доминировала. Ее пытались модифицировать. В 2000-е годах произошел определенный прорыв в области обучения глубоких нейронных сетей с трех руки Чаффри Хинтона и его ученика Рустама Савахудинова. И стали активно использовать вместо спиртных марковских моделей на акустическом уровне многослойные нейронные сети, либо многослойные персептроны, либо сверточные нейронные сети.",и вот такая архитектура долгое время доминировала ее пытались модифицировать в 2000 е годах произошел определенный прорыв в области обучения глубоких нейронных сетей с трех руки чаффри хинтона и его ученика рустама савахудинова и стали активно использовать вместо спиртных марковских моделей на акустическом уровне многослойные нейронные сети либо многослойные персептроны либо сверточные нейронные сети,False,0.2222,0.095,0.04,1.0983,0.0
whisper-medium-int8_beam5,C:\Users\dex\Desktop\repos\tts\results\quick_aug\augmented_audio\speed_0.95\test_00000.wav,test_00000.wav,C:\Users\dex\Desktop\repos\tts\data\processed\test\test_00000.wav,test_00000.wav,speed_0.95,28.866,long,и вот такая архитектура долгое время доминировала её пытались модифицировать в двухтысячных годах произошёл определённый прорыв в области обучения глубоких нейронных сетей с лёгкой руки джеффри хинтона и его ученика рустама салахутдинова и стали активно использовать вместо скрытых марковских моделей на акустико фонетическом уровне многослойные нейронные сети либо многослойные персептроны либо свёрточные нейронные сети,и вот такая архитектура долгое время доминировала её пытались модифицировать в двухтысячных годах произошёл определённый прорыв в области обучения глубоких нейронных сетей с лёгкой руки джеффри хинтона и его ученика рустама салахутдинова и стали активно использовать вместо скрытых марковских моделей на акустико фонетическом уровне многослойные нейронные сети либо многослойные персептроны либо свёрточные нейронные сети,"И вот такая архитектура долгое время доминировала. Её пытались модифицировать. В 2000-е годах произошёл определённый прорыв в области обучения глубоких нейронных сетей с лёгкой руки Джеффри Хинтона и его ученика Рустама Савахудинова. И стали активно использовать вместо скрытых марковских моделей на акустикофоническом уровне многослойные нейронные сети, либо многослойные персептроны, либо свёрточные нейронные сети.",и вот такая архитектура долгое время доминировала её пытались модифицировать в 2000 е годах произошёл определённый прорыв в области обучения глубоких нейронных сетей с лёгкой руки джеффри хинтона и его ученика рустама савахудинова и стали активно использовать вместо скрытых марковских моделей на акустикофоническом уровне многослойные нейронные сети либо многослойные персептроны либо свёрточные нейронные сети,False,0.0926,0.0404,0.0392,1.1315,0.0
whisper-medium-int8_beam5,C:\Users\dex\Desktop\repos\tts\results\quick_aug\augmented_audio\speed_1.05\test_00000.wav,test_00000.wav,C:\Users\dex\Desktop\repos\tts\data\processed\test\test_00000.wav,test_00000.wav,speed_1.05,26.117,long,и вот такая архитектура долгое время доминировала её пытались модифицировать в двухтысячных годах произошёл определённый прорыв в области обучения глубоких нейронных сетей с лёгкой руки джеффри хинтона и его ученика рустама салахутдинова и стали активно использовать вместо скрытых марковских моделей на акустико фонетическом уровне многослойные нейронные сети либо многослойные персептроны либо свёрточные нейронные сети,и вот такая архитектура долгое время доминировала её пытались модифицировать в двухтысячных годах произошёл определённый прорыв в области обучения глубоких нейронных сетей с лёгкой руки джеффри хинтона и его ученика рустама салахутдинова и стали активно использовать вместо скрытых марковских моделей на акустико фонетическом уровне многослойные нейронные сети либо многослойные персептроны либо свёрточные нейронные сети,"И вот такая архитектура долгое время доминировала. Её пытались модифицировать. В 2000-е годах произошёл определённый прорыв в области обучения глубоких нейронных сетей с лёгкой руки Джеффри Хинтона и его ученика Рустама Салахудинова. И стали активно использовать вместо скрытых марковских моделей на акустикофоническом уровне многослойные нейронные сети, либо многослойные персептроны, либо свёрточные нейронные сети.",и вот такая архитектура долгое время доминировала её пытались модифицировать в 2000 е годах произошёл определённый прорыв в области обучения глубоких нейронных сетей с лёгкой руки джеффри хинтона и его ученика рустама салахудинова и стали активно использовать вместо скрытых марковских моделей на акустикофоническом уровне многослойные нейронные сети либо многослойные персептроны либо свёрточные нейронные сети,False,0.0926,0.038,0.0435,1.1356,0.0
whisper-medium-int8_beam5,C:\Users\dex\Desktop\repos\tts\results\quick_aug\augmented_audio\gain_-6db\test_00000.wav,test_00000.wav,C:\Users\dex\Desktop\repos\tts\data\processed\test\test_00000.wav,test_00000.wav,gain_-6db,27.423,long,и вот такая архитектура долгое время доминировала её пытались модифицировать в двухтысячных годах произошёл определённый прорыв в области обучения глубоких нейронных сетей с лёгкой руки джеффри хинтона и его ученика рустама салахутдинова и стали активно использовать вместо скрытых марковских моделей на акустико фонетическом уровне многослойные нейронные сети либо многослойные персептроны либо свёрточные нейронные сети,и вот такая архитектура долгое время доминировала её пытались модифицировать в двухтысячных годах произошёл определённый прорыв в области обучения глубоких нейронных сетей с лёгкой руки джеффри хинтона и его ученика рустама салахутдинова и стали активно использовать вместо скрытых марковских моделей на акустико фонетическом уровне многослойные нейронные сети либо многослойные персептроны либо свёрточные нейронные сети,"И вот такая архитектура долгое время доминировала. Её пытались модифицировать. В 2000-е годах произошёл определённый прорыв в области обучения глубоких нейронных сетей с лёгкой руки Джеффри Хинтона и его ученика Рустама Салахудинова. И стали активно использовать вместо скрытых марковских моделей на акустикофоническом уровне многослойные нейронные сети, либо многослойные персептроны, либо свёрточные нейронные сети.",и вот такая архитектура долгое время доминировала её пытались модифицировать в 2000 е годах произошёл определённый прорыв в области обучения глубоких нейронных сетей с лёгкой руки джеффри хинтона и его ученика рустама салахудинова и стали активно использовать вместо скрытых марковских моделей на акустикофоническом уровне многослойные нейронные сети либо многослойные персептроны либо свёрточные нейронные сети,False,0.0926,0.038,0.0411,1.1264,0.0
whisper-medium-int8_beam5,C:\Users\dex\Desktop\repos\tts\results\quick_aug\augmented_audio\lowpass_4000\test_00000.wav,test_00000.wav,C:\Users\dex\Desktop\repos\tts\data\processed\test\test_00000.wav,test_00000.wav,lowpass_4000,27.423,long,и вот такая архитектура долгое время доминировала её пытались модифицировать в двухтысячных годах произошёл определённый прорыв в области обучения глубоких нейронных сетей с лёгкой руки джеффри хинтона и его ученика рустама салахутдинова и стали активно использовать вместо скрытых марковских моделей на акустико фонетическом уровне многослойные нейронные сети либо многослойные персептроны либо свёрточные нейронные сети,и вот такая архитектура долгое время доминировала её пытались модифицировать в двухтысячных годах произошёл определённый прорыв в области обучения глубоких нейронных сетей с лёгкой руки джеффри хинтона и его ученика рустама салахутдинова и стали активно использовать вместо скрытых марковских моделей на акустико фонетическом уровне многослойные нейронные сети либо многослойные персептроны либо свёрточные нейронные сети,"И вот такая архитектура долгое время доминировала. Ее пытались модифицировать. В 2000-е годах произошел определенный прорыв в области обучения глубоких нейронных сетей с легкой руки Джеффри Хинтона и его ученика Рустама Салахудинова. И стали активно использовать вместо скрытых марковских моделей на акустико-фанатическом уровне многослойные нейронные сети, либо многослойные персептроны, либо сверточные нейронные сети.",и вот такая архитектура долгое время доминировала ее пытались модифицировать в 2000 е годах произошел определенный прорыв в области обучения глубоких нейронных сетей с легкой руки джеффри хинтона и его ученика рустама салахудинова и стали активно использовать вместо скрытых марковских моделей на акустико фанатическом уровне многослойные нейронные сети либо многослойные персептроны либо сверточные нейронные сети,False,0.1667,0.0475,0.0419,1.1479,0.0
whisper-medium-int8_beam5,C:\Users\dex\Desktop\repos\tts\data\processed\test\test_00001.wav,test_00001.wav,C:\Users\dex\Desktop\repos\tts\data\processed\test\test_00001.wav,test_00001.wav,clean,27.79,long,то в силу того что люди не способны особенно непрофессионалы в точности напевать мелодии соблюдая высоты тайминги между нотами а именно на это я думаю будет обращать внимание алгоритм пытаясь вот построить это преобразование то здесь мы неизбежно будем сталкиваться с тем что какой то диапазон различимых мелодий будет не очень большой,то в силу того что люди не способны особенно непрофессионалы в точности напевать мелодии соблюдая высоты тайминги между нотами а именно на это я думаю будет обращать внимание алгоритм пытаясь вот построить это преобразование то здесь мы неизбежно будем сталкиваться с тем что какой то диапазон различимых мелодий будет не очень большой,"то в силу того, что люди не способны, особенно не профессионалы, в точности напевать мелодии, соблюдая высоты и тайминги между нотами, а именно на это, я думаю, будет обращать внимание алгоритм, пытаясь построить это приобразование, то здесь мы неизбежно будем сталкиваться с тем, что какой-то диапазон различимых мелодий, он будет не очень большой.",то в силу того что люди не способны особенно не профессионалы в точности напевать мелодии соблюдая высоты и тайминги между нотами а именно на это я думаю будет обращать внимание алгоритм пытаясь построить это приобразование то здесь мы неизбежно будем сталкиваться с тем что какой то диапазон различимых мелодий он будет не очень большой,False,0.1154,0.0328,0.0323,0.8977,0.0
whisper-medium-int8_beam5,C:\Users\dex\Desktop\repos\tts\results\quick_aug\augmented_audio\noise_20db\test_00001.wav,test_00001.wav,C:\Users\dex\Desktop\repos\tts\data\processed\test\test_00001.wav,test_00001.wav,noise_20db,27.79,long,то в силу того что люди не способны особенно непрофессионалы в точности напевать мелодии соблюдая высоты тайминги между нотами а именно на это я думаю будет обращать внимание алгоритм пытаясь вот построить это преобразование то здесь мы неизбежно будем сталкиваться с тем что какой то диапазон различимых мелодий будет не очень большой,то в силу того что люди не способны особенно непрофессионалы в точности напевать мелодии соблюдая высоты тайминги между нотами а именно на это я думаю будет обращать внимание алгоритм пытаясь вот построить это преобразование то здесь мы неизбежно будем сталкиваться с тем что какой то диапазон различимых мелодий будет не очень большой,"то в силу того, что люди не способны, особенно не профессионалы, точности напевать мелодии, соблюдая высоты и тайминги между нотами, а именно на это, я думаю, будет обращать внимание алгоритм, пытаясь построить это преподавание, то здесь мы неизбежно будем сталкиваться с тем, что какой-то диапазон различимых мелодий, он будет не очень большой.",то в силу того что люди не способны особенно не профессионалы точности напевать мелодии соблюдая высоты и тайминги между нотами а именно на это я думаю будет обращать внимание алгоритм пытаясь построить это преподавание то здесь мы неизбежно будем сталкиваться с тем что какой то диапазон различимых мелодий он будет не очень большой,False,0.1154,0.0507,0.0318,0.8838,0.0
whisper-medium-int8_beam5,C:\Users\dex\Desktop\repos\tts\results\quick_aug\augmented_audio\noise_10db\test_00001.wav,test_00001.wav,C:\Users\dex\Desktop\repos\tts\data\processed\test\test_00001.wav,test_00001.wav,noise_10db,27.79,long,то в силу того что люди не способны особенно непрофессионалы в точности напевать мелодии соблюдая высоты тайминги между нотами а именно на это я думаю будет обращать внимание алгоритм пытаясь вот построить это преобразование то здесь мы неизбежно будем сталкиваться с тем что какой то диапазон различимых мелодий будет не очень большой,то в силу того что люди не способны особенно непрофессионалы в точности напевать мелодии соблюдая высоты тайминги между нотами а именно на это я думаю будет обращать внимание алгоритм пытаясь вот построить это преобразование то здесь мы неизбежно будем сталкиваться с тем что какой то диапазон различимых мелодий будет не очень большой,"то в силу того, что люди не способны, особенно особенные профессионалы, в точности напевать мелодии, собидая высоты, тайминги между нотами, а именно на это, я думаю, будет обращать внимание алгоритм, пытаясь построить это предпозывание, то здесь мы неизбежно будем сталкиваться с тем, что какой-то диапазон различимых мелодий будет не очень большой,",то в силу того что люди не способны особенно особенные профессионалы в точности напевать мелодии собидая высоты тайминги между нотами а именно на это я думаю будет обращать внимание алгоритм пытаясь построить это предпозывание то здесь мы неизбежно будем сталкиваться с тем что какой то диапазон различимых мелодий будет не очень большой,False,0.0962,0.0567,0.0324,0.8993,0.0
whisper-medium-int8_beam5,C:\Users\dex\Desktop\repos\tts\results\quick_aug\augmented_audio\speed_0.95\test_00001.wav,test_00001.wav,C:\Users\dex\Desktop\repos\tts\data\processed\test\test_00001.wav,test_00001.wav,speed_0.95,29.252,long,то в силу того что люди не способны особенно непрофессионалы в точности напевать мелодии соблюдая высоты тайминги между нотами а именно на это я думаю будет обращать внимание алгоритм пытаясь вот построить это преобразование то здесь мы неизбежно будем сталкиваться с тем что какой то диапазон различимых мелодий будет не очень большой,то в силу того что люди не способны особенно непрофессионалы в точности напевать мелодии соблюдая высоты тайминги между нотами а именно на это я думаю будет обращать внимание алгоритм пытаясь вот построить это преобразование то здесь мы неизбежно будем сталкиваться с тем что какой то диапазон различимых мелодий будет не очень большой,"то в силу того, что люди не способны, особенно не профессионалы, в точности напевать мелодии, соблюдая высоты и тайминги между нотами, а именно на это, я думаю, будет обращать внимание алгоритм, пытаясь построить это преобразование, то здесь мы неизбежно будем сталкиваться с тем, что какой-то диапазон различимых мелодий, он будет не очень большой.",то в силу того что люди не способны особенно не профессионалы в точности напевать мелодии соблюдая высоты и тайминги между нотами а именно на это я думаю будет обращать внимание алгоритм пытаясь построить это преобразование то здесь мы неизбежно будем сталкиваться с тем что какой то диапазон различимых мелодий он будет не очень большой,False,0.0962,0.0299,0.0306,0.8949,0.0
whisper-medium-int8_beam5,C:\Users\dex\Desktop\repos\tts\results\quick_aug\augmented_audio\speed_1.05\test_00001.wav,test_00001.wav,C:\Users\dex\Desktop\repos\tts\data\processed\test\test_00001.wav,test_00001.wav,speed_1.05,26.466,long,то в силу того что люди не способны особенно непрофессионалы в точности напевать мелодии соблюдая высоты тайминги между нотами а именно на это я думаю будет обращать внимание алгоритм пытаясь вот построить это преобразование то здесь мы неизбежно будем сталкиваться с тем что какой то диапазон различимых мелодий будет не очень большой,то в силу того что люди не способны особенно непрофессионалы в точности напевать мелодии соблюдая высоты тайминги между нотами а именно на это я думаю будет обращать внимание алгоритм пытаясь вот построить это преобразование то здесь мы неизбежно будем сталкиваться с тем что какой то диапазон различимых мелодий будет не очень большой,"то в силу того, что люди не способны, особенно не профессионалы, в точности напевать мелодии, соблюдая высоты, тайминги между нотами, а именно на это, я думаю, будет обращать внимание алгоритм, пытаясь построить это преобразование, то здесь мы неизбежно будем сталкиваться с тем, что какой-то диапазон различимых мелодий, он будет не очень большой.",то в силу того что люди не способны особенно не профессионалы в точности напевать мелодии соблюдая высоты тайминги между нотами а именно на это я думаю будет обращать внимание алгоритм пытаясь построить это преобразование то здесь мы неизбежно будем сталкиваться с тем что какой то диапазон различимых мелодий он будет не очень большой,False,0.0769,0.0239,0.034,0.901,0.0
whisper-medium-int8_beam5,C:\Users\dex\Desktop\repos\tts\results\quick_aug\augmented_audio\gain_-6db\test_00001.wav,test_00001.wav,C:\Users\dex\Desktop\repos\tts\data\processed\test\test_00001.wav,test_00001.wav,gain_-6db,27.79,long,то в силу того что люди не способны особенно непрофессионалы в точности напевать мелодии соблюдая высоты тайминги между нотами а именно на это я думаю будет обращать внимание алгоритм пытаясь вот построить это преобразование то здесь мы неизбежно будем сталкиваться с тем что какой то диапазон различимых мелодий будет не очень большой,то в силу того что люди не способны особенно непрофессионалы в точности напевать мелодии соблюдая высоты тайминги между нотами а именно на это я думаю будет обращать внимание алгоритм пытаясь вот построить это преобразование то здесь мы неизбежно будем сталкиваться с тем что какой то диапазон различимых мелодий будет не очень большой,"то в силу того, что люди не способны, особенно не профессионалы, в точности напевать мелодии, соблюдая высоты и тайминги между нотами, а именно на это, я думаю, будет обращать внимание алгоритм, пытаясь построить это преобразование, то здесь мы неизбежно будем сталкиваться с тем, что какой-то диапазон различимых мелодий, он будет не очень большой.",то в силу того что люди не способны особенно не профессионалы в точности напевать мелодии соблюдая высоты и тайминги между нотами а именно на это я думаю будет обращать внимание алгоритм пытаясь построить это преобразование то здесь мы неизбежно будем сталкиваться с тем что какой то диапазон различимых мелодий он будет не очень большой,False,0.0962,0.0299,0.0327,0.9087,0.0
whisper-medium-int8_beam5,C:\Users\dex\Desktop\repos\tts\results\quick_aug\augmented_audio\lowpass_4000\test_00001.wav,test_00001.wav,C:\Users\dex\Desktop\repos\tts\data\processed\test\test_00001.wav,test_00001.wav,lowpass_4000,27.79,long,то в силу того что люди не способны особенно непрофессионалы в точности напевать мелодии соблюдая высоты тайминги между нотами а именно на это я думаю будет обращать внимание алгоритм пытаясь вот построить это преобразование то здесь мы неизбежно будем сталкиваться с тем что какой то диапазон различимых мелодий будет не очень большой,то в силу того что люди не способны особенно непрофессионалы в точности напевать мелодии соблюдая высоты тайминги между нотами а именно на это я думаю будет обращать внимание алгоритм пытаясь вот построить это преобразование то здесь мы неизбежно будем сталкиваться с тем что какой то диапазон различимых мелодий будет не очень большой,"то в силу того, что люди не способны, особенно не профессионалы, в точности напевать мелодии, соблюдая высоты и тайминги между нотами, а именно на это, я думаю, будет обращать внимание алгоритм, пытаясь построить это приобразование, то здесь мы неизбежно будем сталкиваться с тем, что какой-то диапазон различимых мелодий, он будет не очень большой.",то в силу того что люди не способны особенно не профессионалы в точности напевать мелодии соблюдая высоты и тайминги между нотами а именно на это я думаю будет обращать внимание алгоритм пытаясь построить это приобразование то здесь мы неизбежно будем сталкиваться с тем что какой то диапазон различимых мелодий он будет не очень большой,False,0.1154,0.0328,0.0321,0.8921,0.0
whisper-medium-int8_beam5,C:\Users\dex\Desktop\repos\tts\data\processed\test\test_00002.wav,test_00002.wav,C:\Users\dex\Desktop\repos\tts\data\processed\test\test_00002.wav,test_00002.wav,clean,13.748,medium,построить запросы как раз вот между многими хостами одновременно и по большому счёту на этом всё и останавливается то есть люди такие окей у нас логи в централизованном хранилище у нас данные где то в центральном месте,построить запросы как раз вот между многими хостами одновременно и по большому счёту на этом всё и останавливается то есть люди такие окей у нас логи в централизованном хранилище у нас данные где то в центральном месте,построить запросы как раз вот между многими хастами одновременно и по большому счету на этом все и останавливается то есть вы такие окей у нас логи централизованного хранилища у нас данные где-то в центральном месте,построить запросы как раз вот между многими хастами одновременно и по большому счету на этом все и останавливается то есть вы такие окей у нас логи централизованного хранилища у нас данные где то в центральном месте,False,0.1892,0.055,0.0419,0.576,0.0
whisper-medium-int8_beam5,C:\Users\dex\Desktop\repos\tts\results\quick_aug\augmented_audio\noise_20db\test_00002.wav,test_00002.wav,C:\Users\dex\Desktop\repos\tts\data\processed\test\test_00002.wav,test_00002.wav,noise_20db,13.748,medium,построить запросы как раз вот между многими хостами одновременно и по большому счёту на этом всё и останавливается то есть люди такие окей у нас логи в централизованном хранилище у нас данные где то в центральном месте,построить запросы как раз вот между многими хостами одновременно и по большому счёту на этом всё и останавливается то есть люди такие окей у нас логи в централизованном хранилище у нас данные где то в центральном месте,"построить запросы как раз вот между многими хостами одновременно и по большому счёту на этом всё и останавливается. То есть у Виты такие окей, у нас логи в централизованном хранилище, у нас данные где-то в центральном месте.",построить запросы как раз вот между многими хостами одновременно и по большому счёту на этом всё и останавливается то есть у виты такие окей у нас логи в централизованном хранилище у нас данные где то в центральном месте,False,0.0541,0.0229,0.0449,0.617,0.0
whisper-medium-int8_beam5,C:\Users\dex\Desktop\repos\tts\results\quick_aug\augmented_audio\noise_10db\test_00002.wav,test_00002.wav,C:\Users\dex\Desktop\repos\tts\data\processed\test\test_00002.wav,test_00002.wav,noise_10db,13.748,medium,построить запросы как раз вот между многими хостами одновременно и по большому счёту на этом всё и останавливается то есть люди такие окей у нас логи в централизованном хранилище у нас данные где то в центральном месте,построить запросы как раз вот между многими хостами одновременно и по большому счёту на этом всё и останавливается то есть люди такие окей у нас логи в централизованном хранилище у нас данные где то в центральном месте,"построить запросы как раз вот между многими хостами одновременно и по большому счёту на этом всё и останавливается. У нас логи, централизованного хранилища, у нас данные где-то в центральном месте",построить запросы как раз вот между многими хостами одновременно и по большому счёту на этом всё и останавливается у нас логи централизованного хранилища у нас данные где то в центральном месте,False,0.2162,0.133,0.04,0.5494,0.0
whisper-medium-int8_beam5,C:\Users\dex\Desktop\repos\tts\results\quick_aug\augmented_audio\speed_0.95\test_00002.wav,test_00002.wav,C:\Users\dex\Desktop\repos\tts\data\processed\test\test_00002.wav,test_00002.wav,speed_0.95,14.471,medium,построить запросы как раз вот между многими хостами одновременно и по большому счёту на этом всё и останавливается то есть люди такие окей у нас логи в централизованном хранилище у нас данные где то в центральном месте,построить запросы как раз вот между многими хостами одновременно и по большому счёту на этом всё и останавливается то есть люди такие окей у нас логи в централизованном хранилище у нас данные где то в центральном месте,построить запросы как раз вот между многими хостами одновременно и по большому счету на этом все и останавливается то есть люди такие окей у нас логи в централизованном хранилище у нас данные где-то в центральном месте,построить запросы как раз вот между многими хостами одновременно и по большому счету на этом все и останавливается то есть люди такие окей у нас логи в централизованном хранилище у нас данные где то в центральном месте,False,0.0541,0.0092,0.0395,0.5718,0.0
whisper-medium-int8_beam5,C:\Users\dex\Desktop\repos\tts\results\quick_aug\augmented_audio\speed_1.05\test_00002.wav,test_00002.wav,C:\Users\dex\Desktop\repos\tts\data\processed\test\test_00002.wav,test_00002.wav,speed_1.05,13.093,medium,построить запросы как раз вот между многими хостами одновременно и по большому счёту на этом всё и останавливается то есть люди такие окей у нас логи в централизованном хранилище у нас данные где то в центральном месте,построить запросы как раз вот между многими хостами одновременно и по большому счёту на этом всё и останавливается то есть люди такие окей у нас логи в централизованном хранилище у нас данные где то в центральном месте,"построить запросы как раз вот между многими хастами одновременно и по большому счету на этом все и останавливается. То есть люди такие, окей, у нас логи в централизованном хранилище, у нас данные где-то в центральном месте",построить запросы как раз вот между многими хастами одновременно и по большому счету на этом все и останавливается то есть люди такие окей у нас логи в централизованном хранилище у нас данные где то в центральном месте,False,0.0811,0.0138,0.0447,0.5856,0.0
whisper-medium-int8_beam5,C:\Users\dex\Desktop\repos\tts\results\quick_aug\augmented_audio\gain_-6db\test_00002.wav,test_00002.wav,C:\Users\dex\Desktop\repos\tts\data\processed\test\test_00002.wav,test_00002.wav,gain_-6db,13.748,medium,построить запросы как раз вот между многими хостами одновременно и по большому счёту на этом всё и останавливается то есть люди такие окей у нас логи в централизованном хранилище у нас данные где то в центральном месте,построить запросы как раз вот между многими хостами одновременно и по большому счёту на этом всё и останавливается то есть люди такие окей у нас логи в централизованном хранилище у нас данные где то в центральном месте,построить запросы как раз вот между многими хастами одновременно и по большому счёту на этом всё и останавливается то есть вы такие окей у нас логи централизованного хранилища у нас данные где-то в центральном месте,построить запросы как раз вот между многими хастами одновременно и по большому счёту на этом всё и останавливается то есть вы такие окей у нас логи централизованного хранилища у нас данные где то в центральном месте,False,0.1351,0.0459,0.0418,0.5752,0.0
whisper-medium-int8_beam5,C:\Users\dex\Desktop\repos\tts\results\quick_aug\augmented_audio\lowpass_4000\test_00002.wav,test_00002.wav,C:\Users\dex\Desktop\repos\tts\data\processed\test\test_00002.wav,test_00002.wav,lowpass_4000,13.748,medium,построить запросы как раз вот между многими хостами одновременно и по большому счёту на этом всё и останавливается то есть люди такие окей у нас логи в централизованном хранилище у нас данные где то в центральном месте,построить запросы как раз вот между многими хостами одновременно и по большому счёту на этом всё и останавливается то есть люди такие окей у нас логи в централизованном хранилище у нас данные где то в центральном месте,построить запросы как раз вот между многими хастами одновременно и по большому счету на этом все и останавливается. То есть вы такие окей у нас логи в централизованном хранилище у нас данные где-то в центральном месте,построить запросы как раз вот между многими хастами одновременно и по большому счету на этом все и останавливается то есть вы такие окей у нас логи в централизованном хранилище у нас данные где то в центральном месте,False,0.1081,0.0321,0.0417,0.5734,0.0
whisper-medium-int8_beam5,C:\Users\dex\Desktop\repos\tts\data\processed\test\test_00003.wav,test_00003.wav,C:\Users\dex\Desktop\repos\tts\data\processed\test\test_00003.wav,test_00003.wav,clean,16.402,long,то как бы но зачем здесь смотреть в логи прошлой версии системы там всё равно же всё не так работает это уже всё старьё надо новое смотреть вот я бы как раз тут не согласился мне скорее всего понадобятся логи предыдущего состояния системы если что то вдруг выкатили и оно стало работать не так как мы ожидали,то как бы но зачем здесь смотреть в логи прошлой версии системы там всё равно же всё не так работает это уже всё старьё надо новое смотреть вот я бы как раз тут не согласился мне скорее всего понадобятся логи предыдущего состояния системы если что то вдруг выкатили и оно стало работать не так как мы ожидали,"то как бы, ну зачем мне смотреть в логи прошлой версии системы, там все равно уже все не так работает, это уже все старье, надо новое смотреть. Вот я бы как раз тут не соглаштился, мне скорее всего понадобится логи предыдущего состояния системы, если что-то вдруг выкатили, и оно стало работать не так, как мы ожидали.",то как бы ну зачем мне смотреть в логи прошлой версии системы там все равно уже все не так работает это уже все старье надо новое смотреть вот я бы как раз тут не соглаштился мне скорее всего понадобится логи предыдущего состояния системы если что то вдруг выкатили и оно стало работать не так как мы ожидали,False,0.1579,0.0422,0.0468,0.7677,0.0
whisper-medium-int8_beam5,C:\Users\dex\Desktop\repos\tts\results\quick_aug\augmented_audio\noise_20db\test_00003.wav,test_00003.wav,C:\Users\dex\Desktop\repos\tts\data\processed\test\test_00003.wav,test_00003.wav,noise_20db,16.402,long,то как бы но зачем здесь смотреть в логи прошлой версии системы там всё равно же всё не так работает это уже всё старьё надо новое смотреть вот я бы как раз тут не согласился мне скорее всего понадобятся логи предыдущего состояния системы если что то вдруг выкатили и оно стало работать не так как мы ожидали,то как бы но зачем здесь смотреть в логи прошлой версии системы там всё равно же всё не так работает это уже всё старьё надо новое смотреть вот я бы как раз тут не согласился мне скорее всего понадобятся логи предыдущего состояния системы если что то вдруг выкатили и оно стало работать не так как мы ожидали,"то как бы, ну зачем мне смотреть в логи прошлой версии системы, там все равно уже все не так работает, это уже все старье, надо новое смотреть. Вот я как раз тут не соглаштился, мне скорее всего понадобится логи предыдущего состояния системы, если что-то вдруг выкатили, и оно стало работать не так, как мы ожидали.",то как бы ну зачем мне смотреть в логи прошлой версии системы там все равно уже все не так работает это уже все старье надо новое смотреть вот я как раз тут не соглаштился мне скорее всего понадобится логи предыдущего состояния системы если что то вдруг выкатили и оно стало работать не так как мы ожидали,False,0.1754,0.0519,0.0462,0.7575,0.0
whisper-medium-int8_beam5,C:\Users\dex\Desktop\repos\tts\results\quick_aug\augmented_audio\noise_10db\test_00003.wav,test_00003.wav,C:\Users\dex\Desktop\repos\tts\data\processed\test\test_00003.wav,test_00003.wav,noise_10db,16.402,long,то как бы но зачем здесь смотреть в логи прошлой версии системы там всё равно же всё не так работает это уже всё старьё надо новое смотреть вот я бы как раз тут не согласился мне скорее всего понадобятся логи предыдущего состояния системы если что то вдруг выкатили и оно стало работать не так как мы ожидали,то как бы но зачем здесь смотреть в логи прошлой версии системы там всё равно же всё не так работает это уже всё старьё надо новое смотреть вот я бы как раз тут не согласился мне скорее всего понадобятся логи предыдущего состояния системы если что то вдруг выкатили и оно стало работать не так как мы ожидали,"то как бы ну зачем не смотреть в логи прошлой версии системы, там в принципе не так работает, это уже все старье, надо новое смотреть. Вот я бы как раз тут не сувелочтился, мне скорее всего понадобится в логи предыдущего состояния системы, если что-то вдруг выкатили и оно стало работать не так, как мы ожидали.",то как бы ну зачем не смотреть в логи прошлой версии системы там в принципе не так работает это уже все старье надо новое смотреть вот я бы как раз тут не сувелочтился мне скорее всего понадобится в логи предыдущего состояния системы если что то вдруг выкатили и оно стало работать не так как мы ожидали,False,0.193,0.0909,0.0458,0.7515,0.0
whisper-medium-int8_beam5,C:\Users\dex\Desktop\repos\tts\results\quick_aug\augmented_audio\speed_0.95\test_00003.wav,test_00003.wav,C:\Users\dex\Desktop\repos\tts\data\processed\test\test_00003.wav,test_00003.wav,speed_0.95,17.265,long,то как бы но зачем здесь смотреть в логи прошлой версии системы там всё равно же всё не так работает это уже всё старьё надо новое смотреть вот я бы как раз тут не согласился мне скорее всего понадобятся логи предыдущего состояния системы если что то вдруг выкатили и оно стало работать не так как мы ожидали,то как бы но зачем здесь смотреть в логи прошлой версии системы там всё равно же всё не так работает это уже всё старьё надо новое смотреть вот я бы как раз тут не согласился мне скорее всего понадобятся логи предыдущего состояния системы если что то вдруг выкатили и оно стало работать не так как мы ожидали,то как бы ну зачем не смотреть в логи прошлой версии системы там все равно уже все не так работает это уже все старье надо новое смотреть вот я бы как раз тут не соглаштился мне скорее всего понадобится логи предыдущего состояния системы если что-то вдруг выкатили и оно стало работать не так как мы ожидали,то как бы ну зачем не смотреть в логи прошлой версии системы там все равно уже все не так работает это уже все старье надо новое смотреть вот я бы как раз тут не соглаштился мне скорее всего понадобится логи предыдущего состояния системы если что то вдруг выкатили и оно стало работать не так как мы ожидали,False,0.1579,0.0422,0.0424,0.7328,0.0
whisper-medium-int8_beam5,C:\Users\dex\Desktop\repos\tts\results\quick_aug\augmented_audio\speed_1.05\test_00003.wav,test_00003.wav,C:\Users\dex\Desktop\repos\tts\data\processed\test\test_00003.wav,test_00003.wav,speed_1.05,15.621,long,то как бы но зачем здесь смотреть в логи прошлой версии системы там всё равно же всё не так работает это уже всё старьё надо новое смотреть вот я бы как раз тут не согласился мне скорее всего понадобятся логи предыдущего состояния системы если что то вдруг выкатили и оно стало работать не так как мы ожидали,то как бы но зачем здесь смотреть в логи прошлой версии системы там всё равно же всё не так работает это уже всё старьё надо новое смотреть вот я бы как раз тут не согласился мне скорее всего понадобятся логи предыдущего состояния системы если что то вдруг выкатили и оно стало работать не так как мы ожидали,"то как бы ну зачем не смотреть в логи прошлой версии системы, там все равно уже все не так работает, это уже все старье, надо новое смотреть. Вот я бы как раз тут не соглаштился, мне скорее всего понадобятся логи предыдущего состояния системы, если что-то вдруг выкатили и оно стало работать не так, как мы ожидали.",то как бы ну зачем не смотреть в логи прошлой версии системы там все равно уже все не так работает это уже все старье надо новое смотреть вот я бы как раз тут не соглаштился мне скорее всего понадобятся логи предыдущего состояния системы если что то вдруг выкатили и оно стало работать не так как мы ожидали,False,0.1404,0.039,0.048,0.7497,0.0
whisper-medium-int8_beam5,C:\Users\dex\Desktop\repos\tts\results\quick_aug\augmented_audio\gain_-6db\test_00003.wav,test_00003.wav,C:\Users\dex\Desktop\repos\tts\data\processed\test\test_00003.wav,test_00003.wav,gain_-6db,16.402,long,то как бы но зачем здесь смотреть в логи прошлой версии системы там всё равно же всё не так работает это уже всё старьё надо новое смотреть вот я бы как раз тут не согласился мне скорее всего понадобятся логи предыдущего состояния системы если что то вдруг выкатили и оно стало работать не так как мы ожидали,то как бы но зачем здесь смотреть в логи прошлой версии системы там всё равно же всё не так работает это уже всё старьё надо новое смотреть вот я бы как раз тут не согласился мне скорее всего понадобятся логи предыдущего состояния системы если что то вдруг выкатили и оно стало работать не так как мы ожидали,то как бы ну зачем мне смотреть в логи прошлой версии системы там все равно уже все не так работает это уже все старье надо новое смотреть вот я бы как раз тут не соглаштился мне скорее всего понадобится логи предыдущего состояния системы если что-то вдруг выкатили и оно стало работать не так как мы ожидали,то как бы ну зачем мне смотреть в логи прошлой версии системы там все равно уже все не так работает это уже все старье надо новое смотреть вот я бы как раз тут не соглаштился мне скорее всего понадобится логи предыдущего состояния системы если что то вдруг выкатили и оно стало работать не так как мы ожидали,False,0.1579,0.0422,0.046,0.754,0.0
whisper-medium-int8_beam5,C:\Users\dex\Desktop\repos\tts\results\quick_aug\augmented_audio\lowpass_4000\test_00003.wav,test_00003.wav,C:\Users\dex\Desktop\repos\tts\data\processed\test\test_00003.wav,test_00003.wav,lowpass_4000,16.402,long,то как бы но зачем здесь смотреть в логи прошлой версии системы там всё равно же всё не так работает это уже всё старьё надо новое смотреть вот я бы как раз тут не согласился мне скорее всего понадобятся логи предыдущего состояния системы если что то вдруг выкатили и оно стало работать не так как мы ожидали,то как бы но зачем здесь смотреть в логи прошлой версии системы там всё равно же всё не так работает это уже всё старьё надо новое смотреть вот я бы как раз тут не согласился мне скорее всего понадобятся логи предыдущего состояния системы если что то вдруг выкатили и оно стало работать не так как мы ожидали,"то как бы, ну зачем мне смотреть в логи прошлой версии системы, там все равно уже все не так работает, это уже все старье, надо новое смотреть. Вот я бы как раз тут не согласился, мне скорее всего понадобится логи предыдущего состояния системы, если что-то вдруг выкатили, и оно стало работать не так, как мы ожидали.",то как бы ну зачем мне смотреть в логи прошлой версии системы там все равно уже все не так работает это уже все старье надо новое смотреть вот я бы как раз тут не согласился мне скорее всего понадобится логи предыдущего состояния системы если что то вдруг выкатили и оно стало работать не так как мы ожидали,False,0.1404,0.0357,0.0458,0.7514,0.0
whisper-medium-int8_beam5,C:\Users\dex\Desktop\repos\tts\data\processed\test\test_00004.wav,test_00004.wav,C:\Users\dex\Desktop\repos\tts\data\processed\test\test_00004.wav,test_00004.wav,clean,24.602,long,мой любимый фокус observability мы понимаем когда системе станет плохо грубо говоря в два часа ночи ваша система упадёт с отказом по памяти будьте готовы к этому пожалуйста вот это и есть observability это один её аспект а второй аспект который для меня на самом деле самый важный обычно мы не знаем что нам нужно знать о системе в тот момент когда мы её разрабатываем,мой любимый фокус observability мы понимаем когда системе станет плохо грубо говоря в два часа ночи ваша система упадёт с отказом по памяти будьте готовы к этому пожалуйста вот это и есть observability это один её аспект а второй аспект который для меня на самом деле самый важный обычно мы не знаем что нам нужно знать о системе в тот момент когда мы её разрабатываем,"Мой любимый фокус Observability — мы понимаем, когда системе станет плохо. Грубо говоря, в два часа ночи ваша система упадет с отказом по памяти. Будьте готовы к этому, пожалуйста. Вот это и есть Observability — это один ее аспект. А второй аспект, который для меня на самом деле самый важный. Обычно мы не знаем, что нам нужно знать о системе в тот момент, когда мы ее разрабатываем.",мой любимый фокус observability мы понимаем когда системе станет плохо грубо говоря в два часа ночи ваша система упадет с отказом по памяти будьте готовы к этому пожалуйста вот это и есть observability это один ее аспект а второй аспект который для меня на самом деле самый важный обычно мы не знаем что нам нужно знать о системе в тот момент когда мы ее разрабатываем,False,0.0462,0.0082,0.037,0.9108,0.0
whisper-medium-int8_beam5,C:\Users\dex\Desktop\repos\tts\results\quick_aug\augmented_audio\noise_20db\test_00004.wav,test_00004.wav,C:\Users\dex\Desktop\repos\tts\data\processed\test\test_00004.wav,test_00004.wav,noise_20db,24.602,long,мой любимый фокус observability мы понимаем когда системе станет плохо грубо говоря в два часа ночи ваша система упадёт с отказом по памяти будьте готовы к этому пожалуйста вот это и есть observability это один её аспект а второй аспект который для меня на самом деле самый важный обычно мы не знаем что нам нужно знать о системе в тот момент когда мы её разрабатываем,мой любимый фокус observability мы понимаем когда системе станет плохо грубо говоря в два часа ночи ваша система упадёт с отказом по памяти будьте готовы к этому пожалуйста вот это и есть observability это один её аспект а второй аспект который для меня на самом деле самый важный обычно мы не знаем что нам нужно знать о системе в тот момент когда мы её разрабатываем,"Мой любимый фокус Observability – мы понимаем, когда системе станет плохо. Два часа ночи ваша система упадет с отказом по памяти. Будьте готовы к этому, пожалуйста. Вот это и есть Observability – это один ее аспект. А второй аспект, который для меня на самом деле самый важный, обычно мы не знаем, что нам нужно знать о системе в тот момент, когда мы ее разрабатываем.",мой любимый фокус observability мы понимаем когда системе станет плохо два часа ночи ваша система упадет с отказом по памяти будьте готовы к этому пожалуйста вот это и есть observability это один ее аспект а второй аспект который для меня на самом деле самый важный обычно мы не знаем что нам нужно знать о системе в тот момент когда мы ее разрабатываем,False,0.0923,0.0489,0.0356,0.8764,0.0
whisper-medium-int8_beam5,C:\Users\dex\Desktop\repos\tts\results\quick_aug\augmented_audio\noise_10db\test_00004.wav,test_00004.wav,C:\Users\dex\Desktop\repos\tts\data\processed\test\test_00004.wav,test_00004.wav,noise_10db,24.602,long,мой любимый фокус observability мы понимаем когда системе станет плохо грубо говоря в два часа ночи ваша система упадёт с отказом по памяти будьте готовы к этому пожалуйста вот это и есть observability это один её аспект а второй аспект который для меня на самом деле самый важный обычно мы не знаем что нам нужно знать о системе в тот момент когда мы её разрабатываем,мой любимый фокус observability мы понимаем когда системе станет плохо грубо говоря в два часа ночи ваша система упадёт с отказом по памяти будьте готовы к этому пожалуйста вот это и есть observability это один её аспект а второй аспект который для меня на самом деле самый важный обычно мы не знаем что нам нужно знать о системе в тот момент когда мы её разрабатываем,"Мой любимый фокус Observerity – мы понимаем, когда системе станет плохо. Два часа ночи ваша система упадет с отказом по памяти. Будьте готовы к этому, пожалуйста. Вот это и есть Observerity – это один ее аспект. А второй аспект, который для меня на самом деле самый важный. Обычно мы не знаем, что нам нужно знать о системе в тот момент, когда мы ее разрабатываем.",мой любимый фокус observerity мы понимаем когда системе станет плохо два часа ночи ваша система упадет с отказом по памяти будьте готовы к этому пожалуйста вот это и есть observerity это один ее аспект а второй аспект который для меня на самом деле самый важный обычно мы не знаем что нам нужно знать о системе в тот момент когда мы ее разрабатываем,False,0.1231,0.0707,0.0359,0.8829,0.0
whisper-medium-int8_beam5,C:\Users\dex\Desktop\repos\tts\results\quick_aug\augmented_audio\speed_0.95\test_00004.wav,test_00004.wav,C:\Users\dex\Desktop\repos\tts\data\processed\test\test_00004.wav,test_00004.wav,speed_0.95,25.897,long,мой любимый фокус observability мы понимаем когда системе станет плохо грубо говоря в два часа ночи ваша система упадёт с отказом по памяти будьте готовы к этому пожалуйста вот это и есть observability это один её аспект а второй аспект который для меня на самом деле самый важный обычно мы не знаем что нам нужно знать о системе в тот момент когда мы её разрабатываем,мой любимый фокус observability мы понимаем когда системе станет плохо грубо говоря в два часа ночи ваша система упадёт с отказом по памяти будьте готовы к этому пожалуйста вот это и есть observability это один её аспект а второй аспект который для меня на самом деле самый важный обычно мы не знаем что нам нужно знать о системе в тот момент когда мы её разрабатываем,"Мой любимый фокус Observability — мы понимаем, когда системе станет плохо. Грубо говоря, в два часа ночи ваша система упадет с отказом по памяти. Будьте готовы к этому, пожалуйста. Вот это и есть Observability — это один ее аспект. А второй аспект, который для меня, в самом деле, самый важный. Обычно мы не знаем, что нам нужно знать о системе в тот момент, когда мы ее разрабатываем.",мой любимый фокус observability мы понимаем когда системе станет плохо грубо говоря в два часа ночи ваша система упадет с отказом по памяти будьте готовы к этому пожалуйста вот это и есть observability это один ее аспект а второй аспект который для меня в самом деле самый важный обычно мы не знаем что нам нужно знать о системе в тот момент когда мы ее разрабатываем,False,0.0615,0.0136,0.0355,0.9184,0.0
whisper-medium-int8_beam5,C:\Users\dex\Desktop\repos\tts\results\quick_aug\augmented_audio\speed_1.05\test_00004.wav,test_00004.wav,C:\Users\dex\Desktop\repos\tts\data\processed\test\test_00004.wav,test_00004.wav,speed_1.05,23.431,long,мой любимый фокус observability мы понимаем когда системе станет плохо грубо говоря в два часа ночи ваша система упадёт с отказом по памяти будьте готовы к этому пожалуйста вот это и есть observability это один её аспект а второй аспект который для меня на самом деле самый важный обычно мы не знаем что нам нужно знать о системе в тот момент когда мы её разрабатываем,мой любимый фокус observability мы понимаем когда системе станет плохо грубо говоря в два часа ночи ваша система упадёт с отказом по памяти будьте готовы к этому пожалуйста вот это и есть observability это один её аспект а второй аспект который для меня на самом деле самый важный обычно мы не знаем что нам нужно знать о системе в тот момент когда мы её разрабатываем,"Мой любимый фокус Observability — мы понимаем, когда системе станет плохо. Грубо говоря, в два часа ночи ваша система упадет с отказом по памяти. Будьте готовы к этому, пожалуйста. Вот это и есть Observability — это один ее аспект. А второй аспект, который для меня, в самом деле, самый важный — обычно мы не знаем, что нам нужно знать о системе в тот момент, когда мы ее разрабатываем.",мой любимый фокус observability мы понимаем когда системе станет плохо грубо говоря в два часа ночи ваша система упадет с отказом по памяти будьте готовы к этому пожалуйста вот это и есть observability это один ее аспект а второй аспект который для меня в самом деле самый важный обычно мы не знаем что нам нужно знать о системе в тот момент когда мы ее разрабатываем,False,0.0615,0.0136,0.0391,0.9165,0.0
whisper-medium-int8_beam5,C:\Users\dex\Desktop\repos\tts\results\quick_aug\augmented_audio\gain_-6db\test_00004.wav,test_00004.wav,C:\Users\dex\Desktop\repos\tts\data\processed\test\test_00004.wav,test_00004.wav,gain_-6db,24.602,long,мой любимый фокус observability мы понимаем когда системе станет плохо грубо говоря в два часа ночи ваша система упадёт с отказом по памяти будьте готовы к этому пожалуйста вот это и есть observability это один её аспект а второй аспект который для меня на самом деле самый важный обычно мы не знаем что нам нужно знать о системе в тот момент когда мы её разрабатываем,мой любимый фокус observability мы понимаем когда системе станет плохо грубо говоря в два часа ночи ваша система упадёт с отказом по памяти будьте готовы к этому пожалуйста вот это и есть observability это один её аспект а второй аспект который для меня на самом деле самый важный обычно мы не знаем что нам нужно знать о системе в тот момент когда мы её разрабатываем,"Мой любимый фокус Observability — мы понимаем, когда системе станет плохо. Грубо говоря, в два часа ночи ваша система упадет с отказом по памяти. Будьте готовы к этому, пожалуйста. Вот это и есть Observability — это один ее аспект. А второй аспект, который для меня, в самом деле, самый важный. Обычно мы не знаем, что нам нужно знать о системе в тот момент, когда мы ее разрабатываем.",мой любимый фокус observability мы понимаем когда системе станет плохо грубо говоря в два часа ночи ваша система упадет с отказом по памяти будьте готовы к этому пожалуйста вот это и есть observability это один ее аспект а второй аспект который для меня в самом деле самый важный обычно мы не знаем что нам нужно знать о системе в тот момент когда мы ее разрабатываем,False,0.0615,0.0136,0.0373,0.9171,0.0
whisper-medium-int8_beam5,C:\Users\dex\Desktop\repos\tts\results\quick_aug\augmented_audio\lowpass_4000\test_00004.wav,test_00004.wav,C:\Users\dex\Desktop\repos\tts\data\processed\test\test_00004.wav,test_00004.wav,lowpass_4000,24.602,long,мой любимый фокус observability мы понимаем когда системе станет плохо грубо говоря в два часа ночи ваша система упадёт с отказом по памяти будьте готовы к этому пожалуйста вот это и есть observability это один её аспект а второй аспект который для меня на самом деле самый важный обычно мы не знаем что нам нужно знать о системе в тот момент когда мы её разрабатываем,мой любимый фокус observability мы понимаем когда системе станет плохо грубо говоря в два часа ночи ваша система упадёт с отказом по памяти будьте готовы к этому пожалуйста вот это и есть observability это один её аспект а второй аспект который для меня на самом деле самый важный обычно мы не знаем что нам нужно знать о системе в тот момент когда мы её разрабатываем,"Мой любимый фокус Observability – мы понимаем, когда системе станет плохо. Два часа ночи ваша система упадет с отказом по памяти. Будьте готовы к этому, пожалуйста. Вот это и есть Observability – это один ее аспект. А второй аспект, который для меня, в самом деле, самый важный. Обычно мы не знаем, что нам нужно знать о системе в тот момент, когда мы ее разрабатываем.",мой любимый фокус observability мы понимаем когда системе станет плохо два часа ночи ваша система упадет с отказом по памяти будьте готовы к этому пожалуйста вот это и есть observability это один ее аспект а второй аспект который для меня в самом деле самый важный обычно мы не знаем что нам нужно знать о системе в тот момент когда мы ее разрабатываем,False,0.1077,0.0543,0.0358,0.8799,0.0
whisper-medium-int8_beam5,C:\Users\dex\Desktop\repos\tts\data\processed\test\test_00005.wav,test_00005.wav,C:\Users\dex\Desktop\repos\tts\data\processed\test\test_00005.wav,test_00005.wav,clean,9.404,medium,и между ними может быть какое то количество дискретных столбиков где каждый столбик это своя частота это если совсем упрощать ну ты что то типа эквалайзера рассказал да да да по сути обычный эквалайзер,и между ними может быть какое то количество дискретных столбиков где каждый столбик это своя частота это если совсем упрощать ну ты что то типа эквалайзера рассказал да да да по сути обычный эквалайзер,"И между ними может быть какое-то количество дискретных столбиков, где каждый столбик — это своя чистота. Это если совсем упрощать. Ну ты что-то типа эквалайзера рассказал? Да-да-да, по сути обычный эквалайзер.",и между ними может быть какое то количество дискретных столбиков где каждый столбик это своя чистота это если совсем упрощать ну ты что то типа эквалайзера рассказал да да да по сути обычный эквалайзер,False,0.0294,0.005,0.0639,0.6013,0.0
whisper-medium-int8_beam5,C:\Users\dex\Desktop\repos\tts\results\quick_aug\augmented_audio\noise_20db\test_00005.wav,test_00005.wav,C:\Users\dex\Desktop\repos\tts\data\processed\test\test_00005.wav,test_00005.wav,noise_20db,9.404,medium,и между ними может быть какое то количество дискретных столбиков где каждый столбик это своя частота это если совсем упрощать ну ты что то типа эквалайзера рассказал да да да по сути обычный эквалайзер,и между ними может быть какое то количество дискретных столбиков где каждый столбик это своя частота это если совсем упрощать ну ты что то типа эквалайзера рассказал да да да по сути обычный эквалайзер,"между ними может быть какое-то количество дискретных столбиков, где каждый столбик это своя чистота, если совсем упрощать. Ты что-то типа эквалайзера рассказал? Да-да-да, по сути обычный эквалайзер.",между ними может быть какое то количество дискретных столбиков где каждый столбик это своя чистота если совсем упрощать ты что то типа эквалайзера рассказал да да да по сути обычный эквалайзер,False,0.1176,0.0498,0.0605,0.5689,0.0
whisper-medium-int8_beam5,C:\Users\dex\Desktop\repos\tts\results\quick_aug\augmented_audio\noise_10db\test_00005.wav,test_00005.wav,C:\Users\dex\Desktop\repos\tts\data\processed\test\test_00005.wav,test_00005.wav,noise_10db,9.404,medium,и между ними может быть какое то количество дискретных столбиков где каждый столбик это своя частота это если совсем упрощать ну ты что то типа эквалайзера рассказал да да да по сути обычный эквалайзер,и между ними может быть какое то количество дискретных столбиков где каждый столбик это своя частота это если совсем упрощать ну ты что то типа эквалайзера рассказал да да да по сути обычный эквалайзер,"Между ними может быть какое-то количество дискретных столбиков, где каждый столбик это своя чистота, если совсем упрощать. Ты что-то типа эквалайзера рассказал? Да-да-да, по сути обычный эквалайзер.",между ними может быть какое то количество дискретных столбиков где каждый столбик это своя чистота если совсем упрощать ты что то типа эквалайзера рассказал да да да по сути обычный эквалайзер,False,0.1176,0.0498,0.0608,0.5714,0.0
whisper-medium-int8_beam5,C:\Users\dex\Desktop\repos\tts\results\quick_aug\augmented_audio\speed_0.95\test_00005.wav,test_00005.wav,C:\Users\dex\Desktop\repos\tts\data\processed\test\test_00005.wav,test_00005.wav,speed_0.95,9.899,medium,и между ними может быть какое то количество дискретных столбиков где каждый столбик это своя частота это если совсем упрощать ну ты что то типа эквалайзера рассказал да да да по сути обычный эквалайзер,и между ними может быть какое то количество дискретных столбиков где каждый столбик это своя частота это если совсем упрощать ну ты что то типа эквалайзера рассказал да да да по сути обычный эквалайзер,"И между ними может быть какое-то количество дискретных столбиков, где каждый столбик это своя чистота. Это если совсем упрощать. Ты что-то типа эквалайзера рассказал? Да-да-да, по сути обычный эквалайзер.",и между ними может быть какое то количество дискретных столбиков где каждый столбик это своя чистота это если совсем упрощать ты что то типа эквалайзера рассказал да да да по сути обычный эквалайзер,False,0.0588,0.0199,0.059,0.5844,0.0
whisper-medium-int8_beam5,C:\Users\dex\Desktop\repos\tts\results\quick_aug\augmented_audio\speed_1.05\test_00005.wav,test_00005.wav,C:\Users\dex\Desktop\repos\tts\data\processed\test\test_00005.wav,test_00005.wav,speed_1.05,8.956,medium,и между ними может быть какое то количество дискретных столбиков где каждый столбик это своя частота это если совсем упрощать ну ты что то типа эквалайзера рассказал да да да по сути обычный эквалайзер,и между ними может быть какое то количество дискретных столбиков где каждый столбик это своя частота это если совсем упрощать ну ты что то типа эквалайзера рассказал да да да по сути обычный эквалайзер,"И между ними может быть какое-то количество дискретных столбиков, где каждый столбик — это своя чистота. Это если совсем упрощать. Ты что-то типа аквалайзера рассказал? Да-да-да, по сути обычный аквалайзер.",и между ними может быть какое то количество дискретных столбиков где каждый столбик это своя чистота это если совсем упрощать ты что то типа аквалайзера рассказал да да да по сути обычный аквалайзер,False,0.1176,0.0299,0.065,0.5825,0.0
whisper-medium-int8_beam5,C:\Users\dex\Desktop\repos\tts\results\quick_aug\augmented_audio\gain_-6db\test_00005.wav,test_00005.wav,C:\Users\dex\Desktop\repos\tts\data\processed\test\test_00005.wav,test_00005.wav,gain_-6db,9.404,medium,и между ними может быть какое то количество дискретных столбиков где каждый столбик это своя частота это если совсем упрощать ну ты что то типа эквалайзера рассказал да да да по сути обычный эквалайзер,и между ними может быть какое то количество дискретных столбиков где каждый столбик это своя частота это если совсем упрощать ну ты что то типа эквалайзера рассказал да да да по сути обычный эквалайзер,"И между ними может быть какое-то количество дискретных столбиков, где каждый столбик — это своя чистота, если совсем упрощать. — Ну ты что-то типа эквалайзера рассказал? — Да-да-да, по сути обычный эквалайзер.",и между ними может быть какое то количество дискретных столбиков где каждый столбик это своя чистота если совсем упрощать ну ты что то типа эквалайзера рассказал да да да по сути обычный эквалайзер,False,0.0588,0.0249,0.0636,0.5986,0.0
whisper-medium-int8_beam5,C:\Users\dex\Desktop\repos\tts\results\quick_aug\augmented_audio\lowpass_4000\test_00005.wav,test_00005.wav,C:\Users\dex\Desktop\repos\tts\data\processed\test\test_00005.wav,test_00005.wav,lowpass_4000,9.404,medium,и между ними может быть какое то количество дискретных столбиков где каждый столбик это своя частота это если совсем упрощать ну ты что то типа эквалайзера рассказал да да да по сути обычный эквалайзер,и между ними может быть какое то количество дискретных столбиков где каждый столбик это своя частота это если совсем упрощать ну ты что то типа эквалайзера рассказал да да да по сути обычный эквалайзер,"и между ними может быть какое-то количество дискретных столбиков, где каждый столбик это своя чистота, это если совсем упрощать. Ты что-то типа эквалайзера рассказал? Да-да-да, по сути обычный эквалайзер.",и между ними может быть какое то количество дискретных столбиков где каждый столбик это своя чистота это если совсем упрощать ты что то типа эквалайзера рассказал да да да по сути обычный эквалайзер,False,0.0588,0.0199,0.0611,0.5747,0.0
whisper-medium-int8_beam5,C:\Users\dex\Desktop\repos\tts\data\processed\test\test_00006.wav,test_00006.wav,C:\Users\dex\Desktop\repos\tts\data\processed\test\test_00006.wav,test_00006.wav,clean,20.132,long,ну и ещё вопрос такой важный лицензирования openstt недоступен для построения коммерческих моделей только академических а у голоса sberdevices golos там нету никаких ограничений фактически это лицензия близкая к creative commons share alike лицензии как это формулируется и это хорошо,ну и ещё вопрос такой важный лицензирования openstt недоступен для построения коммерческих моделей только академических а у голоса sberdevices golos там нету никаких ограничений фактически это лицензия близкая к creative commons share alike лицензии как это формулируется и это хорошо,"Ну и еще вопрос такой важный – лицензирование. OpenSTT недоступен для построения коммерческих моделей, только академических. А у Голоса, с Бердевайсом Голос, там нет никаких ограничений. Фактически это лицензия близкая к Creative Commons. Share a like – лицензии в любом немшем формулируются. Это хорошо.",ну и еще вопрос такой важный лицензирование openstt недоступен для построения коммерческих моделей только академических а у голоса с бердевайсом голос там нет никаких ограничений фактически это лицензия близкая к creative commons share a like лицензии в любом немшем формулируются это хорошо,False,0.3,0.1338,0.0402,0.8089,0.0
whisper-medium-int8_beam5,C:\Users\dex\Desktop\repos\tts\results\quick_aug\augmented_audio\noise_20db\test_00006.wav,test_00006.wav,C:\Users\dex\Desktop\repos\tts\data\processed\test\test_00006.wav,test_00006.wav,noise_20db,20.132,long,ну и ещё вопрос такой важный лицензирования openstt недоступен для построения коммерческих моделей только академических а у голоса sberdevices golos там нету никаких ограничений фактически это лицензия близкая к creative commons share alike лицензии как это формулируется и это хорошо,ну и ещё вопрос такой важный лицензирования openstt недоступен для построения коммерческих моделей только академических а у голоса sberdevices golos там нету никаких ограничений фактически это лицензия близкая к creative commons share alike лицензии как это формулируется и это хорошо,"Ну и ещё вопрос такой важной – лицензирование. OpenSTT недоступен для построения коммерческих моделей, только академических. А у Голоса, сбередываясь с Голосом, там нет никаких ограничений, фактически эта лицензия близкая к Creative Commons. Share a like – лицензию. Это хорошо.",ну и ещё вопрос такой важной лицензирование openstt недоступен для построения коммерческих моделей только академических а у голоса сбередываясь с голосом там нет никаких ограничений фактически эта лицензия близкая к creative commons share a like лицензию это хорошо,False,0.325,0.1796,0.0386,0.777,0.0
whisper-medium-int8_beam5,C:\Users\dex\Desktop\repos\tts\results\quick_aug\augmented_audio\noise_10db\test_00006.wav,test_00006.wav,C:\Users\dex\Desktop\repos\tts\data\processed\test\test_00006.wav,test_00006.wav,noise_10db,20.132,long,ну и ещё вопрос такой важный лицензирования openstt недоступен для построения коммерческих моделей только академических а у голоса sberdevices golos там нету никаких ограничений фактически это лицензия близкая к creative commons share alike лицензии как это формулируется и это хорошо,ну и ещё вопрос такой важный лицензирования openstt недоступен для построения коммерческих моделей только академических а у голоса sberdevices golos там нету никаких ограничений фактически это лицензия близкая к creative commons share alike лицензии как это формулируется и это хорошо,"Ну и еще вопрос такой важный – лицензирование. OpenSTT не доступен для построения коммерческих моделей, только академических. А у голоса, забердываясь от голоса, там нет никаких ограничений, фактически эта лицензия близкая к Creative Commons. Share a like лицензию, вы умны. Это хорошо.",ну и еще вопрос такой важный лицензирование openstt не доступен для построения коммерческих моделей только академических а у голоса забердываясь от голоса там нет никаких ограничений фактически эта лицензия близкая к creative commons share a like лицензию вы умны это хорошо,False,0.375,0.1725,0.0363,0.7305,0.0
whisper-medium-int8_beam5,C:\Users\dex\Desktop\repos\tts\results\quick_aug\augmented_audio\speed_0.95\test_00006.wav,test_00006.wav,C:\Users\dex\Desktop\repos\tts\data\processed\test\test_00006.wav,test_00006.wav,speed_0.95,21.192,long,ну и ещё вопрос такой важный лицензирования openstt недоступен для построения коммерческих моделей только академических а у голоса sberdevices golos там нету никаких ограничений фактически это лицензия близкая к creative commons share alike лицензии как это формулируется и это хорошо,ну и ещё вопрос такой важный лицензирования openstt недоступен для построения коммерческих моделей только академических а у голоса sberdevices golos там нету никаких ограничений фактически это лицензия близкая к creative commons share alike лицензии как это формулируется и это хорошо,"Ну и еще вопрос такой важный – лицензирование. OpenSTT недоступен для построения коммерческих моделей, только академических, а у ГОЛОС, с Бердевайсом ГОЛОС, там нет никаких ограничений, фактически это лицензия близкая к Creative Commons. Share a like – лицензии, в другом мне уже формулируется. Это хорошо.",ну и еще вопрос такой важный лицензирование openstt недоступен для построения коммерческих моделей только академических а у голос с бердевайсом голос там нет никаких ограничений фактически это лицензия близкая к creative commons share a like лицензии в другом мне уже формулируется это хорошо,False,0.35,0.1373,0.0395,0.8381,0.0
whisper-medium-int8_beam5,C:\Users\dex\Desktop\repos\tts\results\quick_aug\augmented_audio\speed_1.05\test_00006.wav,test_00006.wav,C:\Users\dex\Desktop\repos\tts\data\processed\test\test_00006.wav,test_00006.wav,speed_1.05,19.174,long,ну и ещё вопрос такой важный лицензирования openstt недоступен для построения коммерческих моделей только академических а у голоса sberdevices golos там нету никаких ограничений фактически это лицензия близкая к creative commons share alike лицензии как это формулируется и это хорошо,ну и ещё вопрос такой важный лицензирования openstt недоступен для построения коммерческих моделей только академических а у голоса sberdevices golos там нету никаких ограничений фактически это лицензия близкая к creative commons share alike лицензии как это формулируется и это хорошо,"Ну и еще вопрос такой важной – лицензирование. OpenSTT недоступен для построения коммерческих моделей, только академических, а у ГОЛОС, с Бердевайсом с ГОЛОС, там нет никаких ограничений, фактически это лицензия близкая к Creative Commons. Share a like, лицензии, в любом немшем формулируется. Это хорошо.",ну и еще вопрос такой важной лицензирование openstt недоступен для построения коммерческих моделей только академических а у голос с бердевайсом с голос там нет никаких ограничений фактически это лицензия близкая к creative commons share a like лицензии в любом немшем формулируется это хорошо,False,0.375,0.1408,0.0443,0.8489,0.0
whisper-medium-int8_beam5,C:\Users\dex\Desktop\repos\tts\results\quick_aug\augmented_audio\gain_-6db\test_00006.wav,test_00006.wav,C:\Users\dex\Desktop\repos\tts\data\processed\test\test_00006.wav,test_00006.wav,gain_-6db,20.132,long,ну и ещё вопрос такой важный лицензирования openstt недоступен для построения коммерческих моделей только академических а у голоса sberdevices golos там нету никаких ограничений фактически это лицензия близкая к creative commons share alike лицензии как это формулируется и это хорошо,ну и ещё вопрос такой важный лицензирования openstt недоступен для построения коммерческих моделей только академических а у голоса sberdevices golos там нету никаких ограничений фактически это лицензия близкая к creative commons share alike лицензии как это формулируется и это хорошо,"Ну и еще вопрос такой важный – лицензирование. OpenSTT недоступен для построения коммерческих моделей, только академических. А у Голоса, с Бердевайсом Голос, там нет никаких ограничений, фактически это лицензия близкая к Creative Commons. Share a like – лицензии, в любом немшем формулируется. Это хорошо.",ну и еще вопрос такой важный лицензирование openstt недоступен для построения коммерческих моделей только академических а у голоса с бердевайсом голос там нет никаких ограничений фактически это лицензия близкая к creative commons share a like лицензии в любом немшем формулируется это хорошо,False,0.3,0.1303,0.0409,0.8244,0.0
whisper-medium-int8_beam5,C:\Users\dex\Desktop\repos\tts\results\quick_aug\augmented_audio\lowpass_4000\test_00006.wav,test_00006.wav,C:\Users\dex\Desktop\repos\tts\data\processed\test\test_00006.wav,test_00006.wav,lowpass_4000,20.132,long,ну и ещё вопрос такой важный лицензирования openstt недоступен для построения коммерческих моделей только академических а у голоса sberdevices golos там нету никаких ограничений фактически это лицензия близкая к creative commons share alike лицензии как это формулируется и это хорошо,ну и ещё вопрос такой важный лицензирования openstt недоступен для построения коммерческих моделей только академических а у голоса sberdevices golos там нету никаких ограничений фактически это лицензия близкая к creative commons share alike лицензии как это формулируется и это хорошо,"Ну и еще вопрос такой важной – лицензирование. OpenSTT недоступен для построения коммерческих моделей, только академических. А у Голоса, сбородаваясь с Голосом, там нет никаких ограничений. Фактически эта лицензия близкая к Creative Commons. Share a like. Лицензии в другом мнении шутятся. Это хорошо.",ну и еще вопрос такой важной лицензирование openstt недоступен для построения коммерческих моделей только академических а у голоса сбородаваясь с голосом там нет никаких ограничений фактически эта лицензия близкая к creative commons share a like лицензии в другом мнении шутятся это хорошо,False,0.35,0.162,0.0399,0.8025,0.0
whisper-medium-int8_beam5,C:\Users\dex\Desktop\repos\tts\data\processed\test\test_00007.wav,test_00007.wav,C:\Users\dex\Desktop\repos\tts\data\processed\test\test_00007.wav,test_00007.wav,clean,16.534,long,да это отсутствие долго живущих бранчей другими словами отсутствие какого то кода но код сам по себе даже если он не проинтегрирован это ведь не такая уж и проблема казалось бы ну да ну фича неможко пылится на полке ну чуть позже её там юзер получит ну всё так,да это отсутствие долго живущих бранчей другими словами отсутствие какого то кода но код сам по себе даже если он не проинтегрирован это ведь не такая уж и проблема казалось бы ну да ну фича неможко пылится на полке ну чуть позже её там юзер получит ну всё так,"Да, это отсутствие долгоживущей бранчей. Другими словами отсутствие какого-то кода. Но код сам по себе, даже если он не проинтегрирован, это ведь не такая уж и проблема, казалось бы. Ну да, фича немножко пылится на полке, но чуть позже ее там юзер получит. Вот все так.",да это отсутствие долгоживущей бранчей другими словами отсутствие какого то кода но код сам по себе даже если он не проинтегрирован это ведь не такая уж и проблема казалось бы ну да фича немножко пылится на полке но чуть позже ее там юзер получит вот все так,False,0.1633,0.05,0.047,0.777,0.0
whisper-medium-int8_beam5,C:\Users\dex\Desktop\repos\tts\results\quick_aug\augmented_audio\noise_20db\test_00007.wav,test_00007.wav,C:\Users\dex\Desktop\repos\tts\data\processed\test\test_00007.wav,test_00007.wav,noise_20db,16.534,long,да это отсутствие долго живущих бранчей другими словами отсутствие какого то кода но код сам по себе даже если он не проинтегрирован это ведь не такая уж и проблема казалось бы ну да ну фича неможко пылится на полке ну чуть позже её там юзер получит ну всё так,да это отсутствие долго живущих бранчей другими словами отсутствие какого то кода но код сам по себе даже если он не проинтегрирован это ведь не такая уж и проблема казалось бы ну да ну фича неможко пылится на полке ну чуть позже её там юзер получит ну всё так,"Да, это отсутствие долгоживущих бранчей. Другими словами, отсутствие какого-то кода. Но код сам по себе, даже если он не проинтегрирован, это ведь не такая уж и проблема, казалось бы. Ну да, но фича немножко пылится на полке, но чуть позже ее там юзер получит. Вот все так.",да это отсутствие долгоживущих бранчей другими словами отсутствие какого то кода но код сам по себе даже если он не проинтегрирован это ведь не такая уж и проблема казалось бы ну да но фича немножко пылится на полке но чуть позже ее там юзер получит вот все так,False,0.1633,0.0346,0.0468,0.7743,0.0
whisper-medium-int8_beam5,C:\Users\dex\Desktop\repos\tts\results\quick_aug\augmented_audio\noise_10db\test_00007.wav,test_00007.wav,C:\Users\dex\Desktop\repos\tts\data\processed\test\test_00007.wav,test_00007.wav,noise_10db,16.534,long,да это отсутствие долго живущих бранчей другими словами отсутствие какого то кода но код сам по себе даже если он не проинтегрирован это ведь не такая уж и проблема казалось бы ну да ну фича неможко пылится на полке ну чуть позже её там юзер получит ну всё так,да это отсутствие долго живущих бранчей другими словами отсутствие какого то кода но код сам по себе даже если он не проинтегрирован это ведь не такая уж и проблема казалось бы ну да ну фича неможко пылится на полке ну чуть позже её там юзер получит ну всё так,"Да, это отсутствие долгоживущей бранчи. Родими словами, отсутствие какого-то кода. Но код сам по себе, даже если он не проинтегрирован, это ведь не такая уж и проблема, казалось бы. Ну да, оно фичей немножко пылится на полке, но чуть позже ее там юзер получит, но все, так.",да это отсутствие долгоживущей бранчи родими словами отсутствие какого то кода но код сам по себе даже если он не проинтегрирован это ведь не такая уж и проблема казалось бы ну да оно фичей немножко пылится на полке но чуть позже ее там юзер получит но все так,False,0.2245,0.0654,0.0469,0.7762,0.0
whisper-medium-int8_beam5,C:\Users\dex\Desktop\repos\tts\results\quick_aug\augmented_audio\speed_0.95\test_00007.wav,test_00007.wav,C:\Users\dex\Desktop\repos\tts\data\processed\test\test_00007.wav,test_00007.wav,speed_0.95,17.404,long,да это отсутствие долго живущих бранчей другими словами отсутствие какого то кода но код сам по себе даже если он не проинтегрирован это ведь не такая уж и проблема казалось бы ну да ну фича неможко пылится на полке ну чуть позже её там юзер получит ну всё так,да это отсутствие долго живущих бранчей другими словами отсутствие какого то кода но код сам по себе даже если он не проинтегрирован это ведь не такая уж и проблема казалось бы ну да ну фича неможко пылится на полке ну чуть позже её там юзер получит ну всё так,"Да, это отсутствие долгоживущей бранчи. Другими словами отсутствие какого-то кода. Но код сам по себе, даже если он не проинтегрирован, это ведь не такая уж и проблема, казалось бы. Ну да, оно фичей немножко пылится на полке, но чуть позже ее там юзер получит. Вот все... так.",да это отсутствие долгоживущей бранчи другими словами отсутствие какого то кода но код сам по себе даже если он не проинтегрирован это ведь не такая уж и проблема казалось бы ну да оно фичей немножко пылится на полке но чуть позже ее там юзер получит вот все так,False,0.2041,0.0615,0.0454,0.7903,0.0
whisper-medium-int8_beam5,C:\Users\dex\Desktop\repos\tts\results\quick_aug\augmented_audio\speed_1.05\test_00007.wav,test_00007.wav,C:\Users\dex\Desktop\repos\tts\data\processed\test\test_00007.wav,test_00007.wav,speed_1.05,15.746,long,да это отсутствие долго живущих бранчей другими словами отсутствие какого то кода но код сам по себе даже если он не проинтегрирован это ведь не такая уж и проблема казалось бы ну да ну фича неможко пылится на полке ну чуть позже её там юзер получит ну всё так,да это отсутствие долго живущих бранчей другими словами отсутствие какого то кода но код сам по себе даже если он не проинтегрирован это ведь не такая уж и проблема казалось бы ну да ну фича неможко пылится на полке ну чуть позже её там юзер получит ну всё так,"Да, это отсутствие долгоживущей бранчей. Другими словами, отсутствие какого-то кода. Но код сам по себе, даже если он не проинтегрирован, это ведь не такая уж и проблема, казалось бы. Ну да, фича немножко пылится на полке, но чуть позже ее там юзер получит, но все так.",да это отсутствие долгоживущей бранчей другими словами отсутствие какого то кода но код сам по себе даже если он не проинтегрирован это ведь не такая уж и проблема казалось бы ну да фича немножко пылится на полке но чуть позже ее там юзер получит но все так,False,0.1633,0.0423,0.0503,0.792,0.0
whisper-medium-int8_beam5,C:\Users\dex\Desktop\repos\tts\results\quick_aug\augmented_audio\gain_-6db\test_00007.wav,test_00007.wav,C:\Users\dex\Desktop\repos\tts\data\processed\test\test_00007.wav,test_00007.wav,gain_-6db,16.534,long,да это отсутствие долго живущих бранчей другими словами отсутствие какого то кода но код сам по себе даже если он не проинтегрирован это ведь не такая уж и проблема казалось бы ну да ну фича неможко пылится на полке ну чуть позже её там юзер получит ну всё так,да это отсутствие долго живущих бранчей другими словами отсутствие какого то кода но код сам по себе даже если он не проинтегрирован это ведь не такая уж и проблема казалось бы ну да ну фича неможко пылится на полке ну чуть позже её там юзер получит ну всё так,"Да, это отсутствие долгоживущей бранчей. Другими словами, отсутствие какого-то кода. Но код сам по себе, даже если он не проинтегрирован, это ведь не такая уж и проблема, казалось бы. Ну да, но фича немножко пылится на полке, но чуть позже ее там юзер получит. Вот все так.",да это отсутствие долгоживущей бранчей другими словами отсутствие какого то кода но код сам по себе даже если он не проинтегрирован это ведь не такая уж и проблема казалось бы ну да но фича немножко пылится на полке но чуть позже ее там юзер получит вот все так,False,0.1633,0.0423,0.0467,0.7718,0.0
whisper-medium-int8_beam5,C:\Users\dex\Desktop\repos\tts\results\quick_aug\augmented_audio\lowpass_4000\test_00007.wav,test_00007.wav,C:\Users\dex\Desktop\repos\tts\data\processed\test\test_00007.wav,test_00007.wav,lowpass_4000,16.534,long,да это отсутствие долго живущих бранчей другими словами отсутствие какого то кода но код сам по себе даже если он не проинтегрирован это ведь не такая уж и проблема казалось бы ну да ну фича неможко пылится на полке ну чуть позже её там юзер получит ну всё так,да это отсутствие долго живущих бранчей другими словами отсутствие какого то кода но код сам по себе даже если он не проинтегрирован это ведь не такая уж и проблема казалось бы ну да ну фича неможко пылится на полке ну чуть позже её там юзер получит ну всё так,"Да, это отсутствие долгоживущих бранчей. Другими словами отсутствие какого-то кода. Но код сам по себе, даже если он не проинтегрирован, это ведь не такая уж и проблема, казалось бы. Ну да, фича немножко пылится на полке, но чуть позже ее там юзер получит. Вот все так.",да это отсутствие долгоживущих бранчей другими словами отсутствие какого то кода но код сам по себе даже если он не проинтегрирован это ведь не такая уж и проблема казалось бы ну да фича немножко пылится на полке но чуть позже ее там юзер получит вот все так,False,0.1633,0.0423,0.0462,0.7647,0.0
whisper-medium-int8_beam5,C:\Users\dex\Desktop\repos\tts\data\processed\test\test_00008.wav,test_00008.wav,C:\Users\dex\Desktop\repos\tts\data\processed\test\test_00008.wav,test_00008.wav,clean,8.121,medium,и поэтому использовать их в повседневности не получается мы вынуждены поступать зачастую интуитивно,и поэтому использовать их в повседневности не получается мы вынуждены поступать зачастую интуитивно,И поэтому использовать их в повседневности не получается. Мы вынуждены поступать зачастую интуитивно.,и поэтому использовать их в повседневности не получается мы вынуждены поступать зачастую интуитивно,True,0.0,0.0,0.0408,0.331,0.0
whisper-medium-int8_beam5,C:\Users\dex\Desktop\repos\tts\results\quick_aug\augmented_audio\noise_20db\test_00008.wav,test_00008.wav,C:\Users\dex\Desktop\repos\tts\data\processed\test\test_00008.wav,test_00008.wav,noise_20db,8.121,medium,и поэтому использовать их в повседневности не получается мы вынуждены поступать зачастую интуитивно,и поэтому использовать их в повседневности не получается мы вынуждены поступать зачастую интуитивно,и поэтому использовать их в повседневности не получается. Мы вынуждены поступать зачастую интуитивно.,и поэтому использовать их в повседневности не получается мы вынуждены поступать зачастую интуитивно,True,0.0,0.0,0.0406,0.3299,0.0
whisper-medium-int8_beam5,C:\Users\dex\Desktop\repos\tts\results\quick_aug\augmented_audio\noise_10db\test_00008.wav,test_00008.wav,C:\Users\dex\Desktop\repos\tts\data\processed\test\test_00008.wav,test_00008.wav,noise_10db,8.121,medium,и поэтому использовать их в повседневности не получается мы вынуждены поступать зачастую интуитивно,и поэтому использовать их в повседневности не получается мы вынуждены поступать зачастую интуитивно,И поэтому использовать их в повседневности не получается. Мы вынуждены поступать зачастую интуитивно.,и поэтому использовать их в повседневности не получается мы вынуждены поступать зачастую интуитивно,True,0.0,0.0,0.0406,0.3294,0.0
whisper-medium-int8_beam5,C:\Users\dex\Desktop\repos\tts\results\quick_aug\augmented_audio\speed_0.95\test_00008.wav,test_00008.wav,C:\Users\dex\Desktop\repos\tts\data\processed\test\test_00008.wav,test_00008.wav,speed_0.95,8.549,medium,и поэтому использовать их в повседневности не получается мы вынуждены поступать зачастую интуитивно,и поэтому использовать их в повседневности не получается мы вынуждены поступать зачастую интуитивно,И поэтому использовать их в повседневности не получается. Мы вынуждены поступать зачастую интуитивно.,и поэтому использовать их в повседневности не получается мы вынуждены поступать зачастую интуитивно,True,0.0,0.0,0.0383,0.3274,0.0
whisper-medium-int8_beam5,C:\Users\dex\Desktop\repos\tts\results\quick_aug\augmented_audio\speed_1.05\test_00008.wav,test_00008.wav,C:\Users\dex\Desktop\repos\tts\data\processed\test\test_00008.wav,test_00008.wav,speed_1.05,7.734,medium,и поэтому использовать их в повседневности не получается мы вынуждены поступать зачастую интуитивно,и поэтому использовать их в повседневности не получается мы вынуждены поступать зачастую интуитивно,И поэтому использовать их в повседневности не получается. Мы вынуждены поступать зачастую интуитивно.,и поэтому использовать их в повседневности не получается мы вынуждены поступать зачастую интуитивно,True,0.0,0.0,0.0435,0.3366,0.0
whisper-medium-int8_beam5,C:\Users\dex\Desktop\repos\tts\results\quick_aug\augmented_audio\gain_-6db\test_00008.wav,test_00008.wav,C:\Users\dex\Desktop\repos\tts\data\processed\test\test_00008.wav,test_00008.wav,gain_-6db,8.121,medium,и поэтому использовать их в повседневности не получается мы вынуждены поступать зачастую интуитивно,и поэтому использовать их в повседневности не получается мы вынуждены поступать зачастую интуитивно,И поэтому использовать их в повседневности не получается. Мы вынуждены поступать зачастую интуитивно.,и поэтому использовать их в повседневности не получается мы вынуждены поступать зачастую интуитивно,True,0.0,0.0,0.0405,0.3291,0.0
whisper-medium-int8_beam5,C:\Users\dex\Desktop\repos\tts\results\quick_aug\augmented_audio\lowpass_4000\test_00008.wav,test_00008.wav,C:\Users\dex\Desktop\repos\tts\data\processed\test\test_00008.wav,test_00008.wav,lowpass_4000,8.121,medium,и поэтому использовать их в повседневности не получается мы вынуждены поступать зачастую интуитивно,и поэтому использовать их в повседневности не получается мы вынуждены поступать зачастую интуитивно,И поэтому использовать их в повседневности не получается. Мы вынуждены поступать зачастую интуитивно.,и поэтому использовать их в повседневности не получается мы вынуждены поступать зачастую интуитивно,True,0.0,0.0,0.0404,0.3285,0.0
whisper-medium-int8_beam5,C:\Users\dex\Desktop\repos\tts\data\processed\test\test_00009.wav,test_00009.wav,C:\Users\dex\Desktop\repos\tts\data\processed\test\test_00009.wav,test_00009.wav,clean,26.906,long,краеугольным камнем любых алгоритмов машинного обучения является прежде всего обобщающая способность когда мы обучаем некоторую модель у нас есть обучающая выборка у нас есть функция ошибки и наша задача сводится в общем то к оптимизационной задаче мы минимизируем функцию ошибки по параметрам нашей модели на обучающей выборке но на самом деле хотим то мы не этого мы не обучающую ошибку хотим минимизировать,краеугольным камнем любых алгоритмов машинного обучения является прежде всего обобщающая способность когда мы обучаем некоторую модель у нас есть обучающая выборка у нас есть функция ошибки и наша задача сводится в общем то к оптимизационной задаче мы минимизируем функцию ошибки по параметрам нашей модели на обучающей выборке но на самом деле хотим то мы не этого мы не обучающую ошибку хотим минимизировать,"Краеугольным камнем у любых алгоритмов машинного обучения является, прежде всего, обобщающая способность. Когда мы обучаем некоторую модель, у нас есть обучающая выборка, у нас есть функция ошибки, и наша задача сводится в общем-то к оптимизационной задаче. Мы минимизируем функцию ошибки по параметрам нашей модели на обучающей выборке. Но на самом деле хотим-то мы не этого. Мы не обучающую ошибку хотим минимизировать.",краеугольным камнем у любых алгоритмов машинного обучения является прежде всего обобщающая способность когда мы обучаем некоторую модель у нас есть обучающая выборка у нас есть функция ошибки и наша задача сводится в общем то к оптимизационной задаче мы минимизируем функцию ошибки по параметрам нашей модели на обучающей выборке но на самом деле хотим то мы не этого мы не обучающую ошибку хотим минимизировать,False,0.0161,0.0049,0.0397,1.0678,0.0
whisper-medium-int8_beam5,C:\Users\dex\Desktop\repos\tts\results\quick_aug\augmented_audio\noise_20db\test_00009.wav,test_00009.wav,C:\Users\dex\Desktop\repos\tts\data\processed\test\test_00009.wav,test_00009.wav,noise_20db,26.906,long,краеугольным камнем любых алгоритмов машинного обучения является прежде всего обобщающая способность когда мы обучаем некоторую модель у нас есть обучающая выборка у нас есть функция ошибки и наша задача сводится в общем то к оптимизационной задаче мы минимизируем функцию ошибки по параметрам нашей модели на обучающей выборке но на самом деле хотим то мы не этого мы не обучающую ошибку хотим минимизировать,краеугольным камнем любых алгоритмов машинного обучения является прежде всего обобщающая способность когда мы обучаем некоторую модель у нас есть обучающая выборка у нас есть функция ошибки и наша задача сводится в общем то к оптимизационной задаче мы минимизируем функцию ошибки по параметрам нашей модели на обучающей выборке но на самом деле хотим то мы не этого мы не обучающую ошибку хотим минимизировать,"Краеугольным камнем любых алгоритмов машинного обучения является прежде всего обобщающая способность. Когда мы обучаем некоторую модель, у нас есть обучающая выборка, у нас есть функция ошибки, и наша задача сводится в общем-то к оптимизационной задаче. Мы минимизируем функцию ошибки по параметрам нашей модели на обучающие выборы. Но на самом деле хотим-то мы не этого, мы не обучающую ошибку хотим минимизировать.",краеугольным камнем любых алгоритмов машинного обучения является прежде всего обобщающая способность когда мы обучаем некоторую модель у нас есть обучающая выборка у нас есть функция ошибки и наша задача сводится в общем то к оптимизационной задаче мы минимизируем функцию ошибки по параметрам нашей модели на обучающие выборы но на самом деле хотим то мы не этого мы не обучающую ошибку хотим минимизировать,False,0.0323,0.0098,0.0393,1.0574,0.0
whisper-medium-int8_beam5,C:\Users\dex\Desktop\repos\tts\results\quick_aug\augmented_audio\noise_10db\test_00009.wav,test_00009.wav,C:\Users\dex\Desktop\repos\tts\data\processed\test\test_00009.wav,test_00009.wav,noise_10db,26.906,long,краеугольным камнем любых алгоритмов машинного обучения является прежде всего обобщающая способность когда мы обучаем некоторую модель у нас есть обучающая выборка у нас есть функция ошибки и наша задача сводится в общем то к оптимизационной задаче мы минимизируем функцию ошибки по параметрам нашей модели на обучающей выборке но на самом деле хотим то мы не этого мы не обучающую ошибку хотим минимизировать,краеугольным камнем любых алгоритмов машинного обучения является прежде всего обобщающая способность когда мы обучаем некоторую модель у нас есть обучающая выборка у нас есть функция ошибки и наша задача сводится в общем то к оптимизационной задаче мы минимизируем функцию ошибки по параметрам нашей модели на обучающей выборке но на самом деле хотим то мы не этого мы не обучающую ошибку хотим минимизировать,"Краеугольным камнем любых алгоритмов машинного обучения является, напряжение всего, обобщающая способность. Когда мы обучаем некоторую модель, у нас есть обучающая выборка, у нас есть смысл ошибки, и наша задача сводится в общение с оптимизационной задачей. Мы минимизируем функцию ошибки по параметрам нашей модели на обучающие выборы. Но на самом деле, хотим-то мы не этого, мы не обучающую ошибку хотим минимизировать.",краеугольным камнем любых алгоритмов машинного обучения является напряжение всего обобщающая способность когда мы обучаем некоторую модель у нас есть обучающая выборка у нас есть смысл ошибки и наша задача сводится в общение с оптимизационной задачей мы минимизируем функцию ошибки по параметрам нашей модели на обучающие выборы но на самом деле хотим то мы не этого мы не обучающую ошибку хотим минимизировать,False,0.129,0.0562,0.0399,1.0739,0.0
whisper-medium-int8_beam5,C:\Users\dex\Desktop\repos\tts\results\quick_aug\augmented_audio\speed_0.95\test_00009.wav,test_00009.wav,C:\Users\dex\Desktop\repos\tts\data\processed\test\test_00009.wav,test_00009.wav,speed_0.95,28.322,long,краеугольным камнем любых алгоритмов машинного обучения является прежде всего обобщающая способность когда мы обучаем некоторую модель у нас есть обучающая выборка у нас есть функция ошибки и наша задача сводится в общем то к оптимизационной задаче мы минимизируем функцию ошибки по параметрам нашей модели на обучающей выборке но на самом деле хотим то мы не этого мы не обучающую ошибку хотим минимизировать,краеугольным камнем любых алгоритмов машинного обучения является прежде всего обобщающая способность когда мы обучаем некоторую модель у нас есть обучающая выборка у нас есть функция ошибки и наша задача сводится в общем то к оптимизационной задаче мы минимизируем функцию ошибки по параметрам нашей модели на обучающей выборке но на самом деле хотим то мы не этого мы не обучающую ошибку хотим минимизировать,"Краеугольным камнем любых алгоритмов машинного обучения является, прежде всего, обобщающая способность. Когда мы обучаем некоторую модель, у нас есть обучающая выборка, у нас есть функция ошибки, и наша задача сводится в общем-то к оптимизационной задаче. Мы минимизируем функцию ошибки по параметрам нашей модели на обучающей выборке. Но на самом деле хотим-то мы не этого. Мы не обучающую ошибку хотим минимизировать.",краеугольным камнем любых алгоритмов машинного обучения является прежде всего обобщающая способность когда мы обучаем некоторую модель у нас есть обучающая выборка у нас есть функция ошибки и наша задача сводится в общем то к оптимизационной задаче мы минимизируем функцию ошибки по параметрам нашей модели на обучающей выборке но на самом деле хотим то мы не этого мы не обучающую ошибку хотим минимизировать,True,0.0,0.0,0.0378,1.0711,0.0
whisper-medium-int8_beam5,C:\Users\dex\Desktop\repos\tts\results\quick_aug\augmented_audio\speed_1.05\test_00009.wav,test_00009.wav,C:\Users\dex\Desktop\repos\tts\data\processed\test\test_00009.wav,test_00009.wav,speed_1.05,25.625,long,краеугольным камнем любых алгоритмов машинного обучения является прежде всего обобщающая способность когда мы обучаем некоторую модель у нас есть обучающая выборка у нас есть функция ошибки и наша задача сводится в общем то к оптимизационной задаче мы минимизируем функцию ошибки по параметрам нашей модели на обучающей выборке но на самом деле хотим то мы не этого мы не обучающую ошибку хотим минимизировать,краеугольным камнем любых алгоритмов машинного обучения является прежде всего обобщающая способность когда мы обучаем некоторую модель у нас есть обучающая выборка у нас есть функция ошибки и наша задача сводится в общем то к оптимизационной задаче мы минимизируем функцию ошибки по параметрам нашей модели на обучающей выборке но на самом деле хотим то мы не этого мы не обучающую ошибку хотим минимизировать,"Краеугольным камнем у любых алгоритмов машинного обучения является, прежде всего, обобщающая способность. Когда мы обучаем некоторую модель, у нас есть обучающая выборка, у нас есть функция ошибки, и наша задача сводится в общем-то к оптимизационной задаче. Мы минимизируем функцию ошибки по параметрам нашей модели на обучающей выборке. Но на самом деле хотим-то мы не этого, мы не обучающую ошибку хотим минимизировать.",краеугольным камнем у любых алгоритмов машинного обучения является прежде всего обобщающая способность когда мы обучаем некоторую модель у нас есть обучающая выборка у нас есть функция ошибки и наша задача сводится в общем то к оптимизационной задаче мы минимизируем функцию ошибки по параметрам нашей модели на обучающей выборке но на самом деле хотим то мы не этого мы не обучающую ошибку хотим минимизировать,False,0.0161,0.0049,0.042,1.0757,0.0
whisper-medium-int8_beam5,C:\Users\dex\Desktop\repos\tts\results\quick_aug\augmented_audio\gain_-6db\test_00009.wav,test_00009.wav,C:\Users\dex\Desktop\repos\tts\data\processed\test\test_00009.wav,test_00009.wav,gain_-6db,26.906,long,краеугольным камнем любых алгоритмов машинного обучения является прежде всего обобщающая способность когда мы обучаем некоторую модель у нас есть обучающая выборка у нас есть функция ошибки и наша задача сводится в общем то к оптимизационной задаче мы минимизируем функцию ошибки по параметрам нашей модели на обучающей выборке но на самом деле хотим то мы не этого мы не обучающую ошибку хотим минимизировать,краеугольным камнем любых алгоритмов машинного обучения является прежде всего обобщающая способность когда мы обучаем некоторую модель у нас есть обучающая выборка у нас есть функция ошибки и наша задача сводится в общем то к оптимизационной задаче мы минимизируем функцию ошибки по параметрам нашей модели на обучающей выборке но на самом деле хотим то мы не этого мы не обучающую ошибку хотим минимизировать,"Краеугольным камнем у любых алгоритмов машинного обучения является, прежде всего, обобщающая способность. Когда мы обучаем некоторую модель, у нас есть обучающая выборка, у нас есть функция ошибки, и наша задача сводится в общем-то к оптимизационной задаче. Мы минимизируем функцию ошибки по параметрам нашей модели на обучающей выборке. Но на самом деле хотим-то мы не этого, мы не обучающую ошибку хотим минимизировать.",краеугольным камнем у любых алгоритмов машинного обучения является прежде всего обобщающая способность когда мы обучаем некоторую модель у нас есть обучающая выборка у нас есть функция ошибки и наша задача сводится в общем то к оптимизационной задаче мы минимизируем функцию ошибки по параметрам нашей модели на обучающей выборке но на самом деле хотим то мы не этого мы не обучающую ошибку хотим минимизировать,False,0.0161,0.0049,0.0396,1.0652,0.0
whisper-medium-int8_beam5,C:\Users\dex\Desktop\repos\tts\results\quick_aug\augmented_audio\lowpass_4000\test_00009.wav,test_00009.wav,C:\Users\dex\Desktop\repos\tts\data\processed\test\test_00009.wav,test_00009.wav,lowpass_4000,26.906,long,краеугольным камнем любых алгоритмов машинного обучения является прежде всего обобщающая способность когда мы обучаем некоторую модель у нас есть обучающая выборка у нас есть функция ошибки и наша задача сводится в общем то к оптимизационной задаче мы минимизируем функцию ошибки по параметрам нашей модели на обучающей выборке но на самом деле хотим то мы не этого мы не обучающую ошибку хотим минимизировать,краеугольным камнем любых алгоритмов машинного обучения является прежде всего обобщающая способность когда мы обучаем некоторую модель у нас есть обучающая выборка у нас есть функция ошибки и наша задача сводится в общем то к оптимизационной задаче мы минимизируем функцию ошибки по параметрам нашей модели на обучающей выборке но на самом деле хотим то мы не этого мы не обучающую ошибку хотим минимизировать,"Краеугольным камнем у любых алгоритмов машинного обучения является, прежде всего, обобщающая способность. Когда мы обучаем некоторую модель, у нас есть обучающая выборка, у нас есть функция ошибки, и наша задача сводится в общем-то к оптимизационной задаче. Мы минимизируем функцию ошибки по параметрам нашей модели на обучающей выборке. Но на самом деле хотим-то мы не этого, мы не обучающую ошибку хотим минимизировать.",краеугольным камнем у любых алгоритмов машинного обучения является прежде всего обобщающая способность когда мы обучаем некоторую модель у нас есть обучающая выборка у нас есть функция ошибки и наша задача сводится в общем то к оптимизационной задаче мы минимизируем функцию ошибки по параметрам нашей модели на обучающей выборке но на самом деле хотим то мы не этого мы не обучающую ошибку хотим минимизировать,False,0.0161,0.0049,0.0405,1.09,0.0
whisper-medium-int8_beam5,C:\Users\dex\Desktop\repos\tts\data\processed\test\test_00010.wav,test_00010.wav,C:\Users\dex\Desktop\repos\tts\data\processed\test\test_00010.wav,test_00010.wav,clean,16.159,long,и мне кажется абсолютно все замечали что детские крики раздражают там и ты на них обращаешь внимание намного сильнее чем какие то низкие частоты здесь кажется то что ну наверное из этого следует что высокие частоты мы слышим там и распознаём лучше чем например низкие,и мне кажется абсолютно все замечали что детские крики раздражают там и ты на них обращаешь внимание намного сильнее чем какие то низкие частоты здесь кажется то что ну наверное из этого следует что высокие частоты мы слышим там и распознаём лучше чем например низкие,"И, мне кажется, абсолютно все замечали, что детские крики раздражают, и ты на них обращаешь внимание намного сильнее, чем какие-то низкие частоты. Здесь кажется, что, наверное, из этого следует, что высокие частоты мы слышим и распознаём лучше, чем, например, низкие.",и мне кажется абсолютно все замечали что детские крики раздражают и ты на них обращаешь внимание намного сильнее чем какие то низкие частоты здесь кажется что наверное из этого следует что высокие частоты мы слышим и распознаём лучше чем например низкие,False,0.0889,0.0524,0.0435,0.7025,0.0
whisper-medium-int8_beam5,C:\Users\dex\Desktop\repos\tts\results\quick_aug\augmented_audio\noise_20db\test_00010.wav,test_00010.wav,C:\Users\dex\Desktop\repos\tts\data\processed\test\test_00010.wav,test_00010.wav,noise_20db,16.159,long,и мне кажется абсолютно все замечали что детские крики раздражают там и ты на них обращаешь внимание намного сильнее чем какие то низкие частоты здесь кажется то что ну наверное из этого следует что высокие частоты мы слышим там и распознаём лучше чем например низкие,и мне кажется абсолютно все замечали что детские крики раздражают там и ты на них обращаешь внимание намного сильнее чем какие то низкие частоты здесь кажется то что ну наверное из этого следует что высокие частоты мы слышим там и распознаём лучше чем например низкие,"И мне кажется, абсолютно все замечали, что детские крики раздражают, и ты на них обращаешь внимание намного сильнее, чем какие-то низкие частоты. Здесь кажется, что, наверное, из этого следует, что высокие частоты мы слышим и распознаём лучше, чем, например, низкие.",и мне кажется абсолютно все замечали что детские крики раздражают и ты на них обращаешь внимание намного сильнее чем какие то низкие частоты здесь кажется что наверное из этого следует что высокие частоты мы слышим и распознаём лучше чем например низкие,False,0.0889,0.0524,0.0412,0.6653,0.0
whisper-medium-int8_beam5,C:\Users\dex\Desktop\repos\tts\results\quick_aug\augmented_audio\noise_10db\test_00010.wav,test_00010.wav,C:\Users\dex\Desktop\repos\tts\data\processed\test\test_00010.wav,test_00010.wav,noise_10db,16.159,long,и мне кажется абсолютно все замечали что детские крики раздражают там и ты на них обращаешь внимание намного сильнее чем какие то низкие частоты здесь кажется то что ну наверное из этого следует что высокие частоты мы слышим там и распознаём лучше чем например низкие,и мне кажется абсолютно все замечали что детские крики раздражают там и ты на них обращаешь внимание намного сильнее чем какие то низкие частоты здесь кажется то что ну наверное из этого следует что высокие частоты мы слышим там и распознаём лучше чем например низкие,"И, мне кажется, абсолютно все замечали, что детские крики раздражают, и ты на них обращаешь внимание намного сильнее, чем какие-то низкие частоты. Здесь кажется, что, наверное, из этого следует, что высокие частоты мы слышим и распознаём лучше, чем, например, низкие.",и мне кажется абсолютно все замечали что детские крики раздражают и ты на них обращаешь внимание намного сильнее чем какие то низкие частоты здесь кажется что наверное из этого следует что высокие частоты мы слышим и распознаём лучше чем например низкие,False,0.0889,0.0524,0.0418,0.6762,0.0
whisper-medium-int8_beam5,C:\Users\dex\Desktop\repos\tts\results\quick_aug\augmented_audio\speed_0.95\test_00010.wav,test_00010.wav,C:\Users\dex\Desktop\repos\tts\data\processed\test\test_00010.wav,test_00010.wav,speed_0.95,17.009,long,и мне кажется абсолютно все замечали что детские крики раздражают там и ты на них обращаешь внимание намного сильнее чем какие то низкие частоты здесь кажется то что ну наверное из этого следует что высокие частоты мы слышим там и распознаём лучше чем например низкие,и мне кажется абсолютно все замечали что детские крики раздражают там и ты на них обращаешь внимание намного сильнее чем какие то низкие частоты здесь кажется то что ну наверное из этого следует что высокие частоты мы слышим там и распознаём лучше чем например низкие,"И мне кажется, абсолютно все замечали, что детские крики раздражают, и ты на них обращаешь внимание намного сильнее, чем какие-то низкие частоты. Здесь кажется, что, наверное, из этого следует, что высокие частоты мы слышим и распознаём лучше, чем, например, низкие.",и мне кажется абсолютно все замечали что детские крики раздражают и ты на них обращаешь внимание намного сильнее чем какие то низкие частоты здесь кажется что наверное из этого следует что высокие частоты мы слышим и распознаём лучше чем например низкие,False,0.0889,0.0524,0.0388,0.6597,0.0
whisper-medium-int8_beam5,C:\Users\dex\Desktop\repos\tts\results\quick_aug\augmented_audio\speed_1.05\test_00010.wav,test_00010.wav,C:\Users\dex\Desktop\repos\tts\data\processed\test\test_00010.wav,test_00010.wav,speed_1.05,15.389,long,и мне кажется абсолютно все замечали что детские крики раздражают там и ты на них обращаешь внимание намного сильнее чем какие то низкие частоты здесь кажется то что ну наверное из этого следует что высокие частоты мы слышим там и распознаём лучше чем например низкие,и мне кажется абсолютно все замечали что детские крики раздражают там и ты на них обращаешь внимание намного сильнее чем какие то низкие частоты здесь кажется то что ну наверное из этого следует что высокие частоты мы слышим там и распознаём лучше чем например низкие,"И мне кажется, абсолютно все замечали, что детские крики раздражают, и ты на них обращаешь внимание намного сильнее, чем какие-то низкие частоты. Здесь кажется, что, наверное, из этого следует, что высокие частоты мы слышим и распознаём лучше, чем, например, низкие.",и мне кажется абсолютно все замечали что детские крики раздражают и ты на них обращаешь внимание намного сильнее чем какие то низкие частоты здесь кажется что наверное из этого следует что высокие частоты мы слышим и распознаём лучше чем например низкие,False,0.0889,0.0524,0.0425,0.6548,0.0
whisper-medium-int8_beam5,C:\Users\dex\Desktop\repos\tts\results\quick_aug\augmented_audio\gain_-6db\test_00010.wav,test_00010.wav,C:\Users\dex\Desktop\repos\tts\data\processed\test\test_00010.wav,test_00010.wav,gain_-6db,16.159,long,и мне кажется абсолютно все замечали что детские крики раздражают там и ты на них обращаешь внимание намного сильнее чем какие то низкие частоты здесь кажется то что ну наверное из этого следует что высокие частоты мы слышим там и распознаём лучше чем например низкие,и мне кажется абсолютно все замечали что детские крики раздражают там и ты на них обращаешь внимание намного сильнее чем какие то низкие частоты здесь кажется то что ну наверное из этого следует что высокие частоты мы слышим там и распознаём лучше чем например низкие,"И мне кажется, абсолютно все замечали, что детские крики раздражают, и ты на них обращаешь внимание намного сильнее, чем какие-то низкие частоты. Здесь кажется, что, наверное, из этого следует, что высокие частоты мы слышим и распознаем лучше, чем, например, низкие.",и мне кажется абсолютно все замечали что детские крики раздражают и ты на них обращаешь внимание намного сильнее чем какие то низкие частоты здесь кажется что наверное из этого следует что высокие частоты мы слышим и распознаем лучше чем например низкие,False,0.1111,0.0562,0.0406,0.6567,0.0
whisper-medium-int8_beam5,C:\Users\dex\Desktop\repos\tts\results\quick_aug\augmented_audio\lowpass_4000\test_00010.wav,test_00010.wav,C:\Users\dex\Desktop\repos\tts\data\processed\test\test_00010.wav,test_00010.wav,lowpass_4000,16.159,long,и мне кажется абсолютно все замечали что детские крики раздражают там и ты на них обращаешь внимание намного сильнее чем какие то низкие частоты здесь кажется то что ну наверное из этого следует что высокие частоты мы слышим там и распознаём лучше чем например низкие,и мне кажется абсолютно все замечали что детские крики раздражают там и ты на них обращаешь внимание намного сильнее чем какие то низкие частоты здесь кажется то что ну наверное из этого следует что высокие частоты мы слышим там и распознаём лучше чем например низкие,"И мне кажется, абсолютно все замечали, что детские крики раздражают, и ты на них обращаешь внимание намного сильнее, чем какие-то низкие частоты. Здесь кажется, что, наверное, из этого следует, что высокие частоты мы слышим и распознаём лучше, чем, например, низкие.",и мне кажется абсолютно все замечали что детские крики раздражают и ты на них обращаешь внимание намного сильнее чем какие то низкие частоты здесь кажется что наверное из этого следует что высокие частоты мы слышим и распознаём лучше чем например низкие,False,0.0889,0.0524,0.0407,0.6582,0.0
whisper-medium-int8_beam5,C:\Users\dex\Desktop\repos\tts\data\processed\test\test_00011.wav,test_00011.wav,C:\Users\dex\Desktop\repos\tts\data\processed\test\test_00011.wav,test_00011.wav,clean,21.948,long,практически не знаю насколько булшитно это прозвучит скорее бизнесово ориентированный пайплайн который сырые технические данные превращает в информацию для принятия решений каких то там оперативных здесь и сейчас возможно или там в будушем да технический бизнесовый инструмент который позволяет тебе управлять своей системой и позволяет тебе понимать а что же происходит внутри неё,практически не знаю насколько булшитно это прозвучит скорее бизнесово ориентированный пайплайн который сырые технические данные превращает в информацию для принятия решений каких то там оперативных здесь и сейчас возможно или там в будушем да технический бизнесовый инструмент который позволяет тебе управлять своей системой и позволяет тебе понимать а что же происходит внутри неё,"Практически, не знаю насколько это булшитно прозвучит, скорее бизнесовый ориентированный пайплайн, который сырые технические данные превращает в информацию для принятия решений каких-то там оперативных здесь и сейчас, возможно, или там в будущем. Да, технический бизнесовый инструмент, который позволяет тебе управлять своей системой и позволяет тебе понимать, а что же происходит внутри нее.",практически не знаю насколько это булшитно прозвучит скорее бизнесовый ориентированный пайплайн который сырые технические данные превращает в информацию для принятия решений каких то там оперативных здесь и сейчас возможно или там в будущем да технический бизнесовый инструмент который позволяет тебе управлять своей системой и позволяет тебе понимать а что же происходит внутри нее,False,0.0943,0.0315,0.0405,0.8898,0.0
whisper-medium-int8_beam5,C:\Users\dex\Desktop\repos\tts\results\quick_aug\augmented_audio\noise_20db\test_00011.wav,test_00011.wav,C:\Users\dex\Desktop\repos\tts\data\processed\test\test_00011.wav,test_00011.wav,noise_20db,21.948,long,практически не знаю насколько булшитно это прозвучит скорее бизнесово ориентированный пайплайн который сырые технические данные превращает в информацию для принятия решений каких то там оперативных здесь и сейчас возможно или там в будушем да технический бизнесовый инструмент который позволяет тебе управлять своей системой и позволяет тебе понимать а что же происходит внутри неё,практически не знаю насколько булшитно это прозвучит скорее бизнесово ориентированный пайплайн который сырые технические данные превращает в информацию для принятия решений каких то там оперативных здесь и сейчас возможно или там в будушем да технический бизнесовый инструмент который позволяет тебе управлять своей системой и позволяет тебе понимать а что же происходит внутри неё,"практически, не знаю насколько это булшитно прозвучит, скорее бизнесовый ориентированный пайплайн, который сырые технические данные превращает в информацию для принятия решений каких-то там оперативных здесь, сейчас, возможно, или там в будущем. Да, технический бизнесовый инструмент, который позволяет тебе управлять своей системой и позволяет тебе понимать, а что же происходит внутри нее.",практически не знаю насколько это булшитно прозвучит скорее бизнесовый ориентированный пайплайн который сырые технические данные превращает в информацию для принятия решений каких то там оперативных здесь сейчас возможно или там в будущем да технический бизнесовый инструмент который позволяет тебе управлять своей системой и позволяет тебе понимать а что же происходит внутри нее,False,0.1132,0.0367,0.0401,0.879,0.0
whisper-medium-int8_beam5,C:\Users\dex\Desktop\repos\tts\results\quick_aug\augmented_audio\noise_10db\test_00011.wav,test_00011.wav,C:\Users\dex\Desktop\repos\tts\data\processed\test\test_00011.wav,test_00011.wav,noise_10db,21.948,long,практически не знаю насколько булшитно это прозвучит скорее бизнесово ориентированный пайплайн который сырые технические данные превращает в информацию для принятия решений каких то там оперативных здесь и сейчас возможно или там в будушем да технический бизнесовый инструмент который позволяет тебе управлять своей системой и позволяет тебе понимать а что же происходит внутри неё,практически не знаю насколько булшитно это прозвучит скорее бизнесово ориентированный пайплайн который сырые технические данные превращает в информацию для принятия решений каких то там оперативных здесь и сейчас возможно или там в будушем да технический бизнесовый инструмент который позволяет тебе управлять своей системой и позволяет тебе понимать а что же происходит внутри неё,"Технически бизнесовый инструмент, который позволяет тебе управлять своей системой и позволяет тебе понимать, а что же происходит внутри нее.",технически бизнесовый инструмент который позволяет тебе управлять своей системой и позволяет тебе понимать а что же происходит внутри нее,False,0.6792,0.643,0.0172,0.3784,0.0
whisper-medium-int8_beam5,C:\Users\dex\Desktop\repos\tts\results\quick_aug\augmented_audio\speed_0.95\test_00011.wav,test_00011.wav,C:\Users\dex\Desktop\repos\tts\data\processed\test\test_00011.wav,test_00011.wav,speed_0.95,23.104,long,практически не знаю насколько булшитно это прозвучит скорее бизнесово ориентированный пайплайн который сырые технические данные превращает в информацию для принятия решений каких то там оперативных здесь и сейчас возможно или там в будушем да технический бизнесовый инструмент который позволяет тебе управлять своей системой и позволяет тебе понимать а что же происходит внутри неё,практически не знаю насколько булшитно это прозвучит скорее бизнесово ориентированный пайплайн который сырые технические данные превращает в информацию для принятия решений каких то там оперативных здесь и сейчас возможно или там в будушем да технический бизнесовый инструмент который позволяет тебе управлять своей системой и позволяет тебе понимать а что же происходит внутри неё,"практически, не знаю, насколько это булшитно прозвучит, скорее бизнесовый ориентированный пейплайн, который сырые технические данные превращает в информацию для принятия решений каких-то там оперативных, здесь, сейчас, возможно, или там, в будущем. Да, технический бизнесовый инструмент, который позволяет тебе управлять своей системой, позволяет тебе понимать, а что же происходит внутри нее.",практически не знаю насколько это булшитно прозвучит скорее бизнесовый ориентированный пейплайн который сырые технические данные превращает в информацию для принятия решений каких то там оперативных здесь сейчас возможно или там в будущем да технический бизнесовый инструмент который позволяет тебе управлять своей системой позволяет тебе понимать а что же происходит внутри нее,False,0.1509,0.0446,0.0392,0.9055,0.0
whisper-medium-int8_beam5,C:\Users\dex\Desktop\repos\tts\results\quick_aug\augmented_audio\speed_1.05\test_00011.wav,test_00011.wav,C:\Users\dex\Desktop\repos\tts\data\processed\test\test_00011.wav,test_00011.wav,speed_1.05,20.903,long,практически не знаю насколько булшитно это прозвучит скорее бизнесово ориентированный пайплайн который сырые технические данные превращает в информацию для принятия решений каких то там оперативных здесь и сейчас возможно или там в будушем да технический бизнесовый инструмент который позволяет тебе управлять своей системой и позволяет тебе понимать а что же происходит внутри неё,практически не знаю насколько булшитно это прозвучит скорее бизнесово ориентированный пайплайн который сырые технические данные превращает в информацию для принятия решений каких то там оперативных здесь и сейчас возможно или там в будушем да технический бизнесовый инструмент который позволяет тебе управлять своей системой и позволяет тебе понимать а что же происходит внутри неё,"практически, не знаю, насколько это булшитно прозвучит, скорее бизнесовый ориентированный pipeline, который сырые технические данные превращает в информацию для принятия решений каких-то там оперативных здесь и сейчас, возможно, или там в будущем. Да, технический бизнесовый инструмент, который позволяет тебе управлять своей системой, позволяет тебе понимать, а что же происходит внутри нее.",практически не знаю насколько это булшитно прозвучит скорее бизнесовый ориентированный pipeline который сырые технические данные превращает в информацию для принятия решений каких то там оперативных здесь и сейчас возможно или там в будущем да технический бизнесовый инструмент который позволяет тебе управлять своей системой позволяет тебе понимать а что же происходит внутри нее,False,0.1321,0.0577,0.0413,0.8632,0.0
whisper-medium-int8_beam5,C:\Users\dex\Desktop\repos\tts\results\quick_aug\augmented_audio\gain_-6db\test_00011.wav,test_00011.wav,C:\Users\dex\Desktop\repos\tts\data\processed\test\test_00011.wav,test_00011.wav,gain_-6db,21.948,long,практически не знаю насколько булшитно это прозвучит скорее бизнесово ориентированный пайплайн который сырые технические данные превращает в информацию для принятия решений каких то там оперативных здесь и сейчас возможно или там в будушем да технический бизнесовый инструмент который позволяет тебе управлять своей системой и позволяет тебе понимать а что же происходит внутри неё,практически не знаю насколько булшитно это прозвучит скорее бизнесово ориентированный пайплайн который сырые технические данные превращает в информацию для принятия решений каких то там оперативных здесь и сейчас возможно или там в будушем да технический бизнесовый инструмент который позволяет тебе управлять своей системой и позволяет тебе понимать а что же происходит внутри неё,"практически, не знаю, насколько это булшитно прозвучит, скорее бизнесовый ориентированный пайплайн, который сырые технические данные превращает в информацию для принятия решений каких-то там оперативных здесь и сейчас, возможно, или там в будущем. Да, технически бизнесовый инструмент, который позволяет тебе управлять своей системой и позволяет тебе понимать, а что же происходит внутри нее.",практически не знаю насколько это булшитно прозвучит скорее бизнесовый ориентированный пайплайн который сырые технические данные превращает в информацию для принятия решений каких то там оперативных здесь и сейчас возможно или там в будущем да технически бизнесовый инструмент который позволяет тебе управлять своей системой и позволяет тебе понимать а что же происходит внутри нее,False,0.1132,0.0341,0.0405,0.8896,0.0
whisper-medium-int8_beam5,C:\Users\dex\Desktop\repos\tts\results\quick_aug\augmented_audio\lowpass_4000\test_00011.wav,test_00011.wav,C:\Users\dex\Desktop\repos\tts\data\processed\test\test_00011.wav,test_00011.wav,lowpass_4000,21.948,long,практически не знаю насколько булшитно это прозвучит скорее бизнесово ориентированный пайплайн который сырые технические данные превращает в информацию для принятия решений каких то там оперативных здесь и сейчас возможно или там в будушем да технический бизнесовый инструмент который позволяет тебе управлять своей системой и позволяет тебе понимать а что же происходит внутри неё,практически не знаю насколько булшитно это прозвучит скорее бизнесово ориентированный пайплайн который сырые технические данные превращает в информацию для принятия решений каких то там оперативных здесь и сейчас возможно или там в будушем да технический бизнесовый инструмент который позволяет тебе управлять своей системой и позволяет тебе понимать а что же происходит внутри неё,"Практически, не знаю, насколько это бушитно прозвучит, скорее бизнесовый ориентированный пейплайн, который сырые технические данные превращает в информацию для принятия решений каких-то там оперативных здесь и сейчас, возможно, или там в будущем. Да, технический бизнесовый инструмент, который позволяет тебе управлять своей системой, позволяет тебе понимать, а что же происходит внутри нее.",практически не знаю насколько это бушитно прозвучит скорее бизнесовый ориентированный пейплайн который сырые технические данные превращает в информацию для принятия решений каких то там оперативных здесь и сейчас возможно или там в будущем да технический бизнесовый инструмент который позволяет тебе управлять своей системой позволяет тебе понимать а что же происходит внутри нее,False,0.1321,0.042,0.0406,0.8906,0.0
whisper-medium-int8_beam5,C:\Users\dex\Desktop\repos\tts\data\processed\test\test_00012.wav,test_00012.wav,C:\Users\dex\Desktop\repos\tts\data\processed\test\test_00012.wav,test_00012.wav,clean,17.244,long,человек недавно ставший тимлидом и который сказал знаешь заходит в чатик и говорит ребята меня вчера сделали тимлидом с чего мне начать и ему там дают ссылку что в первые девяносто дней ты должен и дальше там по порядку one on one performance review там пятое десятое очень легко натащить этого всего,человек недавно ставший тимлидом и который сказал знаешь заходит в чатик и говорит ребята меня вчера сделали тимлидом с чего мне начать и ему там дают ссылку что в первые девяносто дней ты должен и дальше там по порядку one on one performance review там пятое десятое очень легко натащить этого всего,"Человек, недавно ставший темлидом и который сказал, знаешь, заходит в чате, говорит, ребята, меня вчера сделали темлидом, с чего мне начать? И ему там дают ссылку, что в первые 90 дней ты должен. И дальше, там по порядку. One on one, 360, performance review, там пятые десятые. Очень легко натащить этого всего.",человек недавно ставший темлидом и который сказал знаешь заходит в чате говорит ребята меня вчера сделали темлидом с чего мне начать и ему там дают ссылку что в первые 90 дней ты должен и дальше там по порядку one on one 360 performance review там пятые десятые очень легко натащить этого всего,False,0.1538,0.07,0.0443,0.7646,0.0
whisper-medium-int8_beam5,C:\Users\dex\Desktop\repos\tts\results\quick_aug\augmented_audio\noise_20db\test_00012.wav,test_00012.wav,C:\Users\dex\Desktop\repos\tts\data\processed\test\test_00012.wav,test_00012.wav,noise_20db,17.244,long,человек недавно ставший тимлидом и который сказал знаешь заходит в чатик и говорит ребята меня вчера сделали тимлидом с чего мне начать и ему там дают ссылку что в первые девяносто дней ты должен и дальше там по порядку one on one performance review там пятое десятое очень легко натащить этого всего,человек недавно ставший тимлидом и который сказал знаешь заходит в чатик и говорит ребята меня вчера сделали тимлидом с чего мне начать и ему там дают ссылку что в первые девяносто дней ты должен и дальше там по порядку one on one performance review там пятое десятое очень легко натащить этого всего,"Человек, недавно ставший темлидом, и который сказал, знаешь, заходит в чате, говорит, ребята, меня вчера сделали темлидом, с чего мне начать? И ему там дают ссылку, что в первые 90 дней ты должен, и дальше там по порядку. One on one, 360, performance review, там пятые десятые. Очень легко натощить этого всего.",человек недавно ставший темлидом и который сказал знаешь заходит в чате говорит ребята меня вчера сделали темлидом с чего мне начать и ему там дают ссылку что в первые 90 дней ты должен и дальше там по порядку one on one 360 performance review там пятые десятые очень легко натощить этого всего,False,0.1731,0.0733,0.0459,0.7916,0.0
whisper-medium-int8_beam5,C:\Users\dex\Desktop\repos\tts\results\quick_aug\augmented_audio\noise_10db\test_00012.wav,test_00012.wav,C:\Users\dex\Desktop\repos\tts\data\processed\test\test_00012.wav,test_00012.wav,noise_10db,17.244,long,человек недавно ставший тимлидом и который сказал знаешь заходит в чатик и говорит ребята меня вчера сделали тимлидом с чего мне начать и ему там дают ссылку что в первые девяносто дней ты должен и дальше там по порядку one on one performance review там пятое десятое очень легко натащить этого всего,человек недавно ставший тимлидом и который сказал знаешь заходит в чатик и говорит ребята меня вчера сделали тимлидом с чего мне начать и ему там дают ссылку что в первые девяносто дней ты должен и дальше там по порядку one on one performance review там пятое десятое очень легко натащить этого всего,"Человек, недавно ставший темлидом и который сказал, знаешь, заходит в чате, говорит, ребята, меня вчера сделали темлидом, с чего мне начать? И ему там дают ссылку, что в первые 90 дней ты должен. И дальше, там по порядку. One-on-one, 360, performance review, там пятые, десятые. Очень легко натащить этого всего.",человек недавно ставший темлидом и который сказал знаешь заходит в чате говорит ребята меня вчера сделали темлидом с чего мне начать и ему там дают ссылку что в первые 90 дней ты должен и дальше там по порядку one on one 360 performance review там пятые десятые очень легко натащить этого всего,False,0.1538,0.07,0.0454,0.7837,0.0
whisper-medium-int8_beam5,C:\Users\dex\Desktop\repos\tts\results\quick_aug\augmented_audio\speed_0.95\test_00012.wav,test_00012.wav,C:\Users\dex\Desktop\repos\tts\data\processed\test\test_00012.wav,test_00012.wav,speed_0.95,18.151,long,человек недавно ставший тимлидом и который сказал знаешь заходит в чатик и говорит ребята меня вчера сделали тимлидом с чего мне начать и ему там дают ссылку что в первые девяносто дней ты должен и дальше там по порядку one on one performance review там пятое десятое очень легко натащить этого всего,человек недавно ставший тимлидом и который сказал знаешь заходит в чатик и говорит ребята меня вчера сделали тимлидом с чего мне начать и ему там дают ссылку что в первые девяносто дней ты должен и дальше там по порядку one on one performance review там пятое десятое очень легко натащить этого всего,"Человек, недавно ставший темлидом и который сказал, знаешь, заходит в чате и говорит, ребята, меня вчера сделали темлидом, с чего мне начать? И ему там дают ссылку, что в первые 90 дней ты должен. И дальше там по порядку. One-on-one, 360, performance review, там пятые десятые. Очень легко натащить этого всего.",человек недавно ставший темлидом и который сказал знаешь заходит в чате и говорит ребята меня вчера сделали темлидом с чего мне начать и ему там дают ссылку что в первые 90 дней ты должен и дальше там по порядку one on one 360 performance review там пятые десятые очень легко натащить этого всего,False,0.1346,0.0633,0.0425,0.7708,0.0
whisper-medium-int8_beam5,C:\Users\dex\Desktop\repos\tts\results\quick_aug\augmented_audio\speed_1.05\test_00012.wav,test_00012.wav,C:\Users\dex\Desktop\repos\tts\data\processed\test\test_00012.wav,test_00012.wav,speed_1.05,16.423,long,человек недавно ставший тимлидом и который сказал знаешь заходит в чатик и говорит ребята меня вчера сделали тимлидом с чего мне начать и ему там дают ссылку что в первые девяносто дней ты должен и дальше там по порядку one on one performance review там пятое десятое очень легко натащить этого всего,человек недавно ставший тимлидом и который сказал знаешь заходит в чатик и говорит ребята меня вчера сделали тимлидом с чего мне начать и ему там дают ссылку что в первые девяносто дней ты должен и дальше там по порядку one on one performance review там пятое десятое очень легко натащить этого всего,"Человек, недавно ставший темлидом и который сказал, знаешь, заходит в чате, говорит, ребята, меня вчера сделали темлидом, с чего мне начать? И ему там дают ссылку, что в первые 90 дней ты должен. И дальше там по порядку. One on one, 360, performance review, там пятые, десятые. Очень легко натощить этого всего.",человек недавно ставший темлидом и который сказал знаешь заходит в чате говорит ребята меня вчера сделали темлидом с чего мне начать и ему там дают ссылку что в первые 90 дней ты должен и дальше там по порядку one on one 360 performance review там пятые десятые очень легко натощить этого всего,False,0.1731,0.0733,0.0462,0.7584,0.0
whisper-medium-int8_beam5,C:\Users\dex\Desktop\repos\tts\results\quick_aug\augmented_audio\gain_-6db\test_00012.wav,test_00012.wav,C:\Users\dex\Desktop\repos\tts\data\processed\test\test_00012.wav,test_00012.wav,gain_-6db,17.244,long,человек недавно ставший тимлидом и который сказал знаешь заходит в чатик и говорит ребята меня вчера сделали тимлидом с чего мне начать и ему там дают ссылку что в первые девяносто дней ты должен и дальше там по порядку one on one performance review там пятое десятое очень легко натащить этого всего,человек недавно ставший тимлидом и который сказал знаешь заходит в чатик и говорит ребята меня вчера сделали тимлидом с чего мне начать и ему там дают ссылку что в первые девяносто дней ты должен и дальше там по порядку one on one performance review там пятое десятое очень легко натащить этого всего,"Человек, недавно ставший темлидом, и который сказал, знаешь, заходит в чате и говорит, ребята, меня вчера сделали темлидом, с чего мне начать? И ему там дают ссылку, что в первые 90 дней ты должен. И дальше там по порядку. One on one, 360, performance review, там пятые десятые. Очень легко натащить этого всего.",человек недавно ставший темлидом и который сказал знаешь заходит в чате и говорит ребята меня вчера сделали темлидом с чего мне начать и ему там дают ссылку что в первые 90 дней ты должен и дальше там по порядку one on one 360 performance review там пятые десятые очень легко натащить этого всего,False,0.1346,0.0633,0.044,0.7592,0.0
whisper-medium-int8_beam5,C:\Users\dex\Desktop\repos\tts\results\quick_aug\augmented_audio\lowpass_4000\test_00012.wav,test_00012.wav,C:\Users\dex\Desktop\repos\tts\data\processed\test\test_00012.wav,test_00012.wav,lowpass_4000,17.244,long,человек недавно ставший тимлидом и который сказал знаешь заходит в чатик и говорит ребята меня вчера сделали тимлидом с чего мне начать и ему там дают ссылку что в первые девяносто дней ты должен и дальше там по порядку one on one performance review там пятое десятое очень легко натащить этого всего,человек недавно ставший тимлидом и который сказал знаешь заходит в чатик и говорит ребята меня вчера сделали тимлидом с чего мне начать и ему там дают ссылку что в первые девяносто дней ты должен и дальше там по порядку one on one performance review там пятое десятое очень легко натащить этого всего,"Человек, недавно ставший темлидом, который заходит в чате и говорит «Ребята, меня вчера сделали темлидом, с чего мне начать?» И ему дают ссылку, что в первые 90 дней ты должен. И дальше по порядку. One on one, 360, performance review, 5-10. Очень легко натощить этого всего.",человек недавно ставший темлидом который заходит в чате и говорит ребята меня вчера сделали темлидом с чего мне начать и ему дают ссылку что в первые 90 дней ты должен и дальше по порядку one on one 360 performance review 5 10 очень легко натощить этого всего,False,0.2692,0.1933,0.0419,0.723,0.0
whisper-medium-int8_beam5,C:\Users\dex\Desktop\repos\tts\data\processed\test\test_00013.wav,test_00013.wav,C:\Users\dex\Desktop\repos\tts\data\processed\test\test_00013.wav,test_00013.wav,clean,27.496,long,то есть мы в каждый момент времени знаем про звук ещё какое то такое распределение частот и связано это с тем что наше ухо на самом деле примерно так же и воспринимает звук то есть мы не просто амплитуду понимаем что вот где то там громче где то тише а наше ухо ещё понимает что вот этот звук выше этот ниже этот голос более высокий этот голос низкий,то есть мы в каждый момент времени знаем про звук ещё какое то такое распределение частот и связано это с тем что наше ухо на самом деле примерно так же и воспринимает звук то есть мы не просто амплитуду понимаем что вот где то там громче где то тише а наше ухо ещё понимает что вот этот звук выше этот ниже этот голос более высокий этот голос низкий,"То есть мы в каждый момент времени знаем про звук ещё и какое-то такое распределение частот. И связано это с тем, что наше ухо на самом деле примерно также и воспринимает звук. То есть мы не просто амплитуду понимаем, что вот где-то там громче, где-то тише, а наше ухо ещё понимает, что вот этот звук выше, этот ниже, этот голос более высокий, этот голос низкий.",то есть мы в каждый момент времени знаем про звук ещё и какое то такое распределение частот и связано это с тем что наше ухо на самом деле примерно также и воспринимает звук то есть мы не просто амплитуду понимаем что вот где то там громче где то тише а наше ухо ещё понимает что вот этот звук выше этот ниже этот голос более высокий этот голос низкий,False,0.0441,0.0086,0.0331,0.9096,0.0
whisper-medium-int8_beam5,C:\Users\dex\Desktop\repos\tts\results\quick_aug\augmented_audio\noise_20db\test_00013.wav,test_00013.wav,C:\Users\dex\Desktop\repos\tts\data\processed\test\test_00013.wav,test_00013.wav,noise_20db,27.496,long,то есть мы в каждый момент времени знаем про звук ещё какое то такое распределение частот и связано это с тем что наше ухо на самом деле примерно так же и воспринимает звук то есть мы не просто амплитуду понимаем что вот где то там громче где то тише а наше ухо ещё понимает что вот этот звук выше этот ниже этот голос более высокий этот голос низкий,то есть мы в каждый момент времени знаем про звук ещё какое то такое распределение частот и связано это с тем что наше ухо на самом деле примерно так же и воспринимает звук то есть мы не просто амплитуду понимаем что вот где то там громче где то тише а наше ухо ещё понимает что вот этот звук выше этот ниже этот голос более высокий этот голос низкий,"То есть мы в каждый момент времени знаем про звук ещё и какое-то такое распределение частот. И связано это с тем, что наше ухо на самом деле примерно также и воспринимает звук. То есть мы не просто амплитуду понимаем, что вот где-то там громче, где-то тише, а наше ухо ещё понимает, что вот этот звук выше, этот ниже, этот голос более высокий, этот голос низкий.",то есть мы в каждый момент времени знаем про звук ещё и какое то такое распределение частот и связано это с тем что наше ухо на самом деле примерно также и воспринимает звук то есть мы не просто амплитуду понимаем что вот где то там громче где то тише а наше ухо ещё понимает что вот этот звук выше этот ниже этот голос более высокий этот голос низкий,False,0.0441,0.0086,0.0331,0.91,0.0
whisper-medium-int8_beam5,C:\Users\dex\Desktop\repos\tts\results\quick_aug\augmented_audio\noise_10db\test_00013.wav,test_00013.wav,C:\Users\dex\Desktop\repos\tts\data\processed\test\test_00013.wav,test_00013.wav,noise_10db,27.496,long,то есть мы в каждый момент времени знаем про звук ещё какое то такое распределение частот и связано это с тем что наше ухо на самом деле примерно так же и воспринимает звук то есть мы не просто амплитуду понимаем что вот где то там громче где то тише а наше ухо ещё понимает что вот этот звук выше этот ниже этот голос более высокий этот голос низкий,то есть мы в каждый момент времени знаем про звук ещё какое то такое распределение частот и связано это с тем что наше ухо на самом деле примерно так же и воспринимает звук то есть мы не просто амплитуду понимаем что вот где то там громче где то тише а наше ухо ещё понимает что вот этот звук выше этот ниже этот голос более высокий этот голос низкий,"То есть мы в каждый момент времени знаем про звук ещё и какое-то такое распределение частот. И связано это с тем, что наше ухо на самом деле примерно также и воспринимает звук. То есть мы не просто амплитуду понимаем, что где-то там громче, где-то тише, а наше ухо ещё понимает, что вот этот звук выше, этот ниже, этот голос более высокий, этот голос низкий.",то есть мы в каждый момент времени знаем про звук ещё и какое то такое распределение частот и связано это с тем что наше ухо на самом деле примерно также и воспринимает звук то есть мы не просто амплитуду понимаем что где то там громче где то тише а наше ухо ещё понимает что вот этот звук выше этот ниже этот голос более высокий этот голос низкий,False,0.0588,0.02,0.033,0.9075,0.0
whisper-medium-int8_beam5,C:\Users\dex\Desktop\repos\tts\results\quick_aug\augmented_audio\speed_0.95\test_00013.wav,test_00013.wav,C:\Users\dex\Desktop\repos\tts\data\processed\test\test_00013.wav,test_00013.wav,speed_0.95,28.943,long,то есть мы в каждый момент времени знаем про звук ещё какое то такое распределение частот и связано это с тем что наше ухо на самом деле примерно так же и воспринимает звук то есть мы не просто амплитуду понимаем что вот где то там громче где то тише а наше ухо ещё понимает что вот этот звук выше этот ниже этот голос более высокий этот голос низкий,то есть мы в каждый момент времени знаем про звук ещё какое то такое распределение частот и связано это с тем что наше ухо на самом деле примерно так же и воспринимает звук то есть мы не просто амплитуду понимаем что вот где то там громче где то тише а наше ухо ещё понимает что вот этот звук выше этот ниже этот голос более высокий этот голос низкий,"То есть мы в каждый момент времени знаем про звук ещё и какое-то такое распределение частот. И связано это с тем, что наше ухо на самом деле примерно также и воспринимает звук. То есть мы не просто амплитуду понимаем, что вот где-то там громче, где-то тише, а наше ухо ещё понимает, что вот этот звук выше, этот ниже, этот голос более высокий, этот голос низкий.",то есть мы в каждый момент времени знаем про звук ещё и какое то такое распределение частот и связано это с тем что наше ухо на самом деле примерно также и воспринимает звук то есть мы не просто амплитуду понимаем что вот где то там громче где то тише а наше ухо ещё понимает что вот этот звук выше этот ниже этот голос более высокий этот голос низкий,False,0.0441,0.0086,0.0318,0.9204,0.0
whisper-medium-int8_beam5,C:\Users\dex\Desktop\repos\tts\results\quick_aug\augmented_audio\speed_1.05\test_00013.wav,test_00013.wav,C:\Users\dex\Desktop\repos\tts\data\processed\test\test_00013.wav,test_00013.wav,speed_1.05,26.187,long,то есть мы в каждый момент времени знаем про звук ещё какое то такое распределение частот и связано это с тем что наше ухо на самом деле примерно так же и воспринимает звук то есть мы не просто амплитуду понимаем что вот где то там громче где то тише а наше ухо ещё понимает что вот этот звук выше этот ниже этот голос более высокий этот голос низкий,то есть мы в каждый момент времени знаем про звук ещё какое то такое распределение частот и связано это с тем что наше ухо на самом деле примерно так же и воспринимает звук то есть мы не просто амплитуду понимаем что вот где то там громче где то тише а наше ухо ещё понимает что вот этот звук выше этот ниже этот голос более высокий этот голос низкий,"То есть мы в каждый момент времени знаем про звук ещё и какое-то такое распределение частот. И связано это с тем, что наше ухо на самом деле примерно также и воспринимает звук. То есть мы не просто амплитуду понимаем, что вот где-то там громче, где-то тише, а наше ухо ещё понимает, что вот этот звук выше, этот ниже, этот голос более высокий, этот голос низкий.",то есть мы в каждый момент времени знаем про звук ещё и какое то такое распределение частот и связано это с тем что наше ухо на самом деле примерно также и воспринимает звук то есть мы не просто амплитуду понимаем что вот где то там громче где то тише а наше ухо ещё понимает что вот этот звук выше этот ниже этот голос более высокий этот голос низкий,False,0.0441,0.0086,0.0349,0.9152,0.0
whisper-medium-int8_beam5,C:\Users\dex\Desktop\repos\tts\results\quick_aug\augmented_audio\gain_-6db\test_00013.wav,test_00013.wav,C:\Users\dex\Desktop\repos\tts\data\processed\test\test_00013.wav,test_00013.wav,gain_-6db,27.496,long,то есть мы в каждый момент времени знаем про звук ещё какое то такое распределение частот и связано это с тем что наше ухо на самом деле примерно так же и воспринимает звук то есть мы не просто амплитуду понимаем что вот где то там громче где то тише а наше ухо ещё понимает что вот этот звук выше этот ниже этот голос более высокий этот голос низкий,то есть мы в каждый момент времени знаем про звук ещё какое то такое распределение частот и связано это с тем что наше ухо на самом деле примерно так же и воспринимает звук то есть мы не просто амплитуду понимаем что вот где то там громче где то тише а наше ухо ещё понимает что вот этот звук выше этот ниже этот голос более высокий этот голос низкий,"То есть мы в каждый момент времени знаем про звук ещё и какое-то такое распределение частот. И связано это с тем, что наше ухо на самом деле примерно также и воспринимает звук. То есть мы не просто амплитуду понимаем, что вот где-то там громче, где-то тише, а наше ухо ещё понимает, что вот этот звук выше, этот ниже, этот голос более высокий, этот голос низкий.",то есть мы в каждый момент времени знаем про звук ещё и какое то такое распределение частот и связано это с тем что наше ухо на самом деле примерно также и воспринимает звук то есть мы не просто амплитуду понимаем что вот где то там громче где то тише а наше ухо ещё понимает что вот этот звук выше этот ниже этот голос более высокий этот голос низкий,False,0.0441,0.0086,0.0334,0.9184,0.0
whisper-medium-int8_beam5,C:\Users\dex\Desktop\repos\tts\results\quick_aug\augmented_audio\lowpass_4000\test_00013.wav,test_00013.wav,C:\Users\dex\Desktop\repos\tts\data\processed\test\test_00013.wav,test_00013.wav,lowpass_4000,27.496,long,то есть мы в каждый момент времени знаем про звук ещё какое то такое распределение частот и связано это с тем что наше ухо на самом деле примерно так же и воспринимает звук то есть мы не просто амплитуду понимаем что вот где то там громче где то тише а наше ухо ещё понимает что вот этот звук выше этот ниже этот голос более высокий этот голос низкий,то есть мы в каждый момент времени знаем про звук ещё какое то такое распределение частот и связано это с тем что наше ухо на самом деле примерно так же и воспринимает звук то есть мы не просто амплитуду понимаем что вот где то там громче где то тише а наше ухо ещё понимает что вот этот звук выше этот ниже этот голос более высокий этот голос низкий,"То есть мы в каждый момент времени знаем про звук ещё и какое-то такое распределение частот. И связано это с тем, что наше ухо на самом деле примерно также и воспринимает звук. То есть мы не просто амплитуду понимаем, что вот где-то там громче, где-то тише, а наше ухо ещё понимает, что вот этот звук выше, этот ниже, этот голос более высокий, этот голос низкий.",то есть мы в каждый момент времени знаем про звук ещё и какое то такое распределение частот и связано это с тем что наше ухо на самом деле примерно также и воспринимает звук то есть мы не просто амплитуду понимаем что вот где то там громче где то тише а наше ухо ещё понимает что вот этот звук выше этот ниже этот голос более высокий этот голос низкий,False,0.0441,0.0086,0.033,0.9083,0.0
whisper-medium-int8_beam5,C:\Users\dex\Desktop\repos\tts\data\processed\test\test_00014.wav,test_00014.wav,C:\Users\dex\Desktop\repos\tts\data\processed\test\test_00014.wav,test_00014.wav,clean,11.872,medium,максимально ухудшить идеальную систему вводя туда какие то элементы или условия чтобы итоговая результат должен быть такой мы должны в 22 раза замедлить нашу разработку,максимально ухудшить идеальную систему вводя туда какие то элементы или условия чтобы итоговая результат должен быть такой мы должны в 22 раза замедлить нашу разработку,"максимально ухудшить идеальную систему, вводя туда какие-то элементы или условия, чтобы итоговое результат должен быть такой. Мы должны в 22 раза замедлить нашу разработку.",максимально ухудшить идеальную систему вводя туда какие то элементы или условия чтобы итоговое результат должен быть такой мы должны в 22 раза замедлить нашу разработку,False,0.04,0.0119,0.0397,0.4708,0.0
whisper-medium-int8_beam5,C:\Users\dex\Desktop\repos\tts\results\quick_aug\augmented_audio\noise_20db\test_00014.wav,test_00014.wav,C:\Users\dex\Desktop\repos\tts\data\processed\test\test_00014.wav,test_00014.wav,noise_20db,11.872,medium,максимально ухудшить идеальную систему вводя туда какие то элементы или условия чтобы итоговая результат должен быть такой мы должны в 22 раза замедлить нашу разработку,максимально ухудшить идеальную систему вводя туда какие то элементы или условия чтобы итоговая результат должен быть такой мы должны в 22 раза замедлить нашу разработку,"максимально ухудшить идеальную систему, вводя туда какие-то элементы или условия, чтобы итоговый результат должен быть такой. Мы должны в 22 раза замедлить нашу разработку.",максимально ухудшить идеальную систему вводя туда какие то элементы или условия чтобы итоговый результат должен быть такой мы должны в 22 раза замедлить нашу разработку,False,0.04,0.0119,0.0396,0.4703,0.0
whisper-medium-int8_beam5,C:\Users\dex\Desktop\repos\tts\results\quick_aug\augmented_audio\noise_10db\test_00014.wav,test_00014.wav,C:\Users\dex\Desktop\repos\tts\data\processed\test\test_00014.wav,test_00014.wav,noise_10db,11.872,medium,максимально ухудшить идеальную систему вводя туда какие то элементы или условия чтобы итоговая результат должен быть такой мы должны в 22 раза замедлить нашу разработку,максимально ухудшить идеальную систему вводя туда какие то элементы или условия чтобы итоговая результат должен быть такой мы должны в 22 раза замедлить нашу разработку,"максимально ухудшить идеальную систему, вводя туда какие-то элементы или условия, чтобы итоговый результат должен быть такой. Мы должны в 22 раза замедлить нашу разработку.",максимально ухудшить идеальную систему вводя туда какие то элементы или условия чтобы итоговый результат должен быть такой мы должны в 22 раза замедлить нашу разработку,False,0.04,0.0119,0.0389,0.4614,0.0
whisper-medium-int8_beam5,C:\Users\dex\Desktop\repos\tts\results\quick_aug\augmented_audio\speed_0.95\test_00014.wav,test_00014.wav,C:\Users\dex\Desktop\repos\tts\data\processed\test\test_00014.wav,test_00014.wav,speed_0.95,12.497,medium,максимально ухудшить идеальную систему вводя туда какие то элементы или условия чтобы итоговая результат должен быть такой мы должны в 22 раза замедлить нашу разработку,максимально ухудшить идеальную систему вводя туда какие то элементы или условия чтобы итоговая результат должен быть такой мы должны в 22 раза замедлить нашу разработку,"максимально ухудшить идеальную систему, вводя туда какие-то элементы или условия, чтобы итоговый результат должен быть такой. Мы должны в 22 раза замедлить нашу разработку.",максимально ухудшить идеальную систему вводя туда какие то элементы или условия чтобы итоговый результат должен быть такой мы должны в 22 раза замедлить нашу разработку,False,0.04,0.0119,0.0371,0.464,0.0
whisper-medium-int8_beam5,C:\Users\dex\Desktop\repos\tts\results\quick_aug\augmented_audio\speed_1.05\test_00014.wav,test_00014.wav,C:\Users\dex\Desktop\repos\tts\data\processed\test\test_00014.wav,test_00014.wav,speed_1.05,11.307,medium,максимально ухудшить идеальную систему вводя туда какие то элементы или условия чтобы итоговая результат должен быть такой мы должны в 22 раза замедлить нашу разработку,максимально ухудшить идеальную систему вводя туда какие то элементы или условия чтобы итоговая результат должен быть такой мы должны в 22 раза замедлить нашу разработку,"максимально ухудшить идеальную систему, вводя туда какие-то элементы или условия, чтобы итоговое результат должен быть такой. Мы должны в 22 раза замедлить нашу разработку.",максимально ухудшить идеальную систему вводя туда какие то элементы или условия чтобы итоговое результат должен быть такой мы должны в 22 раза замедлить нашу разработку,False,0.04,0.0119,0.041,0.4641,0.0
whisper-medium-int8_beam5,C:\Users\dex\Desktop\repos\tts\results\quick_aug\augmented_audio\gain_-6db\test_00014.wav,test_00014.wav,C:\Users\dex\Desktop\repos\tts\data\processed\test\test_00014.wav,test_00014.wav,gain_-6db,11.872,medium,максимально ухудшить идеальную систему вводя туда какие то элементы или условия чтобы итоговая результат должен быть такой мы должны в 22 раза замедлить нашу разработку,максимально ухудшить идеальную систему вводя туда какие то элементы или условия чтобы итоговая результат должен быть такой мы должны в 22 раза замедлить нашу разработку,"максимально ухудшить идеальную систему, вводя туда какие-то элементы или условия, чтобы итоговое результат должен быть такой. Мы должны в 22 раза замедлить нашу разработку.",максимально ухудшить идеальную систему вводя туда какие то элементы или условия чтобы итоговое результат должен быть такой мы должны в 22 раза замедлить нашу разработку,False,0.04,0.0119,0.0393,0.466,0.0
whisper-medium-int8_beam5,C:\Users\dex\Desktop\repos\tts\results\quick_aug\augmented_audio\lowpass_4000\test_00014.wav,test_00014.wav,C:\Users\dex\Desktop\repos\tts\data\processed\test\test_00014.wav,test_00014.wav,lowpass_4000,11.872,medium,максимально ухудшить идеальную систему вводя туда какие то элементы или условия чтобы итоговая результат должен быть такой мы должны в 22 раза замедлить нашу разработку,максимально ухудшить идеальную систему вводя туда какие то элементы или условия чтобы итоговая результат должен быть такой мы должны в 22 раза замедлить нашу разработку,"максимально ухудшить идеальную систему, вводя туда какие-то элементы или условия, чтобы итоговый результат должен быть такой. Мы должны в 22 раза замедлить нашу разработку.",максимально ухудшить идеальную систему вводя туда какие то элементы или условия чтобы итоговый результат должен быть такой мы должны в 22 раза замедлить нашу разработку,False,0.04,0.0119,0.0389,0.4615,0.0
whisper-medium-int8_beam5,C:\Users\dex\Desktop\repos\tts\data\processed\test\test_00015.wav,test_00015.wav,C:\Users\dex\Desktop\repos\tts\data\processed\test\test_00015.wav,test_00015.wav,clean,27.495,long,про то как сейчас принято делать как раз таки в распределённых больших системах ну то есть мне нужно там логи посмотреть собрать их в кучу как это сейчас работает мы собираем логи с разных сервисов или мы с разных сервисов логи все сваливаем в одну кучу и смотрим там о это всё по разному работает минутка рекламы у нас даже есть отдельный продукт для логов под названием вектор который помогает тебе настроить целый пайплайн обработки своих логов,про то как сейчас принято делать как раз таки в распределённых больших системах ну то есть мне нужно там логи посмотреть собрать их в кучу как это сейчас работает мы собираем логи с разных сервисов или мы с разных сервисов логи все сваливаем в одну кучу и смотрим там о это всё по разному работает минутка рекламы у нас даже есть отдельный продукт для логов под названием вектор который помогает тебе настроить целый пайплайн обработки своих логов,"про то, как сейчас принято делать как раз таки в распределенных каких-то больших системах. Ну, то есть мне нужно там логи посмотреть, собрать их в кучу. Как это сейчас работает? Мы собираем логи с разных сервисов или мы с разных сервисов логи все сваливаем в одну кучу и смотрим там? Ой, это все по-разному работает. Минутка рекламы, у нас даже есть отдельный продукт для логов под названием Vector, который помогает тебе настроить целый pipeline обработки своих логов.",про то как сейчас принято делать как раз таки в распределенных каких то больших системах ну то есть мне нужно там логи посмотреть собрать их в кучу как это сейчас работает мы собираем логи с разных сервисов или мы с разных сервисов логи все сваливаем в одну кучу и смотрим там ой это все по разному работает минутка рекламы у нас даже есть отдельный продукт для логов под названием vector который помогает тебе настроить целый pipeline обработки своих логов,False,0.0909,0.0582,0.0402,1.1054,0.0
whisper-medium-int8_beam5,C:\Users\dex\Desktop\repos\tts\results\quick_aug\augmented_audio\noise_20db\test_00015.wav,test_00015.wav,C:\Users\dex\Desktop\repos\tts\data\processed\test\test_00015.wav,test_00015.wav,noise_20db,27.495,long,про то как сейчас принято делать как раз таки в распределённых больших системах ну то есть мне нужно там логи посмотреть собрать их в кучу как это сейчас работает мы собираем логи с разных сервисов или мы с разных сервисов логи все сваливаем в одну кучу и смотрим там о это всё по разному работает минутка рекламы у нас даже есть отдельный продукт для логов под названием вектор который помогает тебе настроить целый пайплайн обработки своих логов,про то как сейчас принято делать как раз таки в распределённых больших системах ну то есть мне нужно там логи посмотреть собрать их в кучу как это сейчас работает мы собираем логи с разных сервисов или мы с разных сервисов логи все сваливаем в одну кучу и смотрим там о это всё по разному работает минутка рекламы у нас даже есть отдельный продукт для логов под названием вектор который помогает тебе настроить целый пайплайн обработки своих логов,"про то, как сейчас принято делать как раз таки в распределенных каких-то больших системах. Ну, то есть мне нужно там логи посмотреть, собрать их в кучу. Как это сейчас работает? Мы собираем логи с разных сервисов или мы с разных сервисов логи все сваливаем в одну кучу и смотрим там? О, это все по-разному работает. Минутка рекламы, у нас даже есть отдельный продукт для логов под названием Vector, который помогает тебе настроить целый pipeline обработки своих логов.",про то как сейчас принято делать как раз таки в распределенных каких то больших системах ну то есть мне нужно там логи посмотреть собрать их в кучу как это сейчас работает мы собираем логи с разных сервисов или мы с разных сервисов логи все сваливаем в одну кучу и смотрим там о это все по разному работает минутка рекламы у нас даже есть отдельный продукт для логов под названием vector который помогает тебе настроить целый pipeline обработки своих логов,False,0.0779,0.0559,0.0401,1.1025,0.0
whisper-medium-int8_beam5,C:\Users\dex\Desktop\repos\tts\results\quick_aug\augmented_audio\noise_10db\test_00015.wav,test_00015.wav,C:\Users\dex\Desktop\repos\tts\data\processed\test\test_00015.wav,test_00015.wav,noise_10db,27.495,long,про то как сейчас принято делать как раз таки в распределённых больших системах ну то есть мне нужно там логи посмотреть собрать их в кучу как это сейчас работает мы собираем логи с разных сервисов или мы с разных сервисов логи все сваливаем в одну кучу и смотрим там о это всё по разному работает минутка рекламы у нас даже есть отдельный продукт для логов под названием вектор который помогает тебе настроить целый пайплайн обработки своих логов,про то как сейчас принято делать как раз таки в распределённых больших системах ну то есть мне нужно там логи посмотреть собрать их в кучу как это сейчас работает мы собираем логи с разных сервисов или мы с разных сервисов логи все сваливаем в одну кучу и смотрим там о это всё по разному работает минутка рекламы у нас даже есть отдельный продукт для логов под названием вектор который помогает тебе настроить целый пайплайн обработки своих логов,"про то, как сейчас принято делать как раз-таки в распределённых как-то больших системах. Ну, то есть мне нужно там логи посмотреть, собрать их в кучу. Как это сейчас работает? Мы собираем логи с разных сервисов или мы с разных сервисов логи все сваливаем в одну кучу и смотрим там? Ой, тут всё по-разному работает. Минутка рекламы. У нас даже есть отдельный продукт для логов под названием Vector, который помогает тебе настроить целый pipeline обработки своих логов.",про то как сейчас принято делать как раз таки в распределённых как то больших системах ну то есть мне нужно там логи посмотреть собрать их в кучу как это сейчас работает мы собираем логи с разных сервисов или мы с разных сервисов логи все сваливаем в одну кучу и смотрим там ой тут всё по разному работает минутка рекламы у нас даже есть отдельный продукт для логов под названием vector который помогает тебе настроить целый pipeline обработки своих логов,False,0.0779,0.0559,0.0413,1.1362,0.0
whisper-medium-int8_beam5,C:\Users\dex\Desktop\repos\tts\results\quick_aug\augmented_audio\speed_0.95\test_00015.wav,test_00015.wav,C:\Users\dex\Desktop\repos\tts\data\processed\test\test_00015.wav,test_00015.wav,speed_0.95,28.943,long,про то как сейчас принято делать как раз таки в распределённых больших системах ну то есть мне нужно там логи посмотреть собрать их в кучу как это сейчас работает мы собираем логи с разных сервисов или мы с разных сервисов логи все сваливаем в одну кучу и смотрим там о это всё по разному работает минутка рекламы у нас даже есть отдельный продукт для логов под названием вектор который помогает тебе настроить целый пайплайн обработки своих логов,про то как сейчас принято делать как раз таки в распределённых больших системах ну то есть мне нужно там логи посмотреть собрать их в кучу как это сейчас работает мы собираем логи с разных сервисов или мы с разных сервисов логи все сваливаем в одну кучу и смотрим там о это всё по разному работает минутка рекламы у нас даже есть отдельный продукт для логов под названием вектор который помогает тебе настроить целый пайплайн обработки своих логов,"про то, как сейчас принято делать как раз-таки в распределенных каких-то больших системах. Ну, то есть мне нужно там логи посмотреть, собрать их в кучу. Как это сейчас работает? Мы собираем логи с разных сервисов или мы с разных сервисов логи все сваливаем в одну кучу и смотрим там? О, это все по-разному работает. Минутка рекламы у нас даже есть отдельный продукт для логов под названием Vector, который помогает тебе настроить целый pipeline на обработке своих логов.",про то как сейчас принято делать как раз таки в распределенных каких то больших системах ну то есть мне нужно там логи посмотреть собрать их в кучу как это сейчас работает мы собираем логи с разных сервисов или мы с разных сервисов логи все сваливаем в одну кучу и смотрим там о это все по разному работает минутка рекламы у нас даже есть отдельный продукт для логов под названием vector который помогает тебе настроить целый pipeline на обработке своих логов,False,0.1039,0.0626,0.0384,1.1104,0.0
whisper-medium-int8_beam5,C:\Users\dex\Desktop\repos\tts\results\quick_aug\augmented_audio\speed_1.05\test_00015.wav,test_00015.wav,C:\Users\dex\Desktop\repos\tts\data\processed\test\test_00015.wav,test_00015.wav,speed_1.05,26.186,long,про то как сейчас принято делать как раз таки в распределённых больших системах ну то есть мне нужно там логи посмотреть собрать их в кучу как это сейчас работает мы собираем логи с разных сервисов или мы с разных сервисов логи все сваливаем в одну кучу и смотрим там о это всё по разному работает минутка рекламы у нас даже есть отдельный продукт для логов под названием вектор который помогает тебе настроить целый пайплайн обработки своих логов,про то как сейчас принято делать как раз таки в распределённых больших системах ну то есть мне нужно там логи посмотреть собрать их в кучу как это сейчас работает мы собираем логи с разных сервисов или мы с разных сервисов логи все сваливаем в одну кучу и смотрим там о это всё по разному работает минутка рекламы у нас даже есть отдельный продукт для логов под названием вектор который помогает тебе настроить целый пайплайн обработки своих логов,"про то, как сейчас принято делать как раз-таки в распределенных каких-то больших системах. Ну, то есть мне нужно там логи посмотреть, собрать их в кучу. Как это сейчас работает? Мы собираем логи с разных сервисов или мы с разных сервисов логи все сваливаем в одну кучу и смотрим там? О, это все по-разному работает. Минутка рекламы. У нас даже есть отдельный продукт для логов под названием Vector, который помогает тебе настроить целый pipeline обработки своих логов.",про то как сейчас принято делать как раз таки в распределенных каких то больших системах ну то есть мне нужно там логи посмотреть собрать их в кучу как это сейчас работает мы собираем логи с разных сервисов или мы с разных сервисов логи все сваливаем в одну кучу и смотрим там о это все по разному работает минутка рекламы у нас даже есть отдельный продукт для логов под названием vector который помогает тебе настроить целый pipeline обработки своих логов,False,0.0779,0.0559,0.0421,1.1027,0.0
whisper-medium-int8_beam5,C:\Users\dex\Desktop\repos\tts\results\quick_aug\augmented_audio\gain_-6db\test_00015.wav,test_00015.wav,C:\Users\dex\Desktop\repos\tts\data\processed\test\test_00015.wav,test_00015.wav,gain_-6db,27.495,long,про то как сейчас принято делать как раз таки в распределённых больших системах ну то есть мне нужно там логи посмотреть собрать их в кучу как это сейчас работает мы собираем логи с разных сервисов или мы с разных сервисов логи все сваливаем в одну кучу и смотрим там о это всё по разному работает минутка рекламы у нас даже есть отдельный продукт для логов под названием вектор который помогает тебе настроить целый пайплайн обработки своих логов,про то как сейчас принято делать как раз таки в распределённых больших системах ну то есть мне нужно там логи посмотреть собрать их в кучу как это сейчас работает мы собираем логи с разных сервисов или мы с разных сервисов логи все сваливаем в одну кучу и смотрим там о это всё по разному работает минутка рекламы у нас даже есть отдельный продукт для логов под названием вектор который помогает тебе настроить целый пайплайн обработки своих логов,"про то, как сейчас принято делать как раз-таки в распределённых каких-то больших системах. Ну, то есть мне нужно там логи посмотреть, собрать их в кучу. Как это сейчас работает? Мы собираем логи с разных сервисов или мы с разных сервисов логи все сваливаем в одну кучу и смотрим там? Ой, это всё по-разному работает. Минутка рекламы. У нас даже есть отдельный продукт для логов под названием Vector, который помогает тебе настроить целый pipeline обработки своих логов.",про то как сейчас принято делать как раз таки в распределённых каких то больших системах ну то есть мне нужно там логи посмотреть собрать их в кучу как это сейчас работает мы собираем логи с разных сервисов или мы с разных сервисов логи все сваливаем в одну кучу и смотрим там ой это всё по разному работает минутка рекламы у нас даже есть отдельный продукт для логов под названием vector который помогает тебе настроить целый pipeline обработки своих логов,False,0.0649,0.0537,0.0416,1.1429,0.0
whisper-medium-int8_beam5,C:\Users\dex\Desktop\repos\tts\results\quick_aug\augmented_audio\lowpass_4000\test_00015.wav,test_00015.wav,C:\Users\dex\Desktop\repos\tts\data\processed\test\test_00015.wav,test_00015.wav,lowpass_4000,27.495,long,про то как сейчас принято делать как раз таки в распределённых больших системах ну то есть мне нужно там логи посмотреть собрать их в кучу как это сейчас работает мы собираем логи с разных сервисов или мы с разных сервисов логи все сваливаем в одну кучу и смотрим там о это всё по разному работает минутка рекламы у нас даже есть отдельный продукт для логов под названием вектор который помогает тебе настроить целый пайплайн обработки своих логов,про то как сейчас принято делать как раз таки в распределённых больших системах ну то есть мне нужно там логи посмотреть собрать их в кучу как это сейчас работает мы собираем логи с разных сервисов или мы с разных сервисов логи все сваливаем в одну кучу и смотрим там о это всё по разному работает минутка рекламы у нас даже есть отдельный продукт для логов под названием вектор который помогает тебе настроить целый пайплайн обработки своих логов,"про то, как сейчас принято делать как раз таки в распределенных каких-то больших системах. Ну, то есть мне нужно там логи посмотреть, собрать их в кучу. Как это сейчас работает? Мы собираем логи с разных сервисов или мы с разных сервисов логи все сваливаем в одну кучу и смотрим там? О, это все по-разному работает. Минутка рекламы у нас даже есть отдельный продукт для логов под названием Vector, который помогает тебе настроить целый pipeline обработки своих логов.",про то как сейчас принято делать как раз таки в распределенных каких то больших системах ну то есть мне нужно там логи посмотреть собрать их в кучу как это сейчас работает мы собираем логи с разных сервисов или мы с разных сервисов логи все сваливаем в одну кучу и смотрим там о это все по разному работает минутка рекламы у нас даже есть отдельный продукт для логов под названием vector который помогает тебе настроить целый pipeline обработки своих логов,False,0.0779,0.0559,0.0403,1.1071,0.0
whisper-medium-int8_beam5,C:\Users\dex\Desktop\repos\tts\data\processed\test\test_00016.wav,test_00016.wav,C:\Users\dex\Desktop\repos\tts\data\processed\test\test_00016.wav,test_00016.wav,clean,21.398,long,вот пришёл запрос мы для него нашли пул кандидатов треков кандидатов и на самом деле из этого пула кандидатов правильный ответ если он даже есть там один или там несколько если там есть дубликаты этого трека в базе а всё остальное это вообще говоря другие треки но мы можем посчитать какая похожесть,вот пришёл запрос мы для него нашли пул кандидатов треков кандидатов и на самом деле из этого пула кандидатов правильный ответ если он даже есть там один или там несколько если там есть дубликаты этого трека в базе а всё остальное это вообще говоря другие треки но мы можем посчитать какая похожесть,вот пришел запрос мы для него нашли пул кандидатов треков кандидатов и на самом деле из этого пула кандидатов правильный ответ если он даже есть там один или там несколько если там есть дубликаты этого трека в базе а все остальное это вообще говорят другие треки но мы можем посчитать какая похожесть,вот пришел запрос мы для него нашли пул кандидатов треков кандидатов и на самом деле из этого пула кандидатов правильный ответ если он даже есть там один или там несколько если там есть дубликаты этого трека в базе а все остальное это вообще говорят другие треки но мы можем посчитать какая похожесть,False,0.0577,0.01,0.0329,0.7038,0.0
whisper-medium-int8_beam5,C:\Users\dex\Desktop\repos\tts\results\quick_aug\augmented_audio\noise_20db\test_00016.wav,test_00016.wav,C:\Users\dex\Desktop\repos\tts\data\processed\test\test_00016.wav,test_00016.wav,noise_20db,21.398,long,вот пришёл запрос мы для него нашли пул кандидатов треков кандидатов и на самом деле из этого пула кандидатов правильный ответ если он даже есть там один или там несколько если там есть дубликаты этого трека в базе а всё остальное это вообще говоря другие треки но мы можем посчитать какая похожесть,вот пришёл запрос мы для него нашли пул кандидатов треков кандидатов и на самом деле из этого пула кандидатов правильный ответ если он даже есть там один или там несколько если там есть дубликаты этого трека в базе а всё остальное это вообще говоря другие треки но мы можем посчитать какая похожесть,вот пришел запрос мы для него нашли пул кандидатов треков кандидатов и на самом деле из этого пула кандидатов правильный ответ если он даже есть там один или там несколько там есть дубликаты этого трека в базе а все остальное это вообще говорят другие треки но мы можем посчитать какая похожесть,вот пришел запрос мы для него нашли пул кандидатов треков кандидатов и на самом деле из этого пула кандидатов правильный ответ если он даже есть там один или там несколько там есть дубликаты этого трека в базе а все остальное это вообще говорят другие треки но мы можем посчитать какая похожесть,False,0.0769,0.0268,0.0328,0.7011,0.0
whisper-medium-int8_beam5,C:\Users\dex\Desktop\repos\tts\results\quick_aug\augmented_audio\noise_10db\test_00016.wav,test_00016.wav,C:\Users\dex\Desktop\repos\tts\data\processed\test\test_00016.wav,test_00016.wav,noise_10db,21.398,long,вот пришёл запрос мы для него нашли пул кандидатов треков кандидатов и на самом деле из этого пула кандидатов правильный ответ если он даже есть там один или там несколько если там есть дубликаты этого трека в базе а всё остальное это вообще говоря другие треки но мы можем посчитать какая похожесть,вот пришёл запрос мы для него нашли пул кандидатов треков кандидатов и на самом деле из этого пула кандидатов правильный ответ если он даже есть там один или там несколько если там есть дубликаты этого трека в базе а всё остальное это вообще говоря другие треки но мы можем посчитать какая похожесть,"Вот пришел вопрос. Мы для него нашли пул кандидатов треков-кандидатов. И на самом деле из этого пула кандидатов правильный ответ, если он даже есть один или несколько из дубликата этого трека в бане. А все остальное, это вообще говорят другие треки. Но мы можем посчитать, какая похожесть",вот пришел вопрос мы для него нашли пул кандидатов треков кандидатов и на самом деле из этого пула кандидатов правильный ответ если он даже есть один или несколько из дубликата этого трека в бане а все остальное это вообще говорят другие треки но мы можем посчитать какая похожесть,False,0.2115,0.0903,0.0345,0.7391,0.0
whisper-medium-int8_beam5,C:\Users\dex\Desktop\repos\tts\results\quick_aug\augmented_audio\speed_0.95\test_00016.wav,test_00016.wav,C:\Users\dex\Desktop\repos\tts\data\processed\test\test_00016.wav,test_00016.wav,speed_0.95,22.524,long,вот пришёл запрос мы для него нашли пул кандидатов треков кандидатов и на самом деле из этого пула кандидатов правильный ответ если он даже есть там один или там несколько если там есть дубликаты этого трека в базе а всё остальное это вообще говоря другие треки но мы можем посчитать какая похожесть,вот пришёл запрос мы для него нашли пул кандидатов треков кандидатов и на самом деле из этого пула кандидатов правильный ответ если он даже есть там один или там несколько если там есть дубликаты этого трека в базе а всё остальное это вообще говоря другие треки но мы можем посчитать какая похожесть,вот пришел запрос мы для него нашли пул кандидатов треков кандидатов и на самом деле из этого пула кандидатов правильный ответ если он даже есть там один или там несколько там есть дубликаты этого трека в базе а все остальное это вообще говорят другие треки но мы можем посчитать какая похожесть,вот пришел запрос мы для него нашли пул кандидатов треков кандидатов и на самом деле из этого пула кандидатов правильный ответ если он даже есть там один или там несколько там есть дубликаты этого трека в базе а все остальное это вообще говорят другие треки но мы можем посчитать какая похожесть,False,0.0769,0.0268,0.0314,0.707,0.0
whisper-medium-int8_beam5,C:\Users\dex\Desktop\repos\tts\results\quick_aug\augmented_audio\speed_1.05\test_00016.wav,test_00016.wav,C:\Users\dex\Desktop\repos\tts\data\processed\test\test_00016.wav,test_00016.wav,speed_1.05,20.379,long,вот пришёл запрос мы для него нашли пул кандидатов треков кандидатов и на самом деле из этого пула кандидатов правильный ответ если он даже есть там один или там несколько если там есть дубликаты этого трека в базе а всё остальное это вообще говоря другие треки но мы можем посчитать какая похожесть,вот пришёл запрос мы для него нашли пул кандидатов треков кандидатов и на самом деле из этого пула кандидатов правильный ответ если он даже есть там один или там несколько если там есть дубликаты этого трека в базе а всё остальное это вообще говоря другие треки но мы можем посчитать какая похожесть,вот пришел запрос мы для него нашли пул кандидатов треков кандидатов и на самом деле из этого пула кандидатов правильный ответ если он даже есть там один или там несколько там есть дубликаты этого трека в базе а все остальное это вообще говорят другие треки но мы можем посчитать какая похожесть,вот пришел запрос мы для него нашли пул кандидатов треков кандидатов и на самом деле из этого пула кандидатов правильный ответ если он даже есть там один или там несколько там есть дубликаты этого трека в базе а все остальное это вообще говорят другие треки но мы можем посчитать какая похожесть,False,0.0769,0.0268,0.0349,0.7105,0.0
whisper-medium-int8_beam5,C:\Users\dex\Desktop\repos\tts\results\quick_aug\augmented_audio\gain_-6db\test_00016.wav,test_00016.wav,C:\Users\dex\Desktop\repos\tts\data\processed\test\test_00016.wav,test_00016.wav,gain_-6db,21.398,long,вот пришёл запрос мы для него нашли пул кандидатов треков кандидатов и на самом деле из этого пула кандидатов правильный ответ если он даже есть там один или там несколько если там есть дубликаты этого трека в базе а всё остальное это вообще говоря другие треки но мы можем посчитать какая похожесть,вот пришёл запрос мы для него нашли пул кандидатов треков кандидатов и на самом деле из этого пула кандидатов правильный ответ если он даже есть там один или там несколько если там есть дубликаты этого трека в базе а всё остальное это вообще говоря другие треки но мы можем посчитать какая похожесть,вот пришел запрос мы для него нашли пул кандидатов треков кандидатов и на самом деле из этого пула кандидатов правильный ответ если он даже есть там один или там несколько если там есть дубликаты этого трека в базе а все остальное это вообще говорят другие треки но мы можем посчитать какая похожесть,вот пришел запрос мы для него нашли пул кандидатов треков кандидатов и на самом деле из этого пула кандидатов правильный ответ если он даже есть там один или там несколько если там есть дубликаты этого трека в базе а все остальное это вообще говорят другие треки но мы можем посчитать какая похожесть,False,0.0577,0.01,0.0328,0.7012,0.0
whisper-medium-int8_beam5,C:\Users\dex\Desktop\repos\tts\results\quick_aug\augmented_audio\lowpass_4000\test_00016.wav,test_00016.wav,C:\Users\dex\Desktop\repos\tts\data\processed\test\test_00016.wav,test_00016.wav,lowpass_4000,21.398,long,вот пришёл запрос мы для него нашли пул кандидатов треков кандидатов и на самом деле из этого пула кандидатов правильный ответ если он даже есть там один или там несколько если там есть дубликаты этого трека в базе а всё остальное это вообще говоря другие треки но мы можем посчитать какая похожесть,вот пришёл запрос мы для него нашли пул кандидатов треков кандидатов и на самом деле из этого пула кандидатов правильный ответ если он даже есть там один или там несколько если там есть дубликаты этого трека в базе а всё остальное это вообще говоря другие треки но мы можем посчитать какая похожесть,вот пришел запрос мы для него нашли пул кандидатов треков кандидатов и на самом деле из этого пул кандидатов правильный ответ если он даже есть там один или там несколько если там есть дубликаты этого трека в базе а все остальное это вообще говорят другие треки но мы можем посчитать какая похожесть,вот пришел запрос мы для него нашли пул кандидатов треков кандидатов и на самом деле из этого пул кандидатов правильный ответ если он даже есть там один или там несколько если там есть дубликаты этого трека в базе а все остальное это вообще говорят другие треки но мы можем посчитать какая похожесть,False,0.0769,0.0134,0.0349,0.7464,0.0
